# MySQL dump 5.13
#
# Host: obi-wan    Database: ens500b
#--------------------------------------------------------
# Server version	3.22.32

#
# Dumping data for table 'analysis'
#

INSERT INTO analysis (db, db_version, program, program_version, gff_source, gff_feature, id) VALUES ('swir','1','blastp','1','blastp','similarity',1);
INSERT INTO analysis (db, db_version, program, program_version, gff_source, gff_feature, id) VALUES ('PfamFrag','1','hmmpfam','1','hmmpfam','similarity',2);
INSERT INTO analysis (db, db_version, program, program_version, gff_source, gff_feature, id) VALUES ('vert','1','tblastn','1','tblastn','similarity',3);
INSERT INTO analysis (db, db_version, program, program_version, gff_source, gff_feature, id) VALUES ('dbest','1','tblastn','1','tblastn','similarity',4);
INSERT INTO analysis (db, db_version, program, program_version, gff_source, gff_feature, id) VALUES (NULL,NULL,'Genscan','1','genscan','exon',5);
INSERT INTO analysis (db, db_version, program, program_version, gff_source, gff_feature, id) VALUES (NULL,NULL,'RepeatMasker','1','RepeatMasker','repeat',6);
INSERT INTO analysis (db, db_version, program, program_version, gff_source, gff_feature, id) VALUES ('dbsts','1','blastn','1','blastn','similarity',7);

#
# Dumping data for table 'chromosome'
#


#
# Dumping data for table 'clone'
#

INSERT INTO clone (id, internal_id,embl_id, version, embl_version, htg_phase, created, modified, stored) VALUES ('AC021078',1,'AC021078',3,1,1,'2000-01-19 13:19:00','2000-03-07 16:13:03','2000-04-19 13:43:38');
INSERT INTO clone (id, internal_id,embl_id, version, embl_version, htg_phase, created, modified, stored) VALUES ('AP000609',2,'AP000609',3,1,1,'1999-10-23 22:05:52','2000-03-07 16:13:03','2000-04-19 13:44:00');

#
# Dumping data for table 'contig'
#

INSERT INTO contig (id, internal_id, clone, length, corder, offset, dna, chromosomeId, international_id) VALUES ('AC021078.00006',1,1,1222,5301,6,1,5,'international-dummy-id');
INSERT INTO contig (id, internal_id, clone, length, corder, offset, dna, chromosomeId, international_id) VALUES ('AC021078.00007',2,1,1059,6523,7,2,5,'international-dummy-id');
INSERT INTO contig (id, internal_id, clone, length, corder, offset, dna, chromosomeId, international_id) VALUES ('AC021078.00008',3,1,1141,7582,8,3,5,'international-dummy-id');
INSERT INTO contig (id, internal_id, clone, length, corder, offset, dna, chromosomeId, international_id) VALUES ('AC021078.00017',4,1,1055,18389,17,4,5,'international-dummy-id');
INSERT INTO contig (id, internal_id, clone, length, corder, offset, dna, chromosomeId, international_id) VALUES ('AC021078.00015',5,1,1093,16247,15,5,5,'international-dummy-id');
INSERT INTO contig (id, internal_id, clone, length, corder, offset, dna, chromosomeId, international_id) VALUES ('AC021078.00016',6,1,1049,17340,16,6,5,'international-dummy-id');
INSERT INTO contig (id, internal_id, clone, length, corder, offset, dna, chromosomeId, international_id) VALUES ('AC021078.00048',7,1,1685,58690,48,7,5,'international-dummy-id');
INSERT INTO contig (id, internal_id, clone, length, corder, offset, dna, chromosomeId, international_id) VALUES ('AC021078.00045',8,1,1862,54669,45,8,5,'international-dummy-id');
INSERT INTO contig (id, internal_id, clone, length, corder, offset, dna, chromosomeId, international_id) VALUES ('AC021078.00078',9,1,1830,130938,78,9,5,'international-dummy-id');
INSERT INTO contig (id, internal_id, clone, length, corder, offset, dna, chromosomeId, international_id) VALUES ('AC021078.00069',10,1,2013,98405,69,10,5,'international-dummy-id');

#
# Dumping data for table 'contigoverlap'
#

INSERT INTO contigoverlap (dna_a_id, dna_b_id, contig_a_position, contig_b_position, overlap_source, overlap_size, overlap_type) VALUES (4,6,1055,1,'UNORDERED',800,'right2left');
#
# Dumping data for table 'db_update'
#


#
# Dumping data for table 'dna'
#

INSERT INTO dna (sequence, created, id) VALUES ('TCCGATCCGCCTTACTAATTGCCGGATGCGGAGTGAACGCCTTATTCAGGTCTACCGATCCGGCACCAATGTAGGCCTGATAAGACGCGCCAGCGTCGCATCAGGCATACATGCACCAATTGCCGGATGCGGCGTAAACGCCTTATCCGGCCTACGGTTCGGACTATTTGTAGGCACGATAAGACGCGACAGCGTCGCATCAGGCATCATGCACCAATTGCCGGATGCGGCGTAAACGCCTTATCCGGCCTACGGTTCGGACTATTTGTAGGCACGATAAGACGCGACAGCGTCGCATCGGGCATGGTTTGCCAGATACGTCATAGATCTAAATGCCACTGAATAACAGTTTAGTTGCCGTTCTTCCCGCCTGTCAGGGGCGGGTTTTTTTATATCTCAGATAAATGCAAACGCATCGCCAAACAGGCGATCTTCCCGCGCATTACGCTCACTGCAAAACAGATCGCGGGCAATTTTCGCCATCTCAAAACGTCCGGCAATATAGATATCATGCTCTGCCAGCGTACCGTGATCCTGCAATACCGCCGTTAACACGGTGCCAGTACGCCCACGCCAGCCCGCTTCCGGTTGTTCAAACACCGGCACCACTTGCAGACCAGGATGCTTCAACGAAAGCGCCTCAAGCTCGCAGAGATCATACAGATGCTGCTCTTCACGCCCGCCCCAGTACATGGTGATATCACGGTTTGGGTTACGCGCCACCGCTGTCGCCAAATCGAGCGGGCATAAGAAACCCGTGGCCGCCCCGCATCACACTATCGGACGCTCTTATCATCGCGCACCCCGCTCTCCGTGGGGATGTTGACACGATTGGAGACTTGAGGATCGGCCAGATGCTTCGCGTAGGTGTTCCCAGCCCATTCGGTCATACCCTTTCACGGGTCACCTTGAAGGCTTGTGGCCCCATCAACCCACTTGCCCGAACACGGGTTGGAACGGACATTGACGAAGACAGGCATACCAGGCTGCTTGAAAAGACCCTGCCTGATCTGGTGTCTTCTTCCCTTTCCTAAATCTNTGNCACACCTACAGCCAGCACACACAGCACACTACAAACACACAAGCTACGACCACAGTAGAGAAAGCAAAACGAGACACCTAGAGAACGAGCAGTAGCATAGTGACGACTACATCAGACNGCAAACACACCACCACCAAGAACAGCAGACGACAAAACAGGAACAGCTAAGTCACGACGCAC','2000-01-17 21:20:18',1);
INSERT INTO dna (sequence, created, id) VALUES ('ATGACTGCACGGATCCGATAAAAAAGATGTGTAGGGGAAAGACTAGAAGCCCTGCCATGAAAAGTTCACCATTGCACTTGCTTACCTCCCTCCACTGCCACCCTTTGGGCAGGGGAATCTGGAGAGTGACTACTAGCCAGGACCACACAACACAACCAATAACCATAGCCTCCTTCTCTGTGTATAAGCCCCCCTTTTGACTTTCTGCAGAAGGACTAAATAGGGTTTGAAGCTTAGCATTTCCCACTGCTGTAGGGCTGGAATAAACAAGCATAGAAATAGCTAAACCATGCTTCTGGGGTCAGCTAGGCAAGAAAACCATAGAGTCTTGCCCAGTTTTCCTGGCTTGGTGCCTGAGGTGTGACTACAGTGAAATCTGCCAGTGGAACAGCCAACCAGGTTGTACATGCCATGTATCCAGTGGGATCTTTCTGCCTGTGTCAGCAACAGATCTCTCACTTCAAACACATTTTATGATCTATCTTAAAGAGTGCTTGTTCTAATGTTGGTTCATCTATCCATACCACAACCCCTCTACAAATTTCAACCAAAGCTTTATGTAGGGGGCAGTGATGAACAGGCCTTATTTCATCGATTCTGAGGATAGAGAGAGAGACTCAACCCTGCACTGCCTGAACTAAGCAGGAGAGCCACACAGCAGCGACTGACAGGTTGGCCACTTGAACCTGTAGGAGAAGACTGTTGTACGTTGGCTGGAATCAAGGCACTCTAATGGGTGTCTGTCTAAAGCTATTTGCCTAATAACTTGTGAAAGACTAATTGATCCTAGTCATTATTTCCTATCGGAAACACCAAGTTAACAACTATTGTCCAGTCATTTAACAGGGTGAACACCAAGGAGTCATCACCCAACAACACTGATAAATTCCCACAAAGCTATTTTACCCTGTGTTAAGAGAAATGGCCACAAACTAATGTACCCAGGGGGCTTACCTATCCGATGGATCAATACCAGTTTTTCAATGGTGCCGGCAGGCACAAATCCTCCGTTGGGACCTCCTGAGACGCGGGTTTTGTCACTTAAACCTGGGGGTGGAA','2000-01-17 21:20:18',2);
INSERT INTO dna (sequence, created, id) VALUES ('CATAGCCTGTACGCATCTATTTCGTGGTCGAGTGTTGTGGCTGTTGCTTGCATAATCTTTTCTTATTTTTTGGCTAACGAATAGCCATATTACGCACAGCAAAAGTGATATTTCAATGTGTAACAAATCGCGGAAATGGTCAAAAATCAGGCAAAAAGGGGATAATGTTTAGGCCAGTGATTTTTCTTCTATGAAATGCTTCACATAATTTTATAAATAGTGGATAAAACTGGTTTCAGGTTAAATAAAAGTTACCAACTGGATTTATATGCTGGGGTTATGAGTTGGAATGAAATTGTTTGCTCCCAAATAGATGGCTGAAGAGGCTCTGGGGACGAGTTTCAAGAGGTTATGTGCGCATTATAGCCGGATGCGATGCTGGCGCATCTTATCCGGCCTACGGGGAGCCAGGCCGAATAAAATCGTATGCCGGATAAGGCGTTTACGCCGCATCCGGCCTATTTTAAGGCTGCGTTTTCCCCGGCATTCGCGGGTCGTCTTTATATTCGGCGGTGGCAATCCACGCCGCGCAAAACAGCGTCAAACGGGCGAAGAAGTAGAAAAATGCCATCAGCCCCAGCACGGAACCAAATGCTGCGCCAGAGGGGGATTTCATCAACGATGGCAGGGTGTAGGTCATCACGATTTTAATCACTTCAAAACCAATAGCAGCCAGAAATGTTCCGCGAATCAGGGCTTTATTGCGCGGACGGTGGCGCTGGAAACGCCAGAAGATTCCGAAGACAAGCCATTGTTGGCGAAGATTTGAATGGCAGGTCATTAATCGCAAGTTGGTTCAACCTCATGCTGTCAGTGTCGGACCATAATATTGCTGGCGACCGGACCGGTGACAAGGTCATTGCATCACACATTGAATATTGGAATTTTCAAATTCAATGGGAGTCAATGCAGGAATTTCGTCCACTTCGAAGCGGGACCAACTATGGAGTAGGCGATCATTCCTTTTACCCATATTAATTTCTTTGCCCACATATAACGCTGCAACTCACCACCACAAACCTGTCATCCATCAGCCACTACCAACACATCCGTAACTAACAGCGATGAAACCCAGCTCTGTAAACGCCAACCACACTCATCCTGCGCCAACTTGTCCTACTTCTACCATCTTCTCACTCTC','2000-01-17 21:20:18',3);
INSERT INTO dna (sequence, created, id) VALUES ('GCACGGATCCTTTAGTTTTGGTTCGTTCAGCAGTATCTGCTTCTGCAAGGTAGGCACACGTGGGCTAGTAGCATAGAGTTTTTTTGCCTTACAAATTTGGACTCTATCAGAGAGTAACCTAAATTATTCTTTGTTTTAAGATGTGTATGTGTTCTGTAAAGAGGCAGCCAGGAATGTGTAGGGGTAGGTCTGCTGGATGGAGAGTGATATTTTGTTATGATTCTGTGTGTTCAAAGAGGAGTCTGAGAATAAGACATCTTCTGTTATAACAGATTAAATTAAGTGGAGGAGTCATCTCTTTACATCTCTAGTATTTTAGGTTATGTTCTTACTTTCTCTTTCTCGATATAATATCCTTAGCCCTAAACCAGGAAAAGTAGAAGAGCATATAAATTTATTGTAGATTCCTAAGGGGTTTCTAGGGAGTTCTGATCTGTGGGCCACCCAAAGCATAAGAAGCTTCCACTCCAAGTAGATATTAATAAACTTTTATTTTTAGATTTTGCTTTTATAATATCTGTAGCACAACGTCAATCTTAGTGGAATAGACCAGTATTTCCCTAATATTGAAGTTTTTAGATATTGATTTTTTAGATAGTTTATATCCAGTCTCCATGAGTTCTACTATGCAATGCCATGTAATCAACTTTCTAGCAATGTTCTCAATGTAATGCCATCTGAAGCCCTTTTACTACATTATCTTTTTACAGAAAATATTCTTTGAGAACTTATACATGTGATTAATTAAGTTATCTGATAAGTTTGAGTTTTTATGTTATGAAGATAGGGATCACTTTGATCGGAAACATCAGTTAGAGATACTAAAAAGCTCCTACAATCTGACTTTTTAACTATTTGACGTTACTACTATTGACGGCGTCAGACATATATGCAATTGAATAACTCATACAAAGCTTATCACACTGGTCTTTGCTGCAATTTTGCCAGGGTGTTGCCTGGCTTTAGGACACTCTCCATACTACCCTGCATCACTGGTTGCAGTGGTGGGTGGTGGGTACCACATGTGACGTCCAGCTGCTAGCTGCAGCCAGCCG','2000-01-17 21:20:18',4);
INSERT INTO dna (sequence, created, id) VALUES ('AATCAGCTCGGTACCTCATACGCCTGAAGTGCAGGCATACGCATCGCCCGGGTGACTGCGCCAGTAAATAACAAAATATCGGCGTGACGCGGTGATGAAACAACCTTAATGCCAAAACGTTCTGCGTCGAATACTGGTGTAATGGCAGCAAAAATTTCGATTTCACAGGCGTTGCAGCCGCCGCAATCGACGCGATAAACGTAAGCCGAGCGACGGATATCCTGTAGCAAATGCCGCTTCATCTTTTGCGTTTGCTCGTCCAGCGTGATGGGCTGGCTGACATGTTGTGTAAGCACTGGACTCATAGCTGCTCCTTAGCCACCAGCAGTACATCTGTATCGTCGTTGATCAGCGTCGCGCGTTGTTTGCATTCCGGGCAGACGCTCGCTTGCGCCCACAACATTTCGCGGTTTTGTGGCGCATTTTGTTGCTGTGCTAACAATTCAGCAGCCAGTGCGATGGTTTTTTGCGGGGCAAACGGGCGTTCGCAACGGCTGCAACGTTGTAGATGGAACGTCGCGCGGGTATAGAGATCGGCTTTATTGGTGACGGTCAGTTCAAAGTTATTGGTAAGCTGGATGGCTCTGGTCGGGCACACTTCTTCACAACGTCCGCAGTAAATACAACGCCCCAGATAGAGCTGCCAGGTGCGCGAATTTTGCTGGTCGTCGGTCTGGATAGTCAGCGCATTTGCCGGACAAGCACAGGCGCCGGCACCGCAGGCAATACATTGGCTGGGCATCCAGGTCCGTTATCCGCGAAAAGCCAGGACTGACTCCAGTGGCGCGAAGGATTTTCACGGCGCGGTCCGCCCCCTAGTAGTTCAGACTTCGCTTTTCGCCTATTAAGGCGACGTCCACCATGCCAGTCGACCTTATCGCCCGTTGACGGGTGACATCTACCGTAGGCGGAAGATACAGACGGACCAAAGGGCTCAAGTCCCCATACACGGCAGGTTGGCCGCGCATGGTACACACGTTGGCACCGTTTTCTCCTGTGGATTCCCCCTCCCTTCTCNTTTTTCACAACAGACGAGTGGAGCAACCTAGCAACAGGAACACAAGAAGAAAAGCAGCGACCAAAAAAACCGACA','2000-01-17 21:20:18',5);
INSERT INTO dna (sequence, created, id) VALUES ('TTTGGGAGGTGGAGGTATAAAAATGTTTCAGCAAAATTCGGAAGCATTGATTTATAAAAAATAANNGCTTTTNNNCAGGGNANAANGNCTNNNCCCGGGAGGGCATNNTNCGGGANTNANGATTNCACCGGGGAATTNNCTGCTAAATTAGAAACATTACACCGAAATGTCTGATTTTCCTTAAAAAAAAAGAAAAAAGAGCCTTTTGTTGAGTTTCATTTATAAAGTGTATGAAAAATTTTACTAAGTCCTACCAGATCCCAGCTTTTAAGAGTTGCTATCTAATCAGTGAAAACATATTAGGCTAGCTAGTAAAAAAAATGCCATAGTCTTTGAGCTTAACCATATCTTTCTGATTATGGTTAAGTGAAAAATTTAGCCTGGCTCAGAGCATGACCCAGGGTTAACTGGGGAGTCTTAACTTTAGGTCCATATAGCTTCTATGGGAGAATCTGTATCTGATCACTAGGGGCTGTAGGTGTCCTGTGTTTTATTACATAGTTAAGCTACAGTTTGGTAGTGATGGGCGGGCGCGGAGCCACTCGCCAGATGATTACCCTGCTCAAAGGGTGGCCGTGGCGGTCGGTACTCCAGTGGACGGGTGAAAGTTTCCTGCCAGTCCTTTCTAGGTTGTTTCCCGAGTACACATCTATTTTAATCTTGTTAATGCAGGGCGAGGAGGCGCTAGTCATTAACCTGCATCACTTGTGGCAGTGGCTTGTGTTACACAAGTTCACTGGTGGAGGTGGAAGCGGAGTGCCTTGTAGGCTCCTAAGCTCACCTGCAGGGCTCTTGTGGGTTTCACCGACACTTTTTTTTTTTTGGAAGTGATTGGAAACGGCTGTGGGTTGTCACCACGACAGGTGGTTAGGATGCTTTCTTCCTTAGTTATAACTGCTTCTGTGTGCTCCTACCAATCTCGTGCCTTAGTGAGGTATTTTGAGACTTGGAACTGAGGGACGTATAGTGTTAGCCACTGACTTTTTAAATTCTTTGAGTTATTAGTTGTTATGGATTTTGAATTCCGCGGTTCAACTTGTTGCTTAGGC','2000-01-17 21:20:18',6);
INSERT INTO dna (sequence, created, id) VALUES ('CTGGTGGATAGCATTTGTCGCCATTTCCCCGGCAGCGAGTTTCTTACTGGCGGTGATTTAGGCTTAACGCCAGGACTGAATCAACCGCGCGTTACCCAGCGTGTGGAACAGGTGCTGGCTGATGCATTTCACGCACAGGCTGCGGCGCTGGTGCAGGGCGCGGGGACTGGCGCGATTCGCGCCGGGCTGGCGGCTTTGCTCAAACCGGGGCAGCGTCTTCTGGTGCATGACGCGCCTGTTTACCCGACGACACGGGTTATTATTGAGCAGATGGGGCTGACGCTTATTACTGTTGATTTCAATGACCTGTCGGCACTGAAGCAGGTCGTCGACGAGCAACAACCGGATGCGGCGCTGGTGCAGCATACGCGCCAGCAGCCGCAGGACAGCTACGTGCTGGCAGATGTGCTGGCAACGTTGCGCGCGGCAGGTGTTCCAGCGTTAACCGATGACAACTATGCGGTGACTGACAGGTGCGCTCGAATCGGCTGTGAATGCGGCGCGAATGTCTCGACATTTTCCTGCTTCAAGCTATTTGGGCCAGAGGGTGTTGGTGCAGTGGGCCGGGCGATGCTGATGTTATCAACCGTATTCGCGCCACGCTTTACTCCGGCGGTAGCCAGATCCCAGGGCGCACAGGCGCTGGAAGTATTGCGTGGTCTGGTGTTTGCGCCAGTGATGCACGCGGTGCAGGCAGGGGTATCTGAACGGTTGCTGGCTTTGCTTAACGGTGGTGCGGTGCCGGAAGTGAAAAGCGCGGTGATTGCTAATGCGCAGTCGAAGGTGTTGATTGTCGAGTTTCATCAGCCGATTGCCGCCAGAGTGCTGGAAGAGGCGCAAAAGCGCGGTGCCTTGCCTTACCCGGTGGGTGCAGAGTCGAAATATGAAATCCCGCCGCTCTTTTATCGCCTTTCCGGAACGTTTCGCCAGGCGAATCCACAATCAGAACATTGTGCGATTCGCATTAACCCGAATCGCAGCGGTGAAGAGACGGTGCTGCGGATTTTGCGTGAGAGTATTGCCAGTATTTAATGCTGGATAGCACCGTCAAGCTAAATTCCGTACTGAACGGTCCCCTCGCCCCTTTGGGGAGAGGGTTAGGGTGAGGGGAACGTACGGGATGTAAAATTCAACGCGCCAGCATCGCCGGATGCGATGCTGGCGCATCTTATCCGGCCTACGGTTAATGTCTTTTATTATCAATAGTTAAGGTGATGCGATTGGCGCGGCAGAAGAGTTCGGAGACGTGCACCGGTTTGTCATTCTGATCAAAGGCGATTTTGCTGATGCGAAACAACGGTTCGCCCAGTTCGCATTTCAGCCATTTTGCCTGCGGGCGGGTGGCGGCAAAGATATCGATGGTCTTTTTGTCGCTGACCACTCGCGTGTCAAAACGCTCCTGAAATAACTGATAGGTGGAGCTTCCTTCGACGTAAATCTCATCAAAGTCAGGATAACGCGACAGCGGGATCCATGAACTATCAATAAACAGCGGCTCTTTATCGAGATACATCACCCGGCAGAGATGGAACACTTCGCTGTTTCCGGGGATGTTCAGCTTTTCGCAAAACGGCGCGGCGCTGACCCGTTCCTGTTCGATCACTTTCCTCTTCGGTCGCCTTGCTTGTGAAACGCCAAATCGGTAAACCCTTGAAGTAACACGGGGTTTCACCTTCTGGGTTGTC','2000-01-17 21:20:18',7);
INSERT INTO dna (sequence, created, id) VALUES ('CGGATGCAGCAGCTGCTGCTGTATGTGACTCTAAGGATCCCGTACGCTGAACTGGATGCGTTATACCGCCGGGTTACGACCAAAATCGCGGGTAAAACGCTGGACTTGTCGATTCCCTTACCCCAGGGGCGCGTTATCAGGCCTGGACGCGTAAAGAGCCGGTTGGCGTAGTGGCGGGAATTGTGCCATGGAACTTTCCGTTGATGATTGGTATGTGGAAGGTGATGCCAGCACTGGCAGCAGGCTGTTCAATCGTGATTAAGCCTTCGGAAACCACGCCACTGACGATGTTGCGCGTGGCGGAACTGGCCAGCGAGGCTGGTATCCCTGATGGCGTTTTTAATGTCGTCACCGGGTCAGGTGCTGTATGCGGCGCGGCCCTGACGTCACATCCTCATGTTGCGAAAATCAGTTTTACCGGTTCAACCGCGACGGGAAAAGGTATTGCCAGAACTGCTGCTGATCACTTAACGCGTGTAACGCTGGAACTGGGCGGTAAAAACCCGGCAATTGTATTAAAAGATGCTGATCCGCAATGGGTTATTGAAGGCTTGATGACCGGAAGCTTCCTGAATCAAGGGCAAGTATGCGCCGCCAGTTCGCGAATTTATATTGAAGCGCCGTTGTTTGACACGCTGGTTAGTGGATTTGAGCAGGCGGTAAAATCGTTGCAAGTGGGACCGGGGATGTCACCTGTTGCACAGATTAANCCTTTGGTTTCTCGTGCGCACTGGGACAAAGTGTGTTCATTCCTCGACGATGCGCAGGCACAGCAAGCAGAGCTGATTCGCGGGTCGAATGGACCAGCCGGAGAGGGGTATTATGTTGCGCCAACGCTGGTGGTAAATCCCGATGCTAAATTGCGCTTAACTCGTGAAGAGGTGTTTGGTCCGGTGGTAAACCTGGTGCGAGTAGCGGATGGAGAAGAGGCGTTACAACTGGCAAACGACACGGAATATGGCTTAACTGCCAGTGTCTGGACGCAAAATCTCTCCCAGGCTCTGGAATATAGCGATCGCTTACAGGCAGGGACGGTGTGGGTAAACAGCCATACCTTAATTGACGCTAACTTACCGTTTGGTGGGATGAAGCAGTCAGGAACGGGCCGTGATTTTGGCCCCGACTGGCTGGACGGTTGGTGTGAAACTAAGTCGGTGTGTGTACGGTATTAATCTGGTTCGCTCATAAGTAAAAAACGGCACCTGGTGCCGTTTTTTTGTCTGAAACAATCACTTATCTTTCTTCAGCGCCCCTAGCGTTGGCGTTTCGTCAAAGAAGTTCCATGGTTTCAGCAGAGTATGTACCCATTCGGTCGGCATAATCGGCCACTCTTCGGCGCGGGCCACATGTGTGGTGCCGGTGGTCATCCAGACAACGGCGTCGGTGTTGTCCAGCGACTCGTTATCCTTACTGTATTGTCCAAGACCGGTGTCATGGAGTAGAAACGGTTCGGATATTTGCCTTCCGGGAAACGCTCGCCAGGATGATAACGCGTTACCCAGAGCTGCTTGTCCATAAAGCTTAAACGATGATAGATCCACTCGTCCGGCGCGAACTGGGCACCTTTTGCTACCGGGTGAGTACCACCTGCATAAGGAATAATTTGATAGGAAACCGGATTGCCCATGCGGTTCTCTTTGTTCGGGTTACTCAACAGACGAATCGTGCCCGGATCAAATTTCTGTGCGGCATCCTGTTCATTGCCGATGTTGTACTGATTAACTTGCATGGTACTGGTGCGTGGGCCACCGGCAGTATTCGGTTTACCACTGGGTCCATCGCCACAGGCTGTTATCTCGGCATCTAATCCACAATCGAGGGGAGATTTAACTCTGTTCGCGTGTAATACCCCCGACAATGTG','2000-01-17 21:20:18',8);
INSERT INTO dna (sequence, created, id) VALUES ('CACTTGTCGTATGAATCCGGTATTGGCGCTCCGGACGGGCAGTTCGGGGGGAACGAGCTCTCTGCCCTGCAAGGTGCGTTCGTCCATCTCCGTTCAGTGTATCCATCTGCGAGTGCATAGTGTTTGCGCCTCGCAACCCGTTGGGTGTTTGGCGGTCTGGATACCGGGTTTGCGGCTGGGACGGTTCTGGTGTGCGCTCGTGGGTGCAACCTGGGGGTTTCGCCAGGATACAAATATGACCAGACGGGAAACGCCTCCACAGTCAAGTGCGACGTAAAAAGAGTAGCACGACTGGGGGGCGGTGCCATAGGTTTTTCGCCTGCTTCGCGGCCAAAAATCGGAACCAGGCCAAAAGCAGGCCAAAAGCACTCTAGAACAAACCAGCGAATACCCCAGTAACAGAGGTATTCCGATAATCCGCCAAAGTGAGTGCAGTATCCGCACGCCGCTGCCGTTCGTCCGTGCGCTGCGTGACTGAGTGCGTGGTTGCGGTTGTGCGCCCTTATCGCTTTCCGCCACACCCCGCGCGAAGGCCGTAACTAATTAGCTGCAGGCTCGTCTGGAAACCCGTCAGGTTTGCGGGCTGAGTGCGCTTCGCTTAATTAGAGTGAATGCACTCACTAATGGCTCCCCTGGCAAATCTCAAATAGCAACCGGCACGATAGAAGAGAGGTTAAGAGTGCGGTATTCTTAAACTCTCTGGTTTCTGCATAGTCCTAGTAATCGTTAACGTGCACGGATCCCCCGAGGACCCTGACAGTAATACTGTCCGTCGTATACGTGAGGGTCCGAGGACCCTGTCATTATTACTGTCCGTCGTATCGTGAGGGTCCGAGGACCCTGTCATTATTACTGTCCGTCGTATCGGGGTACCACATGTGACGTCCAGCTGGCTAGCTTGCAAGGCTCAGGCCGACGAAAATCTTCGACGAGTCAGGGTTTTCCCAGGCGAATCCCTTCAATTACGCCAAGCTGCTCTACCCCCAAACGCCTGCAGGCGATTATGCGTTGTGGCCCGCTCCGTACGCCCAACCCTTCTGAAGCGCTGCCAGTTAGGCGTTAGGCGCCAGTAGCGGATAAAACACCAATCGCTACAGAGCGGATAAACTCTCCGCTATAGGAGCTCACACTGATCTTACAGCACAGTAGCCGCTATGAATTGCCTGCCCCGTCTCCCGCCTTCTCCCGCAGTCGCGCCCAGTCGGGCAAGACAGCACCCGGCTACCGCAATCTGTCTTGCAGAGTCCGACACCGGGTGCAGCTAGAGACTGTGGAAAACTCCGACTACTCCGTTTCGCGCGTGTCGTTTGGGCCACGAGTATCGCCATAAAAATATGGAATTAGACTAGTATTATTAGGAAACAATGTCGACTGGAGGCTCAAAACGGGGTTTAGAGCGCGGTTCCCCATAAAGAAATAGAAACATTTATCTAACTTTATAGATACCGCACTAGTGTCTTATTCCCAGTATTTAGCAACTTATTATAAGTTTTTGGTTGTGATAGTGATAACTTCTAAACCGAGACGCCCAATAACCCAAAAAAGCGGCTAAAAGCCAACCAGAAAAAGCACTCCCTGTTTCGCAGGAGTTTGATTTGTAGCAGTGTACGCAGGGAGCCTTAGGATCTAGTTAGGAAATTCTGGGTGTACCAGTTTATACGCCGTGTTGAACCTAGCATCCGAATTGACAGTGAGGTCGTATACCATGTGCCGGTTTCCGGCGGTATTTACTGGTGGGAGACCGCGTGCAACGGACCTTTACGGGGCTGTTAGCCAATTCGCGTCAACGGAAAACGCATCCCACGAACACNTGTACTCGAGCGGCGTGTG','2000-01-17 21:20:18',9);
INSERT INTO dna (sequence, created, id) VALUES ('GCATAGGGACCCGTCGTGATAACTGAACACAAGTTAATGATGAAAGTTATGAAGACACTCATTCTTGACAGCAAAAATCCCTGGTGAACAGTGACAGATCATGAGAAAACCAAGACTTAATGATATTTTAGGTACAGCTTAAATATACTTTAAAACAAAATGATCTAGCCAGGTGCGGTGGCTCACGCCTGTAATCCCAGCACTTTGGGAGGCCGAGGCAGGTGGATCACTTGAGGTCAGGAGTTCGAGACCAGCCTGACCAATATGGTGAAACCTCATCTCTACTAAAAAAAATTAGCCAGGCATGGTGGTATATGCCTGTAGTCCTAGCTACTCAGGAGGCTGAGGCAGGAGAATCACTTGAACCTGGGAAGTGGAGGTTGCAGTGAGTCAAGATCACGCCATTGCATCCCAGCCTGGGCAACAGAGAAAGACTGCATCTCAAAAAAAAAAAAAAAAAAAAAAAAAGATCTAGGTCCAGAAATGACTAAAGCCAAGGATCCTTGATCCCTGGGCCACTGACCGGTATCCAGTATAGAAGCGAAGTGAAGCTTCATCTGTATTTACAGCCACTCCCCAAAGCTGGCATTACCGCCTGAGCTCAGCCTCCTGTCAGATCAACAGAATTAGATTCTCATAGGAACGCAAACCCTGCTGTGAACTGCACATCAGAGGGATCTAGGTTGTGCATTCCTTATGAGAATCTAATGCCTGACGATCTGTTACTGTCTCCCATGACCCCCAGATGGAAGCAGGTAGTTGCAGGAAAGCAAGCCCAGGGCTCCCATTGATTCTACATCAAGGTGAGTTGTATAATTATTTCATTATATGTTACAATGTAATAATAATAGAAATAAAGTGCACAATAAATGTAATGCACTTGAATCATCTCAAAATCATTCCCACCCCCACCCCACCCCCTACTTGCTCCAGTCTGTGGAAAAACTGTCTTCCACGAAACCTGTCCCTGGTGCCAAAAAGGCTGGGGACCACTGACTAAAGCCAAGGAATAACCCACATACTTTACATGGGTTCAAGCATTTACTCCGAAATGAGATACAAATTTATATATATATATATATATATATATATATATATATATATATATATATGTATATATATATATATATATATATATATATATGTATATATATATATATATATATTTTTTTTTTTTTTTTTTTTTGAGACAGAGGCTCGCTCTGTCACCCAGGCTGGAGTGCAGTGGCATGATCTCAGCTCACTGCAACCTCTGCCTCCCGGGCTCAAGCAATTCTCCTGACTCAGCCTCCCAAGTAGCTGGGACTACAGGCACACACCACCATGCTTGGCTAATTTTTGTATTTCAGTAGAGATGGGGTTTCACCATGTTGGCCAGCCTGGTTTCGAACTCCTGACCTCAGGTGATCCGCCCGTCTTGGCCTCCCAAAGTGCTGGGATTACAGGTGTGAACCACTGCGCCTGGCCACAAATTAATATATTTCCGAGCAGAGCTTTTCTATCACTGTCAATCCACAGATTCGAAGGGAGAATAAGAACACCCGTGAATCGTAAGCAGTCTAATTTAAGATATCAAATTGAGAGTTACCTTATACTTTATGTAAGGAGCTCTTCTAGGCTTGCTCTATTGAGGGCATAGAAGTGCCGAAGCAACGTTGATATGAAGTTAACAGCGAGTGGCCTCGTCCAGGTAGTCAAATGTAGAACTGATAGTGAGAGATGTAGTGAGAAGGGTCATGTATTGTGACCTTATGGACCATTAAGCGCGTGTATCAATAGCATTCTCNAGAAAGGAACTGGTAAGTTAGTGACACGTCCTAGCTAAACTCCCCGTGAAAGATTCAACGAGTGCTAAGTTTGCTATTAGTTAGGGACATAGGTGCTAGTAATAGCATTCCTTCCTTAACCAGTAGTAAGTTCCCAAGGCTTCTAATAGTACTTGGCTTAACCCCTAAGACCAATTCACTTTTAGCATATAGTCCTCAATCAAGGCCAGGTATTCACAGCAGACTC','2000-01-17 21:20:18',10);

#
# Dumping data for table 'exon'
#

INSERT INTO exon (id, contig, version, created, modified, stored, seq_start, seq_end, strand, phase, end_phase, sticky_rank) VALUES ('ENSE00000083516','3',1,'2000-01-18 01:06:47','2000-01-18 01:06:47','2000-04-19 13:43:58',464,781,-1,0,0,1);


#
# Dumping data for table 'exon_transcript'
#

INSERT INTO exon_transcript (exon, transcript, rank) VALUES ('ENSE00000083516','ENST00000021073',1);
#
# Dumping data for table 'feature'
#

INSERT INTO feature (id, contig, seq_start, seq_end, score, strand, analysis, name, hstart, hend, hid, evalue, perc_id) VALUES (1,'1',908,914,356,-1,'1','blastp',122,123,'SW:UBIB_ECOLI',0.0,0);
INSERT INTO feature (id, contig, seq_start, seq_end, score, strand, analysis, name, hstart, hend, hid, evalue, perc_id) VALUES (2,'1',533,725,356,-1,'1','blastp',123,187,'SW:UBIB_ECOLI',0.0,0);
INSERT INTO feature (id, contig, seq_start, seq_end, score, strand, analysis, name, hstart, hend, hid, evalue, perc_id) VALUES (3,'1',222,239,356,-1,'1','blastp',188,193,'SW:UBIB_ECOLI',0.0,0);
INSERT INTO feature (id, contig, seq_start, seq_end, score, strand, analysis, name, hstart, hend, hid, evalue, perc_id) VALUES (4,'1',908,914,321,-1,'1','blastp',123,124,'TR:P94148',0.0,0);
INSERT INTO feature (id, contig, seq_start, seq_end, score, strand, analysis, name, hstart, hend, hid, evalue, perc_id) VALUES (5,'1',533,725,321,-1,'1','blastp',124,188,'TR:P94148',0.0,0);
INSERT INTO feature (id, contig, seq_start, seq_end, score, strand, analysis, name, hstart, hend, hid, evalue, perc_id) VALUES (6,'1',222,239,321,-1,'1','blastp',189,194,'TR:P94148',0.0,0);
INSERT INTO feature (id, contig, seq_start, seq_end, score, strand, analysis, name, hstart, hend, hid, evalue, perc_id) VALUES (7,'1',908,914,228,-1,'1','blastp',122,123,'SW:UBIB_PHOLU',0.0,0);
INSERT INTO feature (id, contig, seq_start, seq_end, score, strand, analysis, name, hstart, hend, hid, evalue, perc_id) VALUES (8,'1',533,725,228,-1,'1','blastp',123,187,'SW:UBIB_PHOLU',0.0,0);
INSERT INTO feature (id, contig, seq_start, seq_end, score, strand, analysis, name, hstart, hend, hid, evalue, perc_id) VALUES (9,'1',222,239,228,-1,'1','blastp',188,193,'SW:UBIB_PHOLU',0.0,0);
INSERT INTO feature (id, contig, seq_start, seq_end, score, strand, analysis, name, hstart, hend, hid, evalue, perc_id) VALUES (10,'1',180,215,53,-1,'1','blastp',11,22,'TR:P77351',0.0,0);
INSERT INTO feature (id, contig, seq_start, seq_end, score, strand, analysis, name, hstart, hend, hid, evalue, perc_id) VALUES (11,'1',81,152,115,-1,'1','blastp',33,56,'TR:P77351',0.0,0);
INSERT INTO feature (id, contig, seq_start, seq_end, score, strand, analysis, name, hstart, hend, hid, evalue, perc_id) VALUES (12,'1',533,719,157,-1,'1','blastp',90,152,'SW:UBIB_VIBOR',0.0,0);
INSERT INTO feature (id, contig, seq_start, seq_end, score, strand, analysis, name, hstart, hend, hid, evalue, perc_id) VALUES (13,'1',237,239,157,-1,'1','blastp',153,153,'SW:UBIB_VIBOR',0.0,0);
INSERT INTO feature (id, contig, seq_start, seq_end, score, strand, analysis, name, hstart, hend, hid, evalue, perc_id) VALUES (14,'1',533,713,128,-1,'1','blastp',131,191,'SW:LUXG_VIBFI',0.0,0);
INSERT INTO feature (id, contig, seq_start, seq_end, score, strand, analysis, name, hstart, hend, hid, evalue, perc_id) VALUES (15,'1',237,239,128,-1,'1','blastp',192,192,'SW:LUXG_VIBFI',0.0,0);
INSERT INTO feature (id, contig, seq_start, seq_end, score, strand, analysis, name, hstart, hend, hid, evalue, perc_id) VALUES (16,'1',533,719,125,-1,'1','blastp',129,191,'SW:UBIB_VIBHA',0.0,0);
INSERT INTO feature (id, contig, seq_start, seq_end, score, strand, analysis, name, hstart, hend, hid, evalue, perc_id) VALUES (17,'1',237,239,125,-1,'1','blastp',192,192,'SW:UBIB_VIBHA',0.0,0);
INSERT INTO feature (id, contig, seq_start, seq_end, score, strand, analysis, name, hstart, hend, hid, evalue, perc_id) VALUES (18,'1',581,719,97,-1,'1','blastp',130,176,'SW:UBIB_VIBFI',0.0,0);
INSERT INTO feature (id, contig, seq_start, seq_end, score, strand, analysis, name, hstart, hend, hid, evalue, perc_id) VALUES (19,'1',533,575,53,-1,'1','blastp',177,191,'SW:UBIB_VIBFI',0.0,0);
INSERT INTO feature (id, contig, seq_start, seq_end, score, strand, analysis, name, hstart, hend, hid, evalue, perc_id) VALUES (20,'1',237,239,53,-1,'1','blastp',192,192,'SW:UBIB_VIBFI',0.0,0);
INSERT INTO feature (id, contig, seq_start, seq_end, score, strand, analysis, name, hstart, hend, hid, evalue, perc_id) VALUES (21,'1',533,719,113,-1,'1','blastp',128,190,'TR:O85219',0.0,0);
INSERT INTO feature (id, contig, seq_start, seq_end, score, strand, analysis, name, hstart, hend, hid, evalue, perc_id) VALUES (22,'1',237,239,113,-1,'1','blastp',191,191,'TR:O85219',0.0,0);
INSERT INTO feature (id, contig, seq_start, seq_end, score, strand, analysis, name, hstart, hend, hid, evalue, perc_id) VALUES (23,'1',533,719,99,-1,'1','blastp',127,189,'SW:LUXG_PHOLE',0.0,0);
INSERT INTO feature (id, contig, seq_start, seq_end, score, strand, analysis, name, hstart, hend, hid, evalue, perc_id) VALUES (24,'1',237,239,99,-1,'1','blastp',190,190,'SW:LUXG_PHOLE',0.0,0);
INSERT INTO feature (id, contig, seq_start, seq_end, score, strand, analysis, name, hstart, hend, hid, evalue, perc_id) VALUES (25,'1',533,722,88,-1,'1','blastp',125,188,'SW:LUXG_VIBHA',0.0,0);
INSERT INTO feature (id, contig, seq_start, seq_end, score, strand, analysis, name, hstart, hend, hid, evalue, perc_id) VALUES (26,'1',237,239,88,-1,'1','blastp',189,189,'SW:LUXG_VIBHA',0.0,0);
INSERT INTO feature (id, contig, seq_start, seq_end, score, strand, analysis, name, hstart, hend, hid, evalue, perc_id) VALUES (27,'1',680,719,39,-1,'1','blastp',222,235,'SW:ASCD_YERPS',0.0,0);
INSERT INTO feature (id, contig, seq_start, seq_end, score, strand, analysis, name, hstart, hend, hid, evalue, perc_id) VALUES (28,'1',533,629,80,-1,'1','blastp',251,283,'SW:ASCD_YERPS',0.0,0);
INSERT INTO feature (id, contig, seq_start, seq_end, score, strand, analysis, name, hstart, hend, hid, evalue, perc_id) VALUES (29,'1',237,239,80,-1,'1','blastp',284,284,'SW:ASCD_YERPS',0.0,0);
INSERT INTO feature (id, contig, seq_start, seq_end, score, strand, analysis, name, hstart, hend, hid, evalue, perc_id) VALUES (30,'1',183,206,39,-1,'1','blastp',35,42,'TR:P71310',0.0,0);
INSERT INTO feature (id, contig, seq_start, seq_end, score, strand, analysis, name, hstart, hend, hid, evalue, perc_id) VALUES (31,'1',111,146,67,-1,'1','blastp',56,67,'TR:P71310',0.0,0);
INSERT INTO feature (id, contig, seq_start, seq_end, score, strand, analysis, name, hstart, hend, hid, evalue, perc_id) VALUES (32,'1',533,722,80,-1,'1','blastp',219,282,'TR:P95561',0.0,0);
INSERT INTO feature (id, contig, seq_start, seq_end, score, strand, analysis, name, hstart, hend, hid, evalue, perc_id) VALUES (33,'1',237,239,80,-1,'1','blastp',283,283,'TR:P95561',0.0,0);
INSERT INTO feature (id, contig, seq_start, seq_end, score, strand, analysis, name, hstart, hend, hid, evalue, perc_id) VALUES (34,'1',908,914,76,-1,'1','blastp',224,225,'SW:DMPP_PSESP',0.0,0);
INSERT INTO feature (id, contig, seq_start, seq_end, score, strand, analysis, name, hstart, hend, hid, evalue, perc_id) VALUES (35,'1',587,725,76,-1,'1','blastp',225,271,'SW:DMPP_PSESP',0.0,0);
INSERT INTO feature (id, contig, seq_start, seq_end, score, strand, analysis, name, hstart, hend, hid, evalue, perc_id) VALUES (36,'1',908,914,58,-1,'1','blastp',225,226,'TR:O32433',0.0,0);
INSERT INTO feature (id, contig, seq_start, seq_end, score, strand, analysis, name, hstart, hend, hid, evalue, perc_id) VALUES (37,'1',581,725,58,-1,'1','blastp',226,274,'TR:O32433',0.0,0);
INSERT INTO feature (id, contig, seq_start, seq_end, score, strand, analysis, name, hstart, hend, hid, evalue, perc_id) VALUES (38,'1',539,587,39,-1,'1','blastp',274,290,'TR:O32433',0.0,0);
INSERT INTO feature (id, contig, seq_start, seq_end, score, strand, analysis, name, hstart, hend, hid, evalue, perc_id) VALUES (39,'1',908,914,57,-1,'1','blastp',225,226,'TR:Q43983',0.0,0);
INSERT INTO feature (id, contig, seq_start, seq_end, score, strand, analysis, name, hstart, hend, hid, evalue, perc_id) VALUES (40,'1',581,725,57,-1,'1','blastp',226,274,'TR:Q43983',0.0,0);
INSERT INTO feature (id, contig, seq_start, seq_end, score, strand, analysis, name, hstart, hend, hid, evalue, perc_id) VALUES (41,'1',539,587,39,-1,'1','blastp',274,290,'TR:Q43983',0.0,0);
INSERT INTO feature (id, contig, seq_start, seq_end, score, strand, analysis, name, hstart, hend, hid, evalue, perc_id) VALUES (42,'1',908,909,54,-1,'1','blastp',232,232,'TR:O85971',0.0,0);
INSERT INTO feature (id, contig, seq_start, seq_end, score, strand, analysis, name, hstart, hend, hid, evalue, perc_id) VALUES (43,'1',632,725,54,-1,'1','blastp',232,263,'TR:O85971',0.0,0);
INSERT INTO feature (id, contig, seq_start, seq_end, score, strand, analysis, name, hstart, hend, hid, evalue, perc_id) VALUES (44,'1',551,590,38,-1,'1','blastp',280,293,'TR:O85971',0.0,0);
INSERT INTO feature (id, contig, seq_start, seq_end, score, strand, analysis, name, hstart, hend, hid, evalue, perc_id) VALUES (45,'1',596,701,4,-1,'2','hmmpfam',1,36,'dUTPase',0.0,0);
INSERT INTO feature (id, contig, seq_start, seq_end, score, strand, analysis, name, hstart, hend, hid, evalue, perc_id) VALUES (46,'1',908,914,63,-1,'2','hmmpfam',20,21,'oxidored_fad',0.0,0);
INSERT INTO feature (id, contig, seq_start, seq_end, score, strand, analysis, name, hstart, hend, hid, evalue, perc_id) VALUES (47,'1',533,725,63,-1,'2','hmmpfam',21,85,'oxidored_fad',0.0,0);
INSERT INTO feature (id, contig, seq_start, seq_end, score, strand, analysis, name, hstart, hend, hid, evalue, perc_id) VALUES (48,'1',234,239,63,-1,'2','hmmpfam',86,87,'oxidored_fad',0.0,0);
INSERT INTO feature (id, contig, seq_start, seq_end, score, strand, analysis, name, hstart, hend, hid, evalue, perc_id) VALUES (49,'1',629,682,37,-1,'3','tblastn',3901,3954,'AB001025',0.0,0);
INSERT INTO feature (id, contig, seq_start, seq_end, score, strand, analysis, name, hstart, hend, hid, evalue, perc_id) VALUES (50,'1',599,634,36,-1,'3','tblastn',3869,3904,'AB001025',0.0,0);
INSERT INTO feature (id, contig, seq_start, seq_end, score, strand, analysis, name, hstart, hend, hid, evalue, perc_id) VALUES (51,'1',629,682,37,-1,'3','tblastn',3882,3935,'HSRYR3',0.0,0);
INSERT INTO feature (id, contig, seq_start, seq_end, score, strand, analysis, name, hstart, hend, hid, evalue, perc_id) VALUES (52,'1',599,634,36,-1,'3','tblastn',3850,3885,'HSRYR3',0.0,0);
INSERT INTO feature (id, contig, seq_start, seq_end, score, strand, analysis, name, hstart, hend, hid, evalue, perc_id) VALUES (53,'1',908,968,45,-1,'3','tblastn',5127,5185,'HSMCSP',0.0,0);
INSERT INTO feature (id, contig, seq_start, seq_end, score, strand, analysis, name, hstart, hend, hid, evalue, perc_id) VALUES (54,'1',656,725,45,-1,'3','tblastn',5186,5255,'HSMCSP',0.0,0);
INSERT INTO feature (id, contig, seq_start, seq_end, score, strand, analysis, name, hstart, hend, hid, evalue, perc_id) VALUES (55,'1',557,601,44,-1,'3','tblastn',5048,5092,'HSMCSP',0.0,0);
INSERT INTO feature (id, contig, seq_start, seq_end, score, strand, analysis, name, hstart, hend, hid, evalue, perc_id) VALUES (56,'1',105,170,52,-1,'4','tblastn',344,409,'gb|AW030534.1|AW030534',0.0,0);
INSERT INTO feature (id, contig, seq_start, seq_end, score, strand, analysis, name, hstart, hend, hid, evalue, perc_id) VALUES (57,'1',63,101,56,-1,'4','tblastn',418,456,'gb|AW030534.1|AW030534',0.0,0);
INSERT INTO feature (id, contig, seq_start, seq_end, score, strand, analysis, name, hstart, hend, hid, evalue, perc_id) VALUES (58,'1',542,616,79,-1,'4','tblastn',260,334,'gb|AI997699.1|AI997699',0.0,0);
INSERT INTO feature (id, contig, seq_start, seq_end, score, strand, analysis, name, hstart, hend, hid, evalue, perc_id) VALUES (59,'1',123,236,76,-1,'4','tblastn',358,471,'gb|AI455410|AI455410',0.0,0);
INSERT INTO feature (id, contig, seq_start, seq_end, score, strand, analysis, name, hstart, hend, hid, evalue, perc_id) VALUES (60,'1',186,227,42,-1,'4','tblastn',60,101,'gb|AA607800|AA607800',0.0,0);
INSERT INTO feature (id, contig, seq_start, seq_end, score, strand, analysis, name, hstart, hend, hid, evalue, perc_id) VALUES (61,'1',141,188,35,-1,'4','tblastn',4,51,'gb|AA607800|AA607800',0.0,0);
INSERT INTO feature (id, contig, seq_start, seq_end, score, strand, analysis, name, hstart, hend, hid, evalue, perc_id) VALUES (65,'3',467,748,463,-1,'1','blastp',244,337,'SW:YHJD_ECOLI',0.0,0);
INSERT INTO feature (id, contig, seq_start, seq_end, score, strand, analysis, name, hstart, hend, hid, evalue, perc_id) VALUES (66,'3',494,748,223,-1,'1','blastp',234,318,'SW:YHJD_ERWCH',0.0,0);
INSERT INTO feature (id, contig, seq_start, seq_end, score, strand, analysis, name, hstart, hend, hid, evalue, perc_id) VALUES (67,'3',506,697,164,-1,'1','blastp',226,289,'TR:Q49909',0.0,0);
INSERT INTO feature (id, contig, seq_start, seq_end, score, strand, analysis, name, hstart, hend, hid, evalue, perc_id) VALUES (68,'3',509,688,141,-1,'1','blastp',228,287,'TR:O53385',0.0,0);
INSERT INTO feature (id, contig, seq_start, seq_end, score, strand, analysis, name, hstart, hend, hid, evalue, perc_id) VALUES (69,'3',587,706,43,-1,'4','tblastn',230,349,'gb|AI388711|AI388711',0.0,0);
INSERT INTO feature (id, contig, seq_start, seq_end, score, strand, analysis, name, hstart, hend, hid, evalue, perc_id) VALUES (70,'3',518,589,50,-1,'4','tblastn',407,478,'gb|AI388711|AI388711',0.0,0);
INSERT INTO feature (id, contig, seq_start, seq_end, score, strand, analysis, name, hstart, hend, hid, evalue, perc_id) VALUES (72,'5',305,742,776,-1,'1','blastp',36,181,'SW:HYFH_ECOLI',0.0,0);
INSERT INTO feature (id, contig, seq_start, seq_end, score, strand, analysis, name, hstart, hend, hid, evalue, perc_id) VALUES (73,'5',437,739,276,-1,'1','blastp',37,137,'SW:HYCF_ECOLI',0.0,0);
INSERT INTO feature (id, contig, seq_start, seq_end, score, strand, analysis, name, hstart, hend, hid, evalue, perc_id) VALUES (74,'5',338,379,46,-1,'1','blastp',155,168,'SW:HYCF_ECOLI',0.0,0);
INSERT INTO feature (id, contig, seq_start, seq_end, score, strand, analysis, name, hstart, hend, hid, evalue, perc_id) VALUES (75,'5',644,733,55,-1,'1','blastp',59,88,'TR:Q9XAR2',0.0,0);
INSERT INTO feature (id, contig, seq_start, seq_end, score, strand, analysis, name, hstart, hend, hid, evalue, perc_id) VALUES (76,'5',530,664,122,-1,'1','blastp',92,136,'TR:Q9XAR2',0.0,0);
INSERT INTO feature (id, contig, seq_start, seq_end, score, strand, analysis, name, hstart, hend, hid, evalue, perc_id) VALUES (77,'5',650,733,60,-1,'1','blastp',59,86,'SW:NUOI_ECOLI',0.0,0);
INSERT INTO feature (id, contig, seq_start, seq_end, score, strand, analysis, name, hstart, hend, hid, evalue, perc_id) VALUES (78,'5',530,646,114,-1,'1','blastp',92,130,'SW:NUOI_ECOLI',0.0,0);
INSERT INTO feature (id, contig, seq_start, seq_end, score, strand, analysis, name, hstart, hend, hid, evalue, perc_id) VALUES (79,'5',665,733,55,-1,'1','blastp',80,102,'SW:NUOI_MYCTU',0.0,0);
INSERT INTO feature (id, contig, seq_start, seq_end, score, strand, analysis, name, hstart, hend, hid, evalue, perc_id) VALUES (80,'5',530,664,114,-1,'1','blastp',113,157,'SW:NUOI_MYCTU',0.0,0);
INSERT INTO feature (id, contig, seq_start, seq_end, score, strand, analysis, name, hstart, hend, hid, evalue, perc_id) VALUES (81,'5',512,670,116,-1,'1','blastp',106,158,'TR:Q9ZJV9',0.0,0);
INSERT INTO feature (id, contig, seq_start, seq_end, score, strand, analysis, name, hstart, hend, hid, evalue, perc_id) VALUES (82,'5',656,733,57,-1,'1','blastp',63,88,'SW:NUOI_RHOCA',0.0,0);
INSERT INTO feature (id, contig, seq_start, seq_end, score, strand, analysis, name, hstart, hend, hid, evalue, perc_id) VALUES (83,'5',473,670,98,-1,'1','blastp',88,153,'SW:NUOI_RHOCA',0.0,0);
INSERT INTO feature (id, contig, seq_start, seq_end, score, strand, analysis, name, hstart, hend, hid, evalue, perc_id) VALUES (84,'5',674,733,54,-1,'1','blastp',52,71,'SW:NQO9_THETH',0.0,0);
INSERT INTO feature (id, contig, seq_start, seq_end, score, strand, analysis, name, hstart, hend, hid, evalue, perc_id) VALUES (85,'5',530,664,102,-1,'1','blastp',85,129,'SW:NQO9_THETH',0.0,0);
INSERT INTO feature (id, contig, seq_start, seq_end, score, strand, analysis, name, hstart, hend, hid, evalue, perc_id) VALUES (86,'5',656,733,59,-1,'1','blastp',63,88,'SW:NQO9_PARDE',0.0,0);
INSERT INTO feature (id, contig, seq_start, seq_end, score, strand, analysis, name, hstart, hend, hid, evalue, perc_id) VALUES (87,'5',527,670,94,-1,'1','blastp',88,135,'SW:NQO9_PARDE',0.0,0);
INSERT INTO feature (id, contig, seq_start, seq_end, score, strand, analysis, name, hstart, hend, hid, evalue, perc_id) VALUES (88,'5',656,733,65,-1,'1','blastp',122,147,'SW:NUIM_ARATH',0.0,0);
INSERT INTO feature (id, contig, seq_start, seq_end, score, strand, analysis, name, hstart, hend, hid, evalue, perc_id) VALUES (89,'5',530,670,89,-1,'1','blastp',147,193,'SW:NUIM_ARATH',0.0,0);
INSERT INTO feature (id, contig, seq_start, seq_end, score, strand, analysis, name, hstart, hend, hid, evalue, perc_id) VALUES (90,'5',668,733,59,-1,'1','blastp',62,83,'SW:NUIM_RECAM',0.0,0);
INSERT INTO feature (id, contig, seq_start, seq_end, score, strand, analysis, name, hstart, hend, hid, evalue, perc_id) VALUES (91,'5',473,670,92,-1,'1','blastp',87,152,'SW:NUIM_RECAM',0.0,0);
INSERT INTO feature (id, contig, seq_start, seq_end, score, strand, analysis, name, hstart, hend, hid, evalue, perc_id) VALUES (92,'5',656,733,64,-1,'1','blastp',129,154,'SW:NUIM_SOLTU',0.0,0);
INSERT INTO feature (id, contig, seq_start, seq_end, score, strand, analysis, name, hstart, hend, hid, evalue, perc_id) VALUES (93,'5',530,670,89,-1,'1','blastp',154,200,'SW:NUIM_SOLTU',0.0,0);
INSERT INTO feature (id, contig, seq_start, seq_end, score, strand, analysis, name, hstart, hend, hid, evalue, perc_id) VALUES (94,'5',662,739,58,-1,'1','blastp',39,64,'TR:O59657',0.0,0);
INSERT INTO feature (id, contig, seq_start, seq_end, score, strand, analysis, name, hstart, hend, hid, evalue, perc_id) VALUES (95,'5',566,652,75,-1,'1','blastp',64,92,'TR:O59657',0.0,0);
INSERT INTO feature (id, contig, seq_start, seq_end, score, strand, analysis, name, hstart, hend, hid, evalue, perc_id) VALUES (96,'5',683,736,47,-1,'1','blastp',76,93,'TR:Q9YC32',0.0,0);
INSERT INTO feature (id, contig, seq_start, seq_end, score, strand, analysis, name, hstart, hend, hid, evalue, perc_id) VALUES (97,'5',527,628,89,-1,'1','blastp',121,154,'TR:Q9YC32',0.0,0);
INSERT INTO feature (id, contig, seq_start, seq_end, score, strand, analysis, name, hstart, hend, hid, evalue, perc_id) VALUES (98,'5',572,739,105,-1,'1','blastp',49,104,'TR:P81293',0.0,0);
INSERT INTO feature (id, contig, seq_start, seq_end, score, strand, analysis, name, hstart, hend, hid, evalue, perc_id) VALUES (99,'5',677,730,44,-1,'1','blastp',18,35,'TR:O27597',0.0,0);
INSERT INTO feature (id, contig, seq_start, seq_end, score, strand, analysis, name, hstart, hend, hid, evalue, perc_id) VALUES (100,'5',668,736,56,-1,'1','blastp',56,78,'TR:O27597',0.0,0);
INSERT INTO feature (id, contig, seq_start, seq_end, score, strand, analysis, name, hstart, hend, hid, evalue, perc_id) VALUES (101,'5',572,628,64,-1,'1','blastp',57,75,'TR:O27597',0.0,0);
INSERT INTO feature (id, contig, seq_start, seq_end, score, strand, analysis, name, hstart, hend, hid, evalue, perc_id) VALUES (102,'5',635,730,53,-1,'1','blastp',258,289,'TR:O27597',0.0,0);
INSERT INTO feature (id, contig, seq_start, seq_end, score, strand, analysis, name, hstart, hend, hid, evalue, perc_id) VALUES (103,'5',518,625,72,-1,'1','blastp',295,330,'TR:O27597',0.0,0);
INSERT INTO feature (id, contig, seq_start, seq_end, score, strand, analysis, name, hstart, hend, hid, evalue, perc_id) VALUES (104,'5',677,730,39,-1,'1','blastp',31,48,'TR:Q59575',0.0,0);
INSERT INTO feature (id, contig, seq_start, seq_end, score, strand, analysis, name, hstart, hend, hid, evalue, perc_id) VALUES (105,'5',668,736,56,-1,'1','blastp',69,91,'TR:Q59575',0.0,0);
INSERT INTO feature (id, contig, seq_start, seq_end, score, strand, analysis, name, hstart, hend, hid, evalue, perc_id) VALUES (106,'5',572,628,64,-1,'1','blastp',70,88,'TR:Q59575',0.0,0);
INSERT INTO feature (id, contig, seq_start, seq_end, score, strand, analysis, name, hstart, hend, hid, evalue, perc_id) VALUES (107,'5',635,730,55,-1,'1','blastp',271,302,'TR:Q59575',0.0,0);
INSERT INTO feature (id, contig, seq_start, seq_end, score, strand, analysis, name, hstart, hend, hid, evalue, perc_id) VALUES (108,'5',518,625,74,-1,'1','blastp',308,343,'TR:Q59575',0.0,0);
INSERT INTO feature (id, contig, seq_start, seq_end, score, strand, analysis, name, hstart, hend, hid, evalue, perc_id) VALUES (109,'5',677,730,39,-1,'1','blastp',31,48,'TR:O74028',0.0,0);
INSERT INTO feature (id, contig, seq_start, seq_end, score, strand, analysis, name, hstart, hend, hid, evalue, perc_id) VALUES (110,'5',668,736,56,-1,'1','blastp',69,91,'TR:O74028',0.0,0);
INSERT INTO feature (id, contig, seq_start, seq_end, score, strand, analysis, name, hstart, hend, hid, evalue, perc_id) VALUES (111,'5',572,628,64,-1,'1','blastp',70,88,'TR:O74028',0.0,0);
INSERT INTO feature (id, contig, seq_start, seq_end, score, strand, analysis, name, hstart, hend, hid, evalue, perc_id) VALUES (112,'5',677,739,46,-1,'1','blastp',236,256,'TR:O74028',0.0,0);
INSERT INTO feature (id, contig, seq_start, seq_end, score, strand, analysis, name, hstart, hend, hid, evalue, perc_id) VALUES (113,'5',557,625,72,-1,'1','blastp',239,261,'TR:O74028',0.0,0);
INSERT INTO feature (id, contig, seq_start, seq_end, score, strand, analysis, name, hstart, hend, hid, evalue, perc_id) VALUES (114,'5',683,739,49,-1,'1','blastp',18,36,'TR:O27009',0.0,0);
INSERT INTO feature (id, contig, seq_start, seq_end, score, strand, analysis, name, hstart, hend, hid, evalue, perc_id) VALUES (115,'5',572,628,52,-1,'1','blastp',60,78,'TR:O27009',0.0,0);
INSERT INTO feature (id, contig, seq_start, seq_end, score, strand, analysis, name, hstart, hend, hid, evalue, perc_id) VALUES (116,'5',683,730,42,-1,'1','blastp',72,87,'TR:Q58344',0.0,0);
INSERT INTO feature (id, contig, seq_start, seq_end, score, strand, analysis, name, hstart, hend, hid, evalue, perc_id) VALUES (117,'5',488,544,35,-1,'1','blastp',84,102,'TR:Q58344',0.0,0);
INSERT INTO feature (id, contig, seq_start, seq_end, score, strand, analysis, name, hstart, hend, hid, evalue, perc_id) VALUES (118,'5',683,739,31,-1,'1','blastp',151,169,'TR:Q58344',0.0,0);
INSERT INTO feature (id, contig, seq_start, seq_end, score, strand, analysis, name, hstart, hend, hid, evalue, perc_id) VALUES (119,'5',584,670,72,-1,'1','blastp',173,201,'TR:Q58344',0.0,0);
INSERT INTO feature (id, contig, seq_start, seq_end, score, strand, analysis, name, hstart, hend, hid, evalue, perc_id) VALUES (120,'5',665,733,31,-1,'1','blastp',209,231,'TR:Q58593',0.0,0);
INSERT INTO feature (id, contig, seq_start, seq_end, score, strand, analysis, name, hstart, hend, hid, evalue, perc_id) VALUES (121,'5',674,739,44,-1,'1','blastp',237,258,'TR:Q58593',0.0,0);
INSERT INTO feature (id, contig, seq_start, seq_end, score, strand, analysis, name, hstart, hend, hid, evalue, perc_id) VALUES (122,'5',572,625,43,-1,'1','blastp',240,257,'TR:Q58593',0.0,0);
INSERT INTO feature (id, contig, seq_start, seq_end, score, strand, analysis, name, hstart, hend, hid, evalue, perc_id) VALUES (123,'5',692,730,52,-1,'1','blastp',47,59,'TR:O26499',0.0,0);
INSERT INTO feature (id, contig, seq_start, seq_end, score, strand, analysis, name, hstart, hend, hid, evalue, perc_id) VALUES (124,'5',587,631,66,-1,'1','blastp',85,99,'TR:O26499',0.0,0);
INSERT INTO feature (id, contig, seq_start, seq_end, score, strand, analysis, name, hstart, hend, hid, evalue, perc_id) VALUES (125,'5',674,730,47,-1,'1','blastp',87,105,'TR:O26499',0.0,0);
INSERT INTO feature (id, contig, seq_start, seq_end, score, strand, analysis, name, hstart, hend, hid, evalue, perc_id) VALUES (126,'5',488,559,35,-1,'1','blastp',115,138,'TR:O26499',0.0,0);
INSERT INTO feature (id, contig, seq_start, seq_end, score, strand, analysis, name, hstart, hend, hid, evalue, perc_id) VALUES (127,'5',665,739,52,-1,'1','blastp',262,286,'TR:O26499',0.0,0);
INSERT INTO feature (id, contig, seq_start, seq_end, score, strand, analysis, name, hstart, hend, hid, evalue, perc_id) VALUES (128,'5',590,628,44,-1,'1','blastp',294,306,'TR:O26499',0.0,0);
INSERT INTO feature (id, contig, seq_start, seq_end, score, strand, analysis, name, hstart, hend, hid, evalue, perc_id) VALUES (129,'5',668,742,45,-1,'1','blastp',225,249,'TR:Q00388',0.0,0);
INSERT INTO feature (id, contig, seq_start, seq_end, score, strand, analysis, name, hstart, hend, hid, evalue, perc_id) VALUES (130,'5',572,625,48,-1,'1','blastp',229,246,'TR:Q00388',0.0,0);
INSERT INTO feature (id, contig, seq_start, seq_end, score, strand, analysis, name, hstart, hend, hid, evalue, perc_id) VALUES (131,'5',572,625,56,-1,'1','blastp',311,328,'TR:Q00388',0.0,0);
INSERT INTO feature (id, contig, seq_start, seq_end, score, strand, analysis, name, hstart, hend, hid, evalue, perc_id) VALUES (132,'5',683,730,50,-1,'1','blastp',311,326,'TR:Q00388',0.0,0);
INSERT INTO feature (id, contig, seq_start, seq_end, score, strand, analysis, name, hstart, hend, hid, evalue, perc_id) VALUES (133,'5',488,550,34,-1,'1','blastp',331,351,'TR:Q00388',0.0,0);
INSERT INTO feature (id, contig, seq_start, seq_end, score, strand, analysis, name, hstart, hend, hid, evalue, perc_id) VALUES (134,'5',677,730,54,-1,'1','blastp',146,163,'TR:Q49180',0.0,0);
INSERT INTO feature (id, contig, seq_start, seq_end, score, strand, analysis, name, hstart, hend, hid, evalue, perc_id) VALUES (135,'5',488,628,56,-1,'1','blastp',176,222,'TR:Q49180',0.0,0);
INSERT INTO feature (id, contig, seq_start, seq_end, score, strand, analysis, name, hstart, hend, hid, evalue, perc_id) VALUES (136,'5',674,742,48,-1,'1','blastp',241,263,'TR:Q49180',0.0,0);
INSERT INTO feature (id, contig, seq_start, seq_end, score, strand, analysis, name, hstart, hend, hid, evalue, perc_id) VALUES (137,'5',572,625,66,-1,'1','blastp',245,262,'TR:Q49180',0.0,0);
INSERT INTO feature (id, contig, seq_start, seq_end, score, strand, analysis, name, hstart, hend, hid, evalue, perc_id) VALUES (138,'5',479,625,65,-1,'1','blastp',295,343,'TR:Q58699',0.0,0);
INSERT INTO feature (id, contig, seq_start, seq_end, score, strand, analysis, name, hstart, hend, hid, evalue, perc_id) VALUES (139,'5',677,730,47,-1,'1','blastp',382,399,'TR:Q58699',0.0,0);
INSERT INTO feature (id, contig, seq_start, seq_end, score, strand, analysis, name, hstart, hend, hid, evalue, perc_id) VALUES (140,'5',482,640,52,-1,'1','blastp',407,459,'TR:Q58699',0.0,0);
INSERT INTO feature (id, contig, seq_start, seq_end, score, strand, analysis, name, hstart, hend, hid, evalue, perc_id) VALUES (141,'5',668,742,53,-1,'1','blastp',242,266,'TR:Q50784',0.0,0);
INSERT INTO feature (id, contig, seq_start, seq_end, score, strand, analysis, name, hstart, hend, hid, evalue, perc_id) VALUES (142,'5',572,625,62,-1,'1','blastp',246,263,'TR:Q50784',0.0,0);
INSERT INTO feature (id, contig, seq_start, seq_end, score, strand, analysis, name, hstart, hend, hid, evalue, perc_id) VALUES (143,'5',593,628,55,-1,'1','blastp',47,58,'TR:Q9XCT9',0.0,0);
INSERT INTO feature (id, contig, seq_start, seq_end, score, strand, analysis, name, hstart, hend, hid, evalue, perc_id) VALUES (144,'5',479,571,50,-1,'1','blastp',83,113,'TR:Q9XCT9',0.0,0);
INSERT INTO feature (id, contig, seq_start, seq_end, score, strand, analysis, name, hstart, hend, hid, evalue, perc_id) VALUES (145,'5',674,742,41,-1,'1','blastp',97,119,'TR:O83022',0.0,0);
INSERT INTO feature (id, contig, seq_start, seq_end, score, strand, analysis, name, hstart, hend, hid, evalue, perc_id) VALUES (146,'5',572,622,46,-1,'1','blastp',102,118,'TR:O83022',0.0,0);
INSERT INTO feature (id, contig, seq_start, seq_end, score, strand, analysis, name, hstart, hend, hid, evalue, perc_id) VALUES (147,'5',455,502,39,-1,'1','blastp',608,623,'TR:O35483',0.0,0);
INSERT INTO feature (id, contig, seq_start, seq_end, score, strand, analysis, name, hstart, hend, hid, evalue, perc_id) VALUES (148,'5',359,379,34,-1,'1','blastp',637,643,'TR:O35483',0.0,0);
INSERT INTO feature (id, contig, seq_start, seq_end, score, strand, analysis, name, hstart, hend, hid, evalue, perc_id) VALUES (149,'5',674,742,37,-1,'1','blastp',63,85,'TR:O30289',0.0,0);
INSERT INTO feature (id, contig, seq_start, seq_end, score, strand, analysis, name, hstart, hend, hid, evalue, perc_id) VALUES (150,'5',566,628,58,-1,'1','blastp',94,114,'TR:O30289',0.0,0);
INSERT INTO feature (id, contig, seq_start, seq_end, score, strand, analysis, name, hstart, hend, hid, evalue, perc_id) VALUES (151,'5',683,742,48,-1,'1','blastp',685,704,'TR:P94692',0.0,0);
INSERT INTO feature (id, contig, seq_start, seq_end, score, strand, analysis, name, hstart, hend, hid, evalue, perc_id) VALUES (152,'5',584,625,52,-1,'1','blastp',745,758,'TR:P94692',0.0,0);
INSERT INTO feature (id, contig, seq_start, seq_end, score, strand, analysis, name, hstart, hend, hid, evalue, perc_id) VALUES (153,'5',455,502,39,-1,'1','blastp',701,716,'TR:Q9WVL8',0.0,0);
INSERT INTO feature (id, contig, seq_start, seq_end, score, strand, analysis, name, hstart, hend, hid, evalue, perc_id) VALUES (154,'5',359,379,34,-1,'1','blastp',730,736,'TR:Q9WVL8',0.0,0);
INSERT INTO feature (id, contig, seq_start, seq_end, score, strand, analysis, name, hstart, hend, hid, evalue, perc_id) VALUES (155,'5',569,739,39,-1,'2','hmmpfam',5,61,'fer4',0.0,0);
INSERT INTO feature (id, contig, seq_start, seq_end, score, strand, analysis, name, hstart, hend, hid, evalue, perc_id) VALUES (156,'5',668,733,59,-1,'3','tblastn',377,442,'BTNADH02',0.0,0);
INSERT INTO feature (id, contig, seq_start, seq_end, score, strand, analysis, name, hstart, hend, hid, evalue, perc_id) VALUES (157,'5',530,676,91,-1,'3','tblastn',446,592,'BTNADH02',0.0,0);
INSERT INTO feature (id, contig, seq_start, seq_end, score, strand, analysis, name, hstart, hend, hid, evalue, perc_id) VALUES (158,'5',668,733,58,-1,'3','tblastn',368,433,'HSU65579',0.0,0);
INSERT INTO feature (id, contig, seq_start, seq_end, score, strand, analysis, name, hstart, hend, hid, evalue, perc_id) VALUES (159,'5',530,676,91,-1,'3','tblastn',437,583,'HSU65579',0.0,0);
INSERT INTO feature (id, contig, seq_start, seq_end, score, strand, analysis, name, hstart, hend, hid, evalue, perc_id) VALUES (160,'5',695,730,46,-1,'3','tblastn',729,764,'AB007938',0.0,0);
INSERT INTO feature (id, contig, seq_start, seq_end, score, strand, analysis, name, hstart, hend, hid, evalue, perc_id) VALUES (161,'5',608,706,51,-1,'3','tblastn',855,953,'AB007938',0.0,0);
INSERT INTO feature (id, contig, seq_start, seq_end, score, strand, analysis, name, hstart, hend, hid, evalue, perc_id) VALUES (162,'5',656,733,64,-1,'4','tblastn',24,101,'dbj|C84207.1|C84207',0.0,0);
INSERT INTO feature (id, contig, seq_start, seq_end, score, strand, analysis, name, hstart, hend, hid, evalue, perc_id) VALUES (163,'5',530,670,97,-1,'4','tblastn',99,239,'dbj|C84207.1|C84207',0.0,0);
INSERT INTO feature (id, contig, seq_start, seq_end, score, strand, analysis, name, hstart, hend, hid, evalue, perc_id) VALUES (164,'5',656,733,64,-1,'4','tblastn',208,285,'dbj|AU037912.1|AU037912',0.0,0);
INSERT INTO feature (id, contig, seq_start, seq_end, score, strand, analysis, name, hstart, hend, hid, evalue, perc_id) VALUES (165,'5',530,670,97,-1,'4','tblastn',283,423,'dbj|AU037912.1|AU037912',0.0,0);
INSERT INTO feature (id, contig, seq_start, seq_end, score, strand, analysis, name, hstart, hend, hid, evalue, perc_id) VALUES (166,'5',668,733,58,-1,'4','tblastn',2,67,'gb|H34952|H34952',0.0,0);
INSERT INTO feature (id, contig, seq_start, seq_end, score, strand, analysis, name, hstart, hend, hid, evalue, perc_id) VALUES (167,'5',530,676,92,-1,'4','tblastn',71,217,'gb|H34952|H34952',0.0,0);
INSERT INTO feature (id, contig, seq_start, seq_end, score, strand, analysis, name, hstart, hend, hid, evalue, perc_id) VALUES (168,'5',656,733,64,-1,'4','tblastn',38,115,'gb|AW052754.1|AW052754',0.0,0);
INSERT INTO feature (id, contig, seq_start, seq_end, score, strand, analysis, name, hstart, hend, hid, evalue, perc_id) VALUES (169,'5',530,670,89,-1,'4','tblastn',113,253,'gb|AW052754.1|AW052754',0.0,0);
INSERT INTO feature (id, contig, seq_start, seq_end, score, strand, analysis, name, hstart, hend, hid, evalue, perc_id) VALUES (170,'5',656,733,64,-1,'4','tblastn',369,446,'gb|AI737428.1|AI737428',0.0,0);
INSERT INTO feature (id, contig, seq_start, seq_end, score, strand, analysis, name, hstart, hend, hid, evalue, perc_id) VALUES (171,'5',530,670,89,-1,'4','tblastn',231,371,'gb|AI737428.1|AI737428',0.0,0);
INSERT INTO feature (id, contig, seq_start, seq_end, score, strand, analysis, name, hstart, hend, hid, evalue, perc_id) VALUES (172,'5',656,733,64,-1,'4','tblastn',404,481,'gb|AI490708.1|AI490708',0.0,0);
INSERT INTO feature (id, contig, seq_start, seq_end, score, strand, analysis, name, hstart, hend, hid, evalue, perc_id) VALUES (173,'5',530,670,89,-1,'4','tblastn',266,406,'gb|AI490708.1|AI490708',0.0,0);
INSERT INTO feature (id, contig, seq_start, seq_end, score, strand, analysis, name, hstart, hend, hid, evalue, perc_id) VALUES (174,'5',656,733,64,-1,'4','tblastn',122,199,'gb|AI812750.1|AI812750',0.0,0);
INSERT INTO feature (id, contig, seq_start, seq_end, score, strand, analysis, name, hstart, hend, hid, evalue, perc_id) VALUES (175,'5',530,670,89,-1,'4','tblastn',197,337,'gb|AI812750.1|AI812750',0.0,0);
INSERT INTO feature (id, contig, seq_start, seq_end, score, strand, analysis, name, hstart, hend, hid, evalue, perc_id) VALUES (176,'5',656,733,64,-1,'4','tblastn',43,120,'gb|AW126458.1|AW126458',0.0,0);
INSERT INTO feature (id, contig, seq_start, seq_end, score, strand, analysis, name, hstart, hend, hid, evalue, perc_id) VALUES (177,'5',530,670,89,-1,'4','tblastn',118,258,'gb|AW126458.1|AW126458',0.0,0);
INSERT INTO feature (id, contig, seq_start, seq_end, score, strand, analysis, name, hstart, hend, hid, evalue, perc_id) VALUES (178,'5',668,733,58,-1,'4','tblastn',312,377,'gb|AA849122|AA849122',0.0,0);
INSERT INTO feature (id, contig, seq_start, seq_end, score, strand, analysis, name, hstart, hend, hid, evalue, perc_id) VALUES (179,'5',530,676,91,-1,'4','tblastn',162,308,'gb|AA849122|AA849122',0.0,0);
INSERT INTO feature (id, contig, seq_start, seq_end, score, strand, analysis, name, hstart, hend, hid, evalue, perc_id) VALUES (180,'5',668,733,58,-1,'4','tblastn',312,377,'gb|AI231728|AI231728',0.0,0);
INSERT INTO feature (id, contig, seq_start, seq_end, score, strand, analysis, name, hstart, hend, hid, evalue, perc_id) VALUES (181,'5',530,676,91,-1,'4','tblastn',162,308,'gb|AI231728|AI231728',0.0,0);
INSERT INTO feature (id, contig, seq_start, seq_end, score, strand, analysis, name, hstart, hend, hid, evalue, perc_id) VALUES (182,'5',470,676,95,-1,'4','tblastn',119,325,'gb|AI575407.1|AI575407',0.0,0);
INSERT INTO feature (id, contig, seq_start, seq_end, score, strand, analysis, name, hstart, hend, hid, evalue, perc_id) VALUES (184,'7',100,465,601,1,'1','blastp',54,175,'SW:YHFS_ECOLI',0.0,0);
INSERT INTO feature (id, contig, seq_start, seq_end, score, strand, analysis, name, hstart, hend, hid, evalue, perc_id) VALUES (185,'7',472,561,154,1,'1','blastp',177,206,'SW:YHFS_ECOLI',0.0,0);
INSERT INTO feature (id, contig, seq_start, seq_end, score, strand, analysis, name, hstart, hend, hid, evalue, perc_id) VALUES (186,'7',628,1029,662,1,'1','blastp',228,361,'SW:YHFS_ECOLI',0.0,0);
INSERT INTO feature (id, contig, seq_start, seq_end, score, strand, analysis, name, hstart, hend, hid, evalue, perc_id) VALUES (187,'7',142,225,58,1,'1','blastp',82,109,'TR:Q52103',0.0,0);
INSERT INTO feature (id, contig, seq_start, seq_end, score, strand, analysis, name, hstart, hend, hid, evalue, perc_id) VALUES (188,'7',262,339,45,1,'1','blastp',125,150,'TR:Q52103',0.0,0);
INSERT INTO feature (id, contig, seq_start, seq_end, score, strand, analysis, name, hstart, hend, hid, evalue, perc_id) VALUES (189,'7',265,360,49,1,'1','blastp',210,241,'SW:SPL1_YEAST',0.0,0);
INSERT INTO feature (id, contig, seq_start, seq_end, score, strand, analysis, name, hstart, hend, hid, evalue, perc_id) VALUES (190,'7',493,561,52,1,'1','blastp',287,309,'SW:SPL1_YEAST',0.0,0);
INSERT INTO feature (id, contig, seq_start, seq_end, score, strand, analysis, name, hstart, hend, hid, evalue, perc_id) VALUES (191,'7',145,228,45,1,'1','blastp',10,37,'TR:Q9X858',0.0,0);
INSERT INTO feature (id, contig, seq_start, seq_end, score, strand, analysis, name, hstart, hend, hid, evalue, perc_id) VALUES (192,'7',280,336,44,1,'1','blastp',60,78,'TR:Q9X858',0.0,0);
INSERT INTO feature (id, contig, seq_start, seq_end, score, strand, analysis, name, hstart, hend, hid, evalue, perc_id) VALUES (193,'7',307,378,42,1,'1','blastp',167,190,'TR:Q9Z408',0.0,0);
INSERT INTO feature (id, contig, seq_start, seq_end, score, strand, analysis, name, hstart, hend, hid, evalue, perc_id) VALUES (194,'7',493,561,57,1,'1','blastp',211,233,'TR:Q9Z408',0.0,0);
INSERT INTO feature (id, contig, seq_start, seq_end, score, strand, analysis, name, hstart, hend, hid, evalue, perc_id) VALUES (195,'7',469,591,37,1,'1','blastp',1867,1907,'TR:O30481',0.0,0);
INSERT INTO feature (id, contig, seq_start, seq_end, score, strand, analysis, name, hstart, hend, hid, evalue, perc_id) VALUES (196,'7',625,765,47,1,'1','blastp',1908,1954,'TR:O30481',0.0,0);
INSERT INTO feature (id, contig, seq_start, seq_end, score, strand, analysis, name, hstart, hend, hid, evalue, perc_id) VALUES (197,'7',400,438,2,1,'2','hmmpfam',1,13,'GSPII_F',0.0,0);
INSERT INTO feature (id, contig, seq_start, seq_end, score, strand, analysis, name, hstart, hend, hid, evalue, perc_id) VALUES (198,'7',1184,1611,746,-1,'1','blastp',102,243,'SW:YHFR_ECOLI',0.0,0);
INSERT INTO feature (id, contig, seq_start, seq_end, score, strand, analysis, name, hstart, hend, hid, evalue, perc_id) VALUES (199,'7',1196,1581,217,-1,'1','blastp',111,239,'SW:YURK_BACSU',0.0,0);
INSERT INTO feature (id, contig, seq_start, seq_end, score, strand, analysis, name, hstart, hend, hid, evalue, perc_id) VALUES (200,'7',1421,1563,60,-1,'1','blastp',110,157,'TR:O31459',0.0,0);
INSERT INTO feature (id, contig, seq_start, seq_end, score, strand, analysis, name, hstart, hend, hid, evalue, perc_id) VALUES (201,'7',1184,1419,77,-1,'1','blastp',157,234,'TR:O31459',0.0,0);
INSERT INTO feature (id, contig, seq_start, seq_end, score, strand, analysis, name, hstart, hend, hid, evalue, perc_id) VALUES (202,'7',1436,1563,84,-1,'1','blastp',130,172,'SW:YEGW_ECOLI',0.0,0);
INSERT INTO feature (id, contig, seq_start, seq_end, score, strand, analysis, name, hstart, hend, hid, evalue, perc_id) VALUES (203,'7',1220,1299,53,-1,'1','blastp',214,240,'SW:YEGW_ECOLI',0.0,0);
INSERT INTO feature (id, contig, seq_start, seq_end, score, strand, analysis, name, hstart, hend, hid, evalue, perc_id) VALUES (204,'7',1421,1557,66,-1,'1','blastp',143,188,'TR:Q9Z9T2',0.0,0);
INSERT INTO feature (id, contig, seq_start, seq_end, score, strand, analysis, name, hstart, hend, hid, evalue, perc_id) VALUES (205,'7',1190,1419,55,-1,'1','blastp',188,264,'TR:Q9Z9T2',0.0,0);
INSERT INTO feature (id, contig, seq_start, seq_end, score, strand, analysis, name, hstart, hend, hid, evalue, perc_id) VALUES (206,'7',1421,1563,85,-1,'1','blastp',113,160,'SW:FARR_ECOLI',0.0,0);
INSERT INTO feature (id, contig, seq_start, seq_end, score, strand, analysis, name, hstart, hend, hid, evalue, perc_id) VALUES (207,'7',1448,1563,45,-1,'1','blastp',118,156,'SW:YMFC_BACSU',0.0,0);
INSERT INTO feature (id, contig, seq_start, seq_end, score, strand, analysis, name, hstart, hend, hid, evalue, perc_id) VALUES (208,'7',1190,1320,61,-1,'1','blastp',197,240,'SW:YMFC_BACSU',0.0,0);
INSERT INTO feature (id, contig, seq_start, seq_end, score, strand, analysis, name, hstart, hend, hid, evalue, perc_id) VALUES (209,'7',1421,1539,46,-1,'1','blastp',126,165,'TR:O34817',0.0,0);
INSERT INTO feature (id, contig, seq_start, seq_end, score, strand, analysis, name, hstart, hend, hid, evalue, perc_id) VALUES (210,'7',1211,1422,53,-1,'1','blastp',164,234,'TR:O34817',0.0,0);
INSERT INTO feature (id, contig, seq_start, seq_end, score, strand, analysis, name, hstart, hend, hid, evalue, perc_id) VALUES (213,'8',130,1172,1807,1,'1','blastp',152,498,'SW:FEAB_ECOLI',0.0,0);
INSERT INTO feature (id, contig, seq_start, seq_end, score, strand, analysis, name, hstart, hend, hid, evalue, perc_id) VALUES (214,'8',130,1162,858,1,'1','blastp',145,489,'TR:O33455',0.0,0);
INSERT INTO feature (id, contig, seq_start, seq_end, score, strand, analysis, name, hstart, hend, hid, evalue, perc_id) VALUES (215,'8',139,1165,838,1,'1','blastp',149,491,'TR:O34660',0.0,0);
INSERT INTO feature (id, contig, seq_start, seq_end, score, strand, analysis, name, hstart, hend, hid, evalue, perc_id) VALUES (216,'8',136,796,534,1,'1','blastp',155,375,'TR:O06837',0.0,0);
INSERT INTO feature (id, contig, seq_start, seq_end, score, strand, analysis, name, hstart, hend, hid, evalue, perc_id) VALUES (217,'8',796,862,54,1,'1','blastp',376,398,'TR:O06837',0.0,0);
INSERT INTO feature (id, contig, seq_start, seq_end, score, strand, analysis, name, hstart, hend, hid, evalue, perc_id) VALUES (218,'8',865,1172,262,1,'1','blastp',400,501,'TR:O06837',0.0,0);
INSERT INTO feature (id, contig, seq_start, seq_end, score, strand, analysis, name, hstart, hend, hid, evalue, perc_id) VALUES (219,'8',136,796,534,1,'1','blastp',155,375,'TR:O33497',0.0,0);
INSERT INTO feature (id, contig, seq_start, seq_end, score, strand, analysis, name, hstart, hend, hid, evalue, perc_id) VALUES (220,'8',796,862,54,1,'1','blastp',376,398,'TR:O33497',0.0,0);
INSERT INTO feature (id, contig, seq_start, seq_end, score, strand, analysis, name, hstart, hend, hid, evalue, perc_id) VALUES (221,'8',865,1172,262,1,'1','blastp',400,501,'TR:O33497',0.0,0);
INSERT INTO feature (id, contig, seq_start, seq_end, score, strand, analysis, name, hstart, hend, hid, evalue, perc_id) VALUES (222,'8',136,796,534,1,'1','blastp',149,369,'TR:O50217',0.0,0);
INSERT INTO feature (id, contig, seq_start, seq_end, score, strand, analysis, name, hstart, hend, hid, evalue, perc_id) VALUES (223,'8',796,862,54,1,'1','blastp',370,392,'TR:O50217',0.0,0);
INSERT INTO feature (id, contig, seq_start, seq_end, score, strand, analysis, name, hstart, hend, hid, evalue, perc_id) VALUES (224,'8',865,1172,262,1,'1','blastp',394,495,'TR:O50217',0.0,0);
INSERT INTO feature (id, contig, seq_start, seq_end, score, strand, analysis, name, hstart, hend, hid, evalue, perc_id) VALUES (225,'8',130,1159,766,1,'1','blastp',167,510,'SW:DHA3_YEAST',0.0,0);
INSERT INTO feature (id, contig, seq_start, seq_end, score, strand, analysis, name, hstart, hend, hid, evalue, perc_id) VALUES (226,'8',157,466,326,1,'1','blastp',155,258,'SW:DHAL_ECOLI',0.0,0);
INSERT INTO feature (id, contig, seq_start, seq_end, score, strand, analysis, name, hstart, hend, hid, evalue, perc_id) VALUES (227,'8',469,526,45,1,'1','blastp',260,279,'SW:DHAL_ECOLI',0.0,0);
INSERT INTO feature (id, contig, seq_start, seq_end, score, strand, analysis, name, hstart, hend, hid, evalue, perc_id) VALUES (228,'8',532,865,132,1,'1','blastp',282,393,'SW:DHAL_ECOLI',0.0,0);
INSERT INTO feature (id, contig, seq_start, seq_end, score, strand, analysis, name, hstart, hend, hid, evalue, perc_id) VALUES (229,'8',811,1165,274,1,'1','blastp',373,491,'SW:DHAL_ECOLI',0.0,0);
INSERT INTO feature (id, contig, seq_start, seq_end, score, strand, analysis, name, hstart, hend, hid, evalue, perc_id) VALUES (230,'8',148,463,305,1,'1','blastp',154,259,'TR:O74187',0.0,0);
INSERT INTO feature (id, contig, seq_start, seq_end, score, strand, analysis, name, hstart, hend, hid, evalue, perc_id) VALUES (231,'8',442,1165,456,1,'1','blastp',253,494,'TR:O74187',0.0,0);
INSERT INTO feature (id, contig, seq_start, seq_end, score, strand, analysis, name, hstart, hend, hid, evalue, perc_id) VALUES (232,'8',130,1159,751,1,'1','blastp',170,513,'SW:DHA7_YEAST',0.0,0);
INSERT INTO feature (id, contig, seq_start, seq_end, score, strand, analysis, name, hstart, hend, hid, evalue, perc_id) VALUES (233,'8',130,466,331,1,'1','blastp',166,278,'TR:Q12648',0.0,0);
INSERT INTO feature (id, contig, seq_start, seq_end, score, strand, analysis, name, hstart, hend, hid, evalue, perc_id) VALUES (234,'8',460,1159,425,1,'1','blastp',277,510,'TR:Q12648',0.0,0);
INSERT INTO feature (id, contig, seq_start, seq_end, score, strand, analysis, name, hstart, hend, hid, evalue, perc_id) VALUES (235,'8',145,367,211,1,'1','blastp',136,210,'SW:DHAB_RHIME',0.0,0);
INSERT INTO feature (id, contig, seq_start, seq_end, score, strand, analysis, name, hstart, hend, hid, evalue, perc_id) VALUES (236,'8',376,808,288,1,'1','blastp',212,356,'SW:DHAB_RHIME',0.0,0);
INSERT INTO feature (id, contig, seq_start, seq_end, score, strand, analysis, name, hstart, hend, hid, evalue, perc_id) VALUES (237,'8',802,1165,259,1,'1','blastp',357,478,'SW:DHAB_RHIME',0.0,0);
INSERT INTO feature (id, contig, seq_start, seq_end, score, strand, analysis, name, hstart, hend, hid, evalue, perc_id) VALUES (238,'8',151,763,462,1,'1','blastp',116,320,'TR:O33340',0.0,0);
INSERT INTO feature (id, contig, seq_start, seq_end, score, strand, analysis, name, hstart, hend, hid, evalue, perc_id) VALUES (239,'8',808,844,40,1,'1','blastp',331,343,'TR:O33340',0.0,0);
INSERT INTO feature (id, contig, seq_start, seq_end, score, strand, analysis, name, hstart, hend, hid, evalue, perc_id) VALUES (240,'8',835,1165,254,1,'1','blastp',339,449,'TR:O33340',0.0,0);
INSERT INTO feature (id, contig, seq_start, seq_end, score, strand, analysis, name, hstart, hend, hid, evalue, perc_id) VALUES (241,'8',148,460,304,1,'1','blastp',153,257,'SW:DHAC_HUMAN',0.0,0);
INSERT INTO feature (id, contig, seq_start, seq_end, score, strand, analysis, name, hstart, hend, hid, evalue, perc_id) VALUES (242,'8',469,1172,446,1,'1','blastp',261,494,'SW:DHAC_HUMAN',0.0,0);
INSERT INTO feature (id, contig, seq_start, seq_end, score, strand, analysis, name, hstart, hend, hid, evalue, perc_id) VALUES (243,'8',139,460,293,1,'1','blastp',149,256,'SW:DHAS_CHICK',0.0,0);
INSERT INTO feature (id, contig, seq_start, seq_end, score, strand, analysis, name, hstart, hend, hid, evalue, perc_id) VALUES (244,'8',469,1172,456,1,'1','blastp',260,493,'SW:DHAS_CHICK',0.0,0);
INSERT INTO feature (id, contig, seq_start, seq_end, score, strand, analysis, name, hstart, hend, hid, evalue, perc_id) VALUES (245,'8',139,460,290,1,'1','blastp',149,256,'SW:DHAS_MOUSE',0.0,0);
INSERT INTO feature (id, contig, seq_start, seq_end, score, strand, analysis, name, hstart, hend, hid, evalue, perc_id) VALUES (246,'8',469,1172,455,1,'1','blastp',260,493,'SW:DHAS_MOUSE',0.0,0);
INSERT INTO feature (id, contig, seq_start, seq_end, score, strand, analysis, name, hstart, hend, hid, evalue, perc_id) VALUES (247,'8',139,460,291,1,'1','blastp',149,256,'SW:DHAS_HUMAN',0.0,0);
INSERT INTO feature (id, contig, seq_start, seq_end, score, strand, analysis, name, hstart, hend, hid, evalue, perc_id) VALUES (248,'8',469,1172,454,1,'1','blastp',260,493,'SW:DHAS_HUMAN',0.0,0);
INSERT INTO feature (id, contig, seq_start, seq_end, score, strand, analysis, name, hstart, hend, hid, evalue, perc_id) VALUES (249,'8',139,460,290,1,'1','blastp',149,256,'SW:DHAS_RAT',0.0,0);
INSERT INTO feature (id, contig, seq_start, seq_end, score, strand, analysis, name, hstart, hend, hid, evalue, perc_id) VALUES (250,'8',469,1172,454,1,'1','blastp',260,493,'SW:DHAS_RAT',0.0,0);
INSERT INTO feature (id, contig, seq_start, seq_end, score, strand, analysis, name, hstart, hend, hid, evalue, perc_id) VALUES (251,'8',148,442,310,1,'1','blastp',151,249,'SW:DHAL_ENCBU',0.0,0);
INSERT INTO feature (id, contig, seq_start, seq_end, score, strand, analysis, name, hstart, hend, hid, evalue, perc_id) VALUES (252,'8',469,1172,431,1,'1','blastp',259,492,'SW:DHAL_ENCBU',0.0,0);
INSERT INTO feature (id, contig, seq_start, seq_end, score, strand, analysis, name, hstart, hend, hid, evalue, perc_id) VALUES (253,'8',154,319,198,1,'1','blastp',135,190,'SW:YDCW_ECOLI',0.0,0);
INSERT INTO feature (id, contig, seq_start, seq_end, score, strand, analysis, name, hstart, hend, hid, evalue, perc_id) VALUES (254,'8',331,772,285,1,'1','blastp',193,340,'SW:YDCW_ECOLI',0.0,0);
INSERT INTO feature (id, contig, seq_start, seq_end, score, strand, analysis, name, hstart, hend, hid, evalue, perc_id) VALUES (255,'8',784,1172,249,1,'1','blastp',345,473,'SW:YDCW_ECOLI',0.0,0);
INSERT INTO feature (id, contig, seq_start, seq_end, score, strand, analysis, name, hstart, hend, hid, evalue, perc_id) VALUES (256,'8',136,808,489,1,'1','blastp',142,366,'SW:DHAB_BETVU',0.0,0);
INSERT INTO feature (id, contig, seq_start, seq_end, score, strand, analysis, name, hstart, hend, hid, evalue, perc_id) VALUES (257,'8',817,1159,235,1,'1','blastp',371,485,'SW:DHAB_BETVU',0.0,0);
INSERT INTO feature (id, contig, seq_start, seq_end, score, strand, analysis, name, hstart, hend, hid, evalue, perc_id) VALUES (258,'8',67,91,492,1,'1','blastp',134,141,'SW:DHAB_ORYSA',0.0,0);
INSERT INTO feature (id, contig, seq_start, seq_end, score, strand, analysis, name, hstart, hend, hid, evalue, perc_id) VALUES (259,'8',127,808,492,1,'1','blastp',141,368,'SW:DHAB_ORYSA',0.0,0);
INSERT INTO feature (id, contig, seq_start, seq_end, score, strand, analysis, name, hstart, hend, hid, evalue, perc_id) VALUES (260,'8',820,1159,225,1,'1','blastp',374,487,'SW:DHAB_ORYSA',0.0,0);
INSERT INTO feature (id, contig, seq_start, seq_end, score, strand, analysis, name, hstart, hend, hid, evalue, perc_id) VALUES (261,'8',130,466,292,1,'1','blastp',184,296,'WP:CE23852',0.0,0);
INSERT INTO feature (id, contig, seq_start, seq_end, score, strand, analysis, name, hstart, hend, hid, evalue, perc_id) VALUES (262,'8',460,1172,432,1,'1','blastp',295,531,'WP:CE23852',0.0,0);
INSERT INTO feature (id, contig, seq_start, seq_end, score, strand, analysis, name, hstart, hend, hid, evalue, perc_id) VALUES (263,'8',130,451,285,1,'1','blastp',152,259,'SW:DHA6_YEAST',0.0,0);
INSERT INTO feature (id, contig, seq_start, seq_end, score, strand, analysis, name, hstart, hend, hid, evalue, perc_id) VALUES (264,'8',457,655,143,1,'1','blastp',262,328,'SW:DHA6_YEAST',0.0,0);
INSERT INTO feature (id, contig, seq_start, seq_end, score, strand, analysis, name, hstart, hend, hid, evalue, perc_id) VALUES (265,'8',718,1172,297,1,'1','blastp',350,500,'SW:DHA6_YEAST',0.0,0);
INSERT INTO feature (id, contig, seq_start, seq_end, score, strand, analysis, name, hstart, hend, hid, evalue, perc_id) VALUES (266,'8',184,787,441,1,'1','blastp',1,202,'TR:O60793',0.0,0);
INSERT INTO feature (id, contig, seq_start, seq_end, score, strand, analysis, name, hstart, hend, hid, evalue, perc_id) VALUES (267,'8',820,1172,239,1,'1','blastp',220,336,'TR:O60793',0.0,0);
INSERT INTO feature (id, contig, seq_start, seq_end, score, strand, analysis, name, hstart, hend, hid, evalue, perc_id) VALUES (268,'8',130,364,206,1,'1','blastp',153,231,'TR:O85980',0.0,0);
INSERT INTO feature (id, contig, seq_start, seq_end, score, strand, analysis, name, hstart, hend, hid, evalue, perc_id) VALUES (269,'8',376,682,238,1,'1','blastp',236,338,'TR:O85980',0.0,0);
INSERT INTO feature (id, contig, seq_start, seq_end, score, strand, analysis, name, hstart, hend, hid, evalue, perc_id) VALUES (270,'8',703,820,50,1,'1','blastp',344,383,'TR:O85980',0.0,0);
INSERT INTO feature (id, contig, seq_start, seq_end, score, strand, analysis, name, hstart, hend, hid, evalue, perc_id) VALUES (271,'8',802,1172,231,1,'1','blastp',382,504,'TR:O85980',0.0,0);
INSERT INTO feature (id, contig, seq_start, seq_end, score, strand, analysis, name, hstart, hend, hid, evalue, perc_id) VALUES (272,'8',90,91,298,1,'1','blastp',187,187,'TR:P93344',0.0,0);
INSERT INTO feature (id, contig, seq_start, seq_end, score, strand, analysis, name, hstart, hend, hid, evalue, perc_id) VALUES (273,'8',127,463,298,1,'1','blastp',187,299,'TR:P93344',0.0,0);
INSERT INTO feature (id, contig, seq_start, seq_end, score, strand, analysis, name, hstart, hend, hid, evalue, perc_id) VALUES (274,'8',448,1159,383,1,'1','blastp',295,532,'TR:P93344',0.0,0);
INSERT INTO feature (id, contig, seq_start, seq_end, score, strand, analysis, name, hstart, hend, hid, evalue, perc_id) VALUES (275,'8',151,463,310,1,'1','blastp',559,663,'SW:FTDH_HUMAN',0.0,0);
INSERT INTO feature (id, contig, seq_start, seq_end, score, strand, analysis, name, hstart, hend, hid, evalue, perc_id) VALUES (276,'8',460,928,208,1,'1','blastp',663,819,'SW:FTDH_HUMAN',0.0,0);
INSERT INTO feature (id, contig, seq_start, seq_end, score, strand, analysis, name, hstart, hend, hid, evalue, perc_id) VALUES (277,'8',922,1172,188,1,'1','blastp',819,901,'SW:FTDH_HUMAN',0.0,0);
INSERT INTO feature (id, contig, seq_start, seq_end, score, strand, analysis, name, hstart, hend, hid, evalue, perc_id) VALUES (278,'8',151,463,305,1,'1','blastp',559,663,'SW:FTDH_RAT',0.0,0);
INSERT INTO feature (id, contig, seq_start, seq_end, score, strand, analysis, name, hstart, hend, hid, evalue, perc_id) VALUES (279,'8',460,928,213,1,'1','blastp',663,819,'SW:FTDH_RAT',0.0,0);
INSERT INTO feature (id, contig, seq_start, seq_end, score, strand, analysis, name, hstart, hend, hid, evalue, perc_id) VALUES (280,'8',922,1172,187,1,'1','blastp',819,901,'SW:FTDH_RAT',0.0,0);
INSERT INTO feature (id, contig, seq_start, seq_end, score, strand, analysis, name, hstart, hend, hid, evalue, perc_id) VALUES (281,'8',820,1172,247,1,'1','blastp',381,497,'TR:Q9Z9I8',0.0,0);
INSERT INTO feature (id, contig, seq_start, seq_end, score, strand, analysis, name, hstart, hend, hid, evalue, perc_id) VALUES (282,'8',820,1172,241,1,'1','blastp',380,496,'TR:O50203',0.0,0);
INSERT INTO feature (id, contig, seq_start, seq_end, score, strand, analysis, name, hstart, hend, hid, evalue, perc_id) VALUES (283,'8',43,91,178,1,'1','blastp',126,141,'SW:YBL6_YEAST',0.0,0);
INSERT INTO feature (id, contig, seq_start, seq_end, score, strand, analysis, name, hstart, hend, hid, evalue, perc_id) VALUES (284,'8',127,352,178,1,'1','blastp',141,216,'SW:YBL6_YEAST',0.0,0);
INSERT INTO feature (id, contig, seq_start, seq_end, score, strand, analysis, name, hstart, hend, hid, evalue, perc_id) VALUES (285,'8',376,790,195,1,'1','blastp',226,364,'SW:YBL6_YEAST',0.0,0);
INSERT INTO feature (id, contig, seq_start, seq_end, score, strand, analysis, name, hstart, hend, hid, evalue, perc_id) VALUES (286,'8',826,1165,174,1,'1','blastp',377,490,'SW:YBL6_YEAST',0.0,0);
INSERT INTO feature (id, contig, seq_start, seq_end, score, strand, analysis, name, hstart, hend, hid, evalue, perc_id) VALUES (287,'8',79,91,216,1,'1','blastp',125,128,'TR:O53816',0.0,0);
INSERT INTO feature (id, contig, seq_start, seq_end, score, strand, analysis, name, hstart, hend, hid, evalue, perc_id) VALUES (288,'8',127,385,216,1,'1','blastp',128,214,'TR:O53816',0.0,0);
INSERT INTO feature (id, contig, seq_start, seq_end, score, strand, analysis, name, hstart, hend, hid, evalue, perc_id) VALUES (289,'8',382,604,88,1,'1','blastp',212,286,'TR:O53816',0.0,0);
INSERT INTO feature (id, contig, seq_start, seq_end, score, strand, analysis, name, hstart, hend, hid, evalue, perc_id) VALUES (290,'8',658,790,62,1,'1','blastp',305,349,'TR:O53816',0.0,0);
INSERT INTO feature (id, contig, seq_start, seq_end, score, strand, analysis, name, hstart, hend, hid, evalue, perc_id) VALUES (291,'8',820,1048,147,1,'1','blastp',374,450,'TR:O53816',0.0,0);
INSERT INTO feature (id, contig, seq_start, seq_end, score, strand, analysis, name, hstart, hend, hid, evalue, perc_id) VALUES (292,'8',1081,1108,37,1,'1','blastp',462,471,'TR:O53816',0.0,0);
INSERT INTO feature (id, contig, seq_start, seq_end, score, strand, analysis, name, hstart, hend, hid, evalue, perc_id) VALUES (293,'8',85,91,142,1,'1','blastp',125,126,'TR:O27059',0.0,0);
INSERT INTO feature (id, contig, seq_start, seq_end, score, strand, analysis, name, hstart, hend, hid, evalue, perc_id) VALUES (294,'8',127,319,142,1,'1','blastp',126,190,'TR:O27059',0.0,0);
INSERT INTO feature (id, contig, seq_start, seq_end, score, strand, analysis, name, hstart, hend, hid, evalue, perc_id) VALUES (295,'8',331,463,87,1,'1','blastp',193,237,'TR:O27059',0.0,0);
INSERT INTO feature (id, contig, seq_start, seq_end, score, strand, analysis, name, hstart, hend, hid, evalue, perc_id) VALUES (296,'8',457,802,149,1,'1','blastp',233,348,'TR:O27059',0.0,0);
INSERT INTO feature (id, contig, seq_start, seq_end, score, strand, analysis, name, hstart, hend, hid, evalue, perc_id) VALUES (297,'8',805,1057,145,1,'1','blastp',346,430,'TR:O27059',0.0,0);
INSERT INTO feature (id, contig, seq_start, seq_end, score, strand, analysis, name, hstart, hend, hid, evalue, perc_id) VALUES (298,'8',67,91,123,1,'1','blastp',85,92,'TR:Q55811',0.0,0);
INSERT INTO feature (id, contig, seq_start, seq_end, score, strand, analysis, name, hstart, hend, hid, evalue, perc_id) VALUES (299,'8',127,283,123,1,'1','blastp',92,144,'TR:Q55811',0.0,0);
INSERT INTO feature (id, contig, seq_start, seq_end, score, strand, analysis, name, hstart, hend, hid, evalue, perc_id) VALUES (300,'8',412,673,162,1,'1','blastp',184,271,'TR:Q55811',0.0,0);
INSERT INTO feature (id, contig, seq_start, seq_end, score, strand, analysis, name, hstart, hend, hid, evalue, perc_id) VALUES (301,'8',826,1048,106,1,'1','blastp',315,389,'TR:Q55811',0.0,0);
INSERT INTO feature (id, contig, seq_start, seq_end, score, strand, analysis, name, hstart, hend, hid, evalue, perc_id) VALUES (302,'8',1072,1172,60,1,'1','blastp',399,431,'TR:Q55811',0.0,0);
INSERT INTO feature (id, contig, seq_start, seq_end, score, strand, analysis, name, hstart, hend, hid, evalue, perc_id) VALUES (303,'8',67,91,144,1,'1','blastp',101,108,'SW:DHAL_PSEOL',0.0,0);
INSERT INTO feature (id, contig, seq_start, seq_end, score, strand, analysis, name, hstart, hend, hid, evalue, perc_id) VALUES (304,'8',127,322,144,1,'1','blastp',108,173,'SW:DHAL_PSEOL',0.0,0);
INSERT INTO feature (id, contig, seq_start, seq_end, score, strand, analysis, name, hstart, hend, hid, evalue, perc_id) VALUES (305,'8',412,616,128,1,'1','blastp',200,268,'SW:DHAL_PSEOL',0.0,0);
INSERT INTO feature (id, contig, seq_start, seq_end, score, strand, analysis, name, hstart, hend, hid, evalue, perc_id) VALUES (306,'8',718,841,54,1,'1','blastp',304,345,'SW:DHAL_PSEOL',0.0,0);
INSERT INTO feature (id, contig, seq_start, seq_end, score, strand, analysis, name, hstart, hend, hid, evalue, perc_id) VALUES (307,'8',829,1048,92,1,'1','blastp',340,413,'SW:DHAL_PSEOL',0.0,0);
INSERT INTO feature (id, contig, seq_start, seq_end, score, strand, analysis, name, hstart, hend, hid, evalue, perc_id) VALUES (308,'8',1072,1120,53,1,'1','blastp',423,439,'SW:DHAL_PSEOL',0.0,0);
INSERT INTO feature (id, contig, seq_start, seq_end, score, strand, analysis, name, hstart, hend, hid, evalue, perc_id) VALUES (309,'8',67,91,128,1,'1','blastp',101,108,'TR:Q9WWW3',0.0,0);
INSERT INTO feature (id, contig, seq_start, seq_end, score, strand, analysis, name, hstart, hend, hid, evalue, perc_id) VALUES (310,'8',127,322,128,1,'1','blastp',108,173,'TR:Q9WWW3',0.0,0);
INSERT INTO feature (id, contig, seq_start, seq_end, score, strand, analysis, name, hstart, hend, hid, evalue, perc_id) VALUES (311,'8',412,616,133,1,'1','blastp',200,268,'TR:Q9WWW3',0.0,0);
INSERT INTO feature (id, contig, seq_start, seq_end, score, strand, analysis, name, hstart, hend, hid, evalue, perc_id) VALUES (312,'8',718,796,40,1,'1','blastp',304,330,'TR:Q9WWW3',0.0,0);
INSERT INTO feature (id, contig, seq_start, seq_end, score, strand, analysis, name, hstart, hend, hid, evalue, perc_id) VALUES (313,'8',826,1048,103,1,'1','blastp',339,413,'TR:Q9WWW3',0.0,0);
INSERT INTO feature (id, contig, seq_start, seq_end, score, strand, analysis, name, hstart, hend, hid, evalue, perc_id) VALUES (314,'8',1072,1120,53,1,'1','blastp',423,439,'TR:Q9WWW3',0.0,0);
INSERT INTO feature (id, contig, seq_start, seq_end, score, strand, analysis, name, hstart, hend, hid, evalue, perc_id) VALUES (315,'8',67,91,131,1,'1','blastp',86,93,'TR:O68123',0.0,0);
INSERT INTO feature (id, contig, seq_start, seq_end, score, strand, analysis, name, hstart, hend, hid, evalue, perc_id) VALUES (316,'8',127,316,131,1,'1','blastp',93,156,'TR:O68123',0.0,0);
INSERT INTO feature (id, contig, seq_start, seq_end, score, strand, analysis, name, hstart, hend, hid, evalue, perc_id) VALUES (317,'8',412,616,141,1,'1','blastp',185,253,'TR:O68123',0.0,0);
INSERT INTO feature (id, contig, seq_start, seq_end, score, strand, analysis, name, hstart, hend, hid, evalue, perc_id) VALUES (318,'8',718,853,47,1,'1','blastp',286,331,'TR:O68123',0.0,0);
INSERT INTO feature (id, contig, seq_start, seq_end, score, strand, analysis, name, hstart, hend, hid, evalue, perc_id) VALUES (319,'8',67,91,124,1,'1','blastp',86,93,'SW:DHA2_BACSU',0.0,0);
INSERT INTO feature (id, contig, seq_start, seq_end, score, strand, analysis, name, hstart, hend, hid, evalue, perc_id) VALUES (320,'8',127,316,124,1,'1','blastp',93,156,'SW:DHA2_BACSU',0.0,0);
INSERT INTO feature (id, contig, seq_start, seq_end, score, strand, analysis, name, hstart, hend, hid, evalue, perc_id) VALUES (321,'8',412,667,168,1,'1','blastp',185,270,'SW:DHA2_BACSU',0.0,0);
INSERT INTO feature (id, contig, seq_start, seq_end, score, strand, analysis, name, hstart, hend, hid, evalue, perc_id) VALUES (322,'8',682,763,48,1,'1','blastp',274,301,'SW:DHA2_BACSU',0.0,0);
INSERT INTO feature (id, contig, seq_start, seq_end, score, strand, analysis, name, hstart, hend, hid, evalue, perc_id) VALUES (323,'8',829,991,53,1,'1','blastp',317,371,'SW:DHA2_BACSU',0.0,0);
INSERT INTO feature (id, contig, seq_start, seq_end, score, strand, analysis, name, hstart, hend, hid, evalue, perc_id) VALUES (324,'8',1075,1159,56,1,'1','blastp',401,429,'SW:DHA2_BACSU',0.0,0);
INSERT INTO feature (id, contig, seq_start, seq_end, score, strand, analysis, name, hstart, hend, hid, evalue, perc_id) VALUES (325,'8',70,91,122,1,'1','blastp',86,92,'SW:DHA7_HUMAN',0.0,0);
INSERT INTO feature (id, contig, seq_start, seq_end, score, strand, analysis, name, hstart, hend, hid, evalue, perc_id) VALUES (326,'8',127,274,122,1,'1','blastp',92,141,'SW:DHA7_HUMAN',0.0,0);
INSERT INTO feature (id, contig, seq_start, seq_end, score, strand, analysis, name, hstart, hend, hid, evalue, perc_id) VALUES (327,'8',412,664,150,1,'1','blastp',184,268,'SW:DHA7_HUMAN',0.0,0);
INSERT INTO feature (id, contig, seq_start, seq_end, score, strand, analysis, name, hstart, hend, hid, evalue, perc_id) VALUES (328,'8',826,958,86,1,'1','blastp',315,359,'SW:DHA7_HUMAN',0.0,0);
INSERT INTO feature (id, contig, seq_start, seq_end, score, strand, analysis, name, hstart, hend, hid, evalue, perc_id) VALUES (329,'8',1069,1172,56,1,'1','blastp',398,431,'SW:DHA7_HUMAN',0.0,0);
INSERT INTO feature (id, contig, seq_start, seq_end, score, strand, analysis, name, hstart, hend, hid, evalue, perc_id) VALUES (330,'8',67,91,98,1,'1','blastp',147,154,'SW:DHA1_ENTHI',0.0,0);
INSERT INTO feature (id, contig, seq_start, seq_end, score, strand, analysis, name, hstart, hend, hid, evalue, perc_id) VALUES (331,'8',127,319,98,1,'1','blastp',154,218,'SW:DHA1_ENTHI',0.0,0);
INSERT INTO feature (id, contig, seq_start, seq_end, score, strand, analysis, name, hstart, hend, hid, evalue, perc_id) VALUES (332,'8',418,616,132,1,'1','blastp',249,315,'SW:DHA1_ENTHI',0.0,0);
INSERT INTO feature (id, contig, seq_start, seq_end, score, strand, analysis, name, hstart, hend, hid, evalue, perc_id) VALUES (333,'8',817,1048,74,1,'1','blastp',375,452,'SW:DHA1_ENTHI',0.0,0);
INSERT INTO feature (id, contig, seq_start, seq_end, score, strand, analysis, name, hstart, hend, hid, evalue, perc_id) VALUES (334,'8',1060,1162,68,1,'1','blastp',458,492,'SW:DHA1_ENTHI',0.0,0);
INSERT INTO feature (id, contig, seq_start, seq_end, score, strand, analysis, name, hstart, hend, hid, evalue, perc_id) VALUES (335,'8',34,91,39,1,'1','blastp',154,172,'SW:PUT2_AGABI',0.0,0);
INSERT INTO feature (id, contig, seq_start, seq_end, score, strand, analysis, name, hstart, hend, hid, evalue, perc_id) VALUES (336,'8',127,238,39,1,'1','blastp',172,209,'SW:PUT2_AGABI',0.0,0);
INSERT INTO feature (id, contig, seq_start, seq_end, score, strand, analysis, name, hstart, hend, hid, evalue, perc_id) VALUES (337,'8',247,391,72,1,'1','blastp',211,259,'SW:PUT2_AGABI',0.0,0);
INSERT INTO feature (id, contig, seq_start, seq_end, score, strand, analysis, name, hstart, hend, hid, evalue, perc_id) VALUES (338,'8',364,478,43,1,'1','blastp',249,287,'SW:PUT2_AGABI',0.0,0);
INSERT INTO feature (id, contig, seq_start, seq_end, score, strand, analysis, name, hstart, hend, hid, evalue, perc_id) VALUES (339,'8',478,634,87,1,'1','blastp',293,345,'SW:PUT2_AGABI',0.0,0);
INSERT INTO feature (id, contig, seq_start, seq_end, score, strand, analysis, name, hstart, hend, hid, evalue, perc_id) VALUES (340,'8',658,928,116,1,'1','blastp',354,444,'SW:PUT2_AGABI',0.0,0);
INSERT INTO feature (id, contig, seq_start, seq_end, score, strand, analysis, name, hstart, hend, hid, evalue, perc_id) VALUES (341,'8',151,1172,506,1,'2','hmmpfam',136,475,'aldedh',0.0,0);
INSERT INTO feature (id, contig, seq_start, seq_end, score, strand, analysis, name, hstart, hend, hid, evalue, perc_id) VALUES (342,'8',146,460,304,1,'3','tblastn',460,774,'HSAF3341',0.0,0);
INSERT INTO feature (id, contig, seq_start, seq_end, score, strand, analysis, name, hstart, hend, hid, evalue, perc_id) VALUES (343,'8',467,1172,446,1,'3','tblastn',784,1484,'HSAF3341',0.0,0);
INSERT INTO feature (id, contig, seq_start, seq_end, score, strand, analysis, name, hstart, hend, hid, evalue, perc_id) VALUES (344,'8',137,460,293,1,'3','tblastn',445,768,'AF181680',0.0,0);
INSERT INTO feature (id, contig, seq_start, seq_end, score, strand, analysis, name, hstart, hend, hid, evalue, perc_id) VALUES (345,'8',467,1172,456,1,'3','tblastn',778,1478,'AF181680',0.0,0);
INSERT INTO feature (id, contig, seq_start, seq_end, score, strand, analysis, name, hstart, hend, hid, evalue, perc_id) VALUES (346,'8',137,460,291,1,'3','tblastn',308,631,'AB015227',0.0,0);
INSERT INTO feature (id, contig, seq_start, seq_end, score, strand, analysis, name, hstart, hend, hid, evalue, perc_id) VALUES (347,'8',467,1172,454,1,'3','tblastn',641,1341,'AB015227',0.0,0);
INSERT INTO feature (id, contig, seq_start, seq_end, score, strand, analysis, name, hstart, hend, hid, evalue, perc_id) VALUES (348,'8',137,460,291,1,'3','tblastn',545,868,'AB015226',0.0,0);
INSERT INTO feature (id, contig, seq_start, seq_end, score, strand, analysis, name, hstart, hend, hid, evalue, perc_id) VALUES (349,'8',467,1172,454,1,'3','tblastn',878,1578,'AB015226',0.0,0);
INSERT INTO feature (id, contig, seq_start, seq_end, score, strand, analysis, name, hstart, hend, hid, evalue, perc_id) VALUES (350,'8',143,448,287,1,'3','tblastn',151,456,'HSALDH2Z',0.0,0);
INSERT INTO feature (id, contig, seq_start, seq_end, score, strand, analysis, name, hstart, hend, hid, evalue, perc_id) VALUES (351,'8',461,1172,435,1,'3','tblastn',472,1178,'HSALDH2Z',0.0,0);
INSERT INTO feature (id, contig, seq_start, seq_end, score, strand, analysis, name, hstart, hend, hid, evalue, perc_id) VALUES (352,'8',137,460,290,1,'3','tblastn',505,828,'MMRALDH2',0.0,0);
INSERT INTO feature (id, contig, seq_start, seq_end, score, strand, analysis, name, hstart, hend, hid, evalue, perc_id) VALUES (353,'8',467,1172,455,1,'3','tblastn',838,1538,'MMRALDH2',0.0,0);
INSERT INTO feature (id, contig, seq_start, seq_end, score, strand, analysis, name, hstart, hend, hid, evalue, perc_id) VALUES (354,'8',146,460,305,1,'3','tblastn',460,774,'S75713',0.0,0);
INSERT INTO feature (id, contig, seq_start, seq_end, score, strand, analysis, name, hstart, hend, hid, evalue, perc_id) VALUES (355,'8',467,1172,435,1,'3','tblastn',784,1484,'S75713',0.0,0);
INSERT INTO feature (id, contig, seq_start, seq_end, score, strand, analysis, name, hstart, hend, hid, evalue, perc_id) VALUES (356,'8',182,460,271,1,'3','tblastn',13,291,'HSALDH1Z',0.0,0);
INSERT INTO feature (id, contig, seq_start, seq_end, score, strand, analysis, name, hstart, hend, hid, evalue, perc_id) VALUES (357,'8',467,1172,446,1,'3','tblastn',301,1001,'HSALDH1Z',0.0,0);
INSERT INTO feature (id, contig, seq_start, seq_end, score, strand, analysis, name, hstart, hend, hid, evalue, perc_id) VALUES (358,'8',137,460,290,1,'3','tblastn',507,830,'RNU60063',0.0,0);
INSERT INTO feature (id, contig, seq_start, seq_end, score, strand, analysis, name, hstart, hend, hid, evalue, perc_id) VALUES (359,'8',467,1172,454,1,'3','tblastn',840,1540,'RNU60063',0.0,0);
INSERT INTO feature (id, contig, seq_start, seq_end, score, strand, analysis, name, hstart, hend, hid, evalue, perc_id) VALUES (360,'8',137,460,293,1,'3','tblastn',554,877,'AF064253',0.0,0);
INSERT INTO feature (id, contig, seq_start, seq_end, score, strand, analysis, name, hstart, hend, hid, evalue, perc_id) VALUES (361,'8',467,1172,456,1,'3','tblastn',887,1587,'AF064253',0.0,0);
INSERT INTO feature (id, contig, seq_start, seq_end, score, strand, analysis, name, hstart, hend, hid, evalue, perc_id) VALUES (362,'8',146,460,291,1,'3','tblastn',769,1083,'GGADHR',0.0,0);
INSERT INTO feature (id, contig, seq_start, seq_end, score, strand, analysis, name, hstart, hend, hid, evalue, perc_id) VALUES (363,'8',137,460,298,1,'3','tblastn',483,806,'AB016718',0.0,0);
INSERT INTO feature (id, contig, seq_start, seq_end, score, strand, analysis, name, hstart, hend, hid, evalue, perc_id) VALUES (364,'8',137,460,291,1,'3','tblastn',270,593,'AB015228',0.0,0);
INSERT INTO feature (id, contig, seq_start, seq_end, score, strand, analysis, name, hstart, hend, hid, evalue, perc_id) VALUES (365,'8',137,460,298,1,'3','tblastn',511,834,'AF061833',0.0,0);
INSERT INTO feature (id, contig, seq_start, seq_end, score, strand, analysis, name, hstart, hend, hid, evalue, perc_id) VALUES (366,'8',146,463,300,1,'3','tblastn',545,862,'HS07919',0.0,0);
INSERT INTO feature (id, contig, seq_start, seq_end, score, strand, analysis, name, hstart, hend, hid, evalue, perc_id) VALUES (367,'8',461,1172,435,1,'3','tblastn',472,1178,'HSALDH2',0.0,0);
INSERT INTO feature (id, contig, seq_start, seq_end, score, strand, analysis, name, hstart, hend, hid, evalue, perc_id) VALUES (368,'8',461,1172,446,1,'3','tblastn',937,1643,'MM07235',0.0,0);
INSERT INTO feature (id, contig, seq_start, seq_end, score, strand, analysis, name, hstart, hend, hid, evalue, perc_id) VALUES (369,'8',461,1172,442,1,'3','tblastn',863,1569,'RNADR',0.0,0);
INSERT INTO feature (id, contig, seq_start, seq_end, score, strand, analysis, name, hstart, hend, hid, evalue, perc_id) VALUES (370,'8',137,460,296,1,'3','tblastn',452,775,'AB016717',0.0,0);
INSERT INTO feature (id, contig, seq_start, seq_end, score, strand, analysis, name, hstart, hend, hid, evalue, perc_id) VALUES (371,'8',461,1172,435,1,'3','tblastn',850,1556,'HSALDHIR',0.0,0);
INSERT INTO feature (id, contig, seq_start, seq_end, score, strand, analysis, name, hstart, hend, hid, evalue, perc_id) VALUES (372,'8',461,1172,435,1,'3','tblastn',859,1565,'HSALDHI1',0.0,0);
INSERT INTO feature (id, contig, seq_start, seq_end, score, strand, analysis, name, hstart, hend, hid, evalue, perc_id) VALUES (373,'8',461,1172,447,1,'3','tblastn',891,1597,'S71509',0.0,0);
INSERT INTO feature (id, contig, seq_start, seq_end, score, strand, analysis, name, hstart, hend, hid, evalue, perc_id) VALUES (374,'8',143,463,281,1,'3','tblastn',495,815,'MP03906',0.0,0);
INSERT INTO feature (id, contig, seq_start, seq_end, score, strand, analysis, name, hstart, hend, hid, evalue, perc_id) VALUES (375,'8',458,1172,428,1,'3','tblastn',813,1522,'MP03906',0.0,0);
INSERT INTO feature (id, contig, seq_start, seq_end, score, strand, analysis, name, hstart, hend, hid, evalue, perc_id) VALUES (376,'8',458,1172,427,1,'3','tblastn',832,1541,'EE483',0.0,0);
INSERT INTO feature (id, contig, seq_start, seq_end, score, strand, analysis, name, hstart, hend, hid, evalue, perc_id) VALUES (377,'8',350,802,267,1,'3','tblastn',526,978,'HSALDH',0.0,0);
INSERT INTO feature (id, contig, seq_start, seq_end, score, strand, analysis, name, hstart, hend, hid, evalue, perc_id) VALUES (378,'8',920,1172,188,1,'3','tblastn',2565,2812,'AF052732',0.0,0);
INSERT INTO feature (id, contig, seq_start, seq_end, score, strand, analysis, name, hstart, hend, hid, evalue, perc_id) VALUES (379,'8',920,1172,187,1,'3','tblastn',2617,2864,'RN10HCO',0.0,0);
INSERT INTO feature (id, contig, seq_start, seq_end, score, strand, analysis, name, hstart, hend, hid, evalue, perc_id) VALUES (380,'8',70,91,122,1,'3','tblastn',303,322,'HS10868',0.0,0);
INSERT INTO feature (id, contig, seq_start, seq_end, score, strand, analysis, name, hstart, hend, hid, evalue, perc_id) VALUES (381,'8',127,274,122,1,'3','tblastn',323,470,'HS10868',0.0,0);
INSERT INTO feature (id, contig, seq_start, seq_end, score, strand, analysis, name, hstart, hend, hid, evalue, perc_id) VALUES (382,'8',980,1172,150,1,'3','tblastn',3,190,'AF086109',0.0,0);
INSERT INTO feature (id, contig, seq_start, seq_end, score, strand, analysis, name, hstart, hend, hid, evalue, perc_id) VALUES (383,'8',146,460,305,1,'4','tblastn',47,361,'gb|AA871245|AA871245',0.0,0);
INSERT INTO feature (id, contig, seq_start, seq_end, score, strand, analysis, name, hstart, hend, hid, evalue, perc_id) VALUES (384,'8',467,697,157,1,'4','tblastn',371,601,'gb|AA871245|AA871245',0.0,0);
INSERT INTO feature (id, contig, seq_start, seq_end, score, strand, analysis, name, hstart, hend, hid, evalue, perc_id) VALUES (385,'8',146,643,440,1,'4','tblastn',159,656,'gb|AI067914|AI067914',0.0,0);
INSERT INTO feature (id, contig, seq_start, seq_end, score, strand, analysis, name, hstart, hend, hid, evalue, perc_id) VALUES (386,'8',374,439,67,1,'4','tblastn',5,70,'gb|AI604643.1|AI604643',0.0,0);
INSERT INTO feature (id, contig, seq_start, seq_end, score, strand, analysis, name, hstart, hend, hid, evalue, perc_id) VALUES (387,'8',461,910,251,1,'4','tblastn',95,544,'gb|AI604643.1|AI604643',0.0,0);
INSERT INTO feature (id, contig, seq_start, seq_end, score, strand, analysis, name, hstart, hend, hid, evalue, perc_id) VALUES (388,'8',926,1093,110,1,'4','tblastn',559,726,'gb|AI604643.1|AI604643',0.0,0);
INSERT INTO feature (id, contig, seq_start, seq_end, score, strand, analysis, name, hstart, hend, hid, evalue, perc_id) VALUES (389,'8',1085,1172,59,1,'4','tblastn',717,799,'gb|AI604643.1|AI604643',0.0,0);
INSERT INTO feature (id, contig, seq_start, seq_end, score, strand, analysis, name, hstart, hend, hid, evalue, perc_id) VALUES (390,'8',146,460,305,1,'4','tblastn',360,674,'gb|AI266998|AI266998',0.0,0);
INSERT INTO feature (id, contig, seq_start, seq_end, score, strand, analysis, name, hstart, hend, hid, evalue, perc_id) VALUES (391,'8',467,685,150,1,'4','tblastn',132,350,'gb|AI266998|AI266998',0.0,0);
INSERT INTO feature (id, contig, seq_start, seq_end, score, strand, analysis, name, hstart, hend, hid, evalue, perc_id) VALUES (392,'8',90,91,328,1,'4','tblastn',3,4,'gb|AW043315.1|AW043315',0.0,0);
INSERT INTO feature (id, contig, seq_start, seq_end, score, strand, analysis, name, hstart, hend, hid, evalue, perc_id) VALUES (393,'8',127,463,328,1,'4','tblastn',5,341,'gb|AW043315.1|AW043315',0.0,0);
INSERT INTO feature (id, contig, seq_start, seq_end, score, strand, analysis, name, hstart, hend, hid, evalue, perc_id) VALUES (394,'8',458,634,124,1,'4','tblastn',339,515,'gb|AW043315.1|AW043315',0.0,0);
INSERT INTO feature (id, contig, seq_start, seq_end, score, strand, analysis, name, hstart, hend, hid, evalue, perc_id) VALUES (395,'8',158,463,299,1,'4','tblastn',65,370,'gb|AI894933.1|AI894933',0.0,0);
INSERT INTO feature (id, contig, seq_start, seq_end, score, strand, analysis, name, hstart, hend, hid, evalue, perc_id) VALUES (396,'8',458,745,139,1,'4','tblastn',368,655,'gb|AI894933.1|AI894933',0.0,0);
INSERT INTO feature (id, contig, seq_start, seq_end, score, strand, analysis, name, hstart, hend, hid, evalue, perc_id) VALUES (397,'8',137,463,306,1,'4','tblastn',10,336,'gb|AI460621.1|AI460621',0.0,0);
INSERT INTO feature (id, contig, seq_start, seq_end, score, strand, analysis, name, hstart, hend, hid, evalue, perc_id) VALUES (398,'8',458,634,131,1,'4','tblastn',334,510,'gb|AI460621.1|AI460621',0.0,0);
INSERT INTO feature (id, contig, seq_start, seq_end, score, strand, analysis, name, hstart, hend, hid, evalue, perc_id) VALUES (399,'8',158,463,299,1,'4','tblastn',60,365,'gb|AW033590.1|AW033590',0.0,0);
INSERT INTO feature (id, contig, seq_start, seq_end, score, strand, analysis, name, hstart, hend, hid, evalue, perc_id) VALUES (400,'8',458,643,133,1,'4','tblastn',363,548,'gb|AW033590.1|AW033590',0.0,0);
INSERT INTO feature (id, contig, seq_start, seq_end, score, strand, analysis, name, hstart, hend, hid, evalue, perc_id) VALUES (401,'8',90,91,289,1,'4','tblastn',170,171,'gb|AI880925.1|AI880925',0.0,0);
INSERT INTO feature (id, contig, seq_start, seq_end, score, strand, analysis, name, hstart, hend, hid, evalue, perc_id) VALUES (402,'8',127,460,289,1,'4','tblastn',172,505,'gb|AI880925.1|AI880925',0.0,0);
INSERT INTO feature (id, contig, seq_start, seq_end, score, strand, analysis, name, hstart, hend, hid, evalue, perc_id) VALUES (403,'8',467,613,134,1,'4','tblastn',515,661,'gb|AI880925.1|AI880925',0.0,0);
INSERT INTO feature (id, contig, seq_start, seq_end, score, strand, analysis, name, hstart, hend, hid, evalue, perc_id) VALUES (404,'8',146,379,227,1,'4','tblastn',91,324,'gb|AI135081|AI135081',0.0,0);
INSERT INTO feature (id, contig, seq_start, seq_end, score, strand, analysis, name, hstart, hend, hid, evalue, perc_id) VALUES (405,'8',374,442,69,1,'4','tblastn',316,384,'gb|AI135081|AI135081',0.0,0);
INSERT INTO feature (id, contig, seq_start, seq_end, score, strand, analysis, name, hstart, hend, hid, evalue, perc_id) VALUES (406,'8',467,634,143,1,'4','tblastn',412,579,'gb|AI135081|AI135081',0.0,0);
INSERT INTO feature (id, contig, seq_start, seq_end, score, strand, analysis, name, hstart, hend, hid, evalue, perc_id) VALUES (407,'8',146,379,227,1,'4','tblastn',261,494,'gb|AA568034|AA568034',0.0,0);
INSERT INTO feature (id, contig, seq_start, seq_end, score, strand, analysis, name, hstart, hend, hid, evalue, perc_id) VALUES (408,'8',374,442,69,1,'4','tblastn',486,554,'gb|AA568034|AA568034',0.0,0);
INSERT INTO feature (id, contig, seq_start, seq_end, score, strand, analysis, name, hstart, hend, hid, evalue, perc_id) VALUES (409,'8',515,634,88,1,'4','tblastn',631,750,'gb|AA568034|AA568034',0.0,0);
INSERT INTO feature (id, contig, seq_start, seq_end, score, strand, analysis, name, hstart, hend, hid, evalue, perc_id) VALUES (410,'8',200,463,254,1,'4','tblastn',1,264,'gb|AW032379.1|AW032379',0.0,0);
INSERT INTO feature (id, contig, seq_start, seq_end, score, strand, analysis, name, hstart, hend, hid, evalue, perc_id) VALUES (411,'8',458,721,156,1,'4','tblastn',262,525,'gb|AW032379.1|AW032379',0.0,0);
INSERT INTO feature (id, contig, seq_start, seq_end, score, strand, analysis, name, hstart, hend, hid, evalue, perc_id) VALUES (412,'8',182,463,276,1,'4','tblastn',4,285,'gb|AW035646.1|AW035646',0.0,0);
INSERT INTO feature (id, contig, seq_start, seq_end, score, strand, analysis, name, hstart, hend, hid, evalue, perc_id) VALUES (413,'8',458,643,133,1,'4','tblastn',283,468,'gb|AW035646.1|AW035646',0.0,0);
INSERT INTO feature (id, contig, seq_start, seq_end, score, strand, analysis, name, hstart, hend, hid, evalue, perc_id) VALUES (414,'8',90,91,293,1,'4','tblastn',133,134,'gb|AW185543.1|AW185543',0.0,0);
INSERT INTO feature (id, contig, seq_start, seq_end, score, strand, analysis, name, hstart, hend, hid, evalue, perc_id) VALUES (415,'8',127,463,293,1,'4','tblastn',135,471,'gb|AW185543.1|AW185543',0.0,0);
INSERT INTO feature (id, contig, seq_start, seq_end, score, strand, analysis, name, hstart, hend, hid, evalue, perc_id) VALUES (416,'8',458,616,115,1,'4','tblastn',469,627,'gb|AW185543.1|AW185543',0.0,0);
INSERT INTO feature (id, contig, seq_start, seq_end, score, strand, analysis, name, hstart, hend, hid, evalue, perc_id) VALUES (417,'8',458,592,90,1,'4','tblastn',311,445,'gb|AW216903.1|AW216903',0.0,0);
INSERT INTO feature (id, contig, seq_start, seq_end, score, strand, analysis, name, hstart, hend, hid, evalue, perc_id) VALUES (418,'8',458,673,128,1,'4','tblastn',280,495,'emb|AJ273175.1|AJ273175',0.0,0);
INSERT INTO feature (id, contig, seq_start, seq_end, score, strand, analysis, name, hstart, hend, hid, evalue, perc_id) VALUES (419,'8',458,757,174,1,'4','tblastn',249,548,'gb|AW180829.1|AW180829',0.0,0);
INSERT INTO feature (id, contig, seq_start, seq_end, score, strand, analysis, name, hstart, hend, hid, evalue, perc_id) VALUES (420,'8',146,532,372,1,'4','tblastn',158,544,'gb|AI067229|AI067229',0.0,0);
INSERT INTO feature (id, contig, seq_start, seq_end, score, strand, analysis, name, hstart, hend, hid, evalue, perc_id) VALUES (421,'8',374,670,191,1,'4','tblastn',361,657,'gb|AI322604|AI322604',0.0,0);
INSERT INTO feature (id, contig, seq_start, seq_end, score, strand, analysis, name, hstart, hend, hid, evalue, perc_id) VALUES (422,'8',458,673,128,1,'4','tblastn',127,342,'emb|AJ273869.1|AJ273869',0.0,0);
INSERT INTO feature (id, contig, seq_start, seq_end, score, strand, analysis, name, hstart, hend, hid, evalue, perc_id) VALUES (423,'8',713,940,133,1,'4','tblastn',385,612,'emb|AJ273869.1|AJ273869',0.0,0);
INSERT INTO feature (id, contig, seq_start, seq_end, score, strand, analysis, name, hstart, hend, hid, evalue, perc_id) VALUES (424,'8',467,898,242,1,'4','tblastn',60,491,'gb|AA106105|AA106105',0.0,0);
INSERT INTO feature (id, contig, seq_start, seq_end, score, strand, analysis, name, hstart, hend, hid, evalue, perc_id) VALUES (425,'8',926,1033,72,1,'4','tblastn',518,625,'gb|AA106105|AA106105',0.0,0);
INSERT INTO feature (id, contig, seq_start, seq_end, score, strand, analysis, name, hstart, hend, hid, evalue, perc_id) VALUES (426,'8',1025,1078,52,1,'4','tblastn',616,669,'gb|AA106105|AA106105',0.0,0);
INSERT INTO feature (id, contig, seq_start, seq_end, score, strand, analysis, name, hstart, hend, hid, evalue, perc_id) VALUES (427,'8',569,1172,352,1,'4','tblastn',118,716,'gb|AI663535.1|AI663535',0.0,0);
INSERT INTO feature (id, contig, seq_start, seq_end, score, strand, analysis, name, hstart, hend, hid, evalue, perc_id) VALUES (428,'8',563,1093,336,1,'4','tblastn',2,532,'gb|AA788140|AA788140',0.0,0);
INSERT INTO feature (id, contig, seq_start, seq_end, score, strand, analysis, name, hstart, hend, hid, evalue, perc_id) VALUES (429,'8',458,757,173,1,'4','tblastn',149,448,'gb|AI068982.1|AI068982',0.0,0);
INSERT INTO feature (id, contig, seq_start, seq_end, score, strand, analysis, name, hstart, hend, hid, evalue, perc_id) VALUES (430,'8',815,913,85,1,'4','tblastn',507,605,'gb|AI068982.1|AI068982',0.0,0);
INSERT INTO feature (id, contig, seq_start, seq_end, score, strand, analysis, name, hstart, hend, hid, evalue, perc_id) VALUES (431,'8',560,697,79,1,'4','tblastn',399,536,'gb|AA771450|AA771450',0.0,0);
INSERT INTO feature (id, contig, seq_start, seq_end, score, strand, analysis, name, hstart, hend, hid, evalue, perc_id) VALUES (432,'8',503,814,144,1,'4','tblastn',293,604,'gb|AI388797|AI388797',0.0,0);
INSERT INTO feature (id, contig, seq_start, seq_end, score, strand, analysis, name, hstart, hend, hid, evalue, perc_id) VALUES (433,'8',794,1093,212,1,'4','tblastn',11,310,'gb|AI388797|AI388797',0.0,0);
INSERT INTO feature (id, contig, seq_start, seq_end, score, strand, analysis, name, hstart, hend, hid, evalue, perc_id) VALUES (434,'8',653,1162,241,1,'4','tblastn',72,581,'gb|AI326245|AI326245',0.0,0);
INSERT INTO feature (id, contig, seq_start, seq_end, score, strand, analysis, name, hstart, hend, hid, evalue, perc_id) VALUES (435,'8',566,787,104,1,'4','tblastn',486,707,'gb|AW170960.1|AW170960',0.0,0);
INSERT INTO feature (id, contig, seq_start, seq_end, score, strand, analysis, name, hstart, hend, hid, evalue, perc_id) VALUES (436,'8',818,1172,247,1,'4','tblastn',81,430,'gb|AW170960.1|AW170960',0.0,0);
INSERT INTO feature (id, contig, seq_start, seq_end, score, strand, analysis, name, hstart, hend, hid, evalue, perc_id) VALUES (437,'8',458,901,195,1,'4','tblastn',246,689,'gb|AI315837|AI315837',0.0,0);
INSERT INTO feature (id, contig, seq_start, seq_end, score, strand, analysis, name, hstart, hend, hid, evalue, perc_id) VALUES (438,'8',76,91,328,1,'4','tblastn',118,131,'gb|AI773628.1|AI773628',0.0,0);
INSERT INTO feature (id, contig, seq_start, seq_end, score, strand, analysis, name, hstart, hend, hid, evalue, perc_id) VALUES (439,'8',127,463,328,1,'4','tblastn',132,468,'gb|AI773628.1|AI773628',0.0,0);
INSERT INTO feature (id, contig, seq_start, seq_end, score, strand, analysis, name, hstart, hend, hid, evalue, perc_id) VALUES (440,'8',467,898,252,1,'4','tblastn',61,492,'gb|AA822552|AA822552',0.0,0);
INSERT INTO feature (id, contig, seq_start, seq_end, score, strand, analysis, name, hstart, hend, hid, evalue, perc_id) VALUES (441,'8',926,1048,92,1,'4','tblastn',519,641,'gb|AA822552|AA822552',0.0,0);
INSERT INTO feature (id, contig, seq_start, seq_end, score, strand, analysis, name, hstart, hend, hid, evalue, perc_id) VALUES (442,'8',317,796,315,1,'4','tblastn',5,484,'gb|AI977708.1|AI977708',0.0,0);
INSERT INTO feature (id, contig, seq_start, seq_end, score, strand, analysis, name, hstart, hend, hid, evalue, perc_id) VALUES (443,'8',815,1060,148,1,'4','tblastn',403,648,'gb|AI958405.1|AI958405',0.0,0);
INSERT INTO feature (id, contig, seq_start, seq_end, score, strand, analysis, name, hstart, hend, hid, evalue, perc_id) VALUES (444,'8',572,1078,289,1,'4','tblastn',14,520,'gb|AI249011|AI249011',0.0,0);
INSERT INTO feature (id, contig, seq_start, seq_end, score, strand, analysis, name, hstart, hend, hid, evalue, perc_id) VALUES (445,'8',767,1054,187,1,'4','tblastn',291,578,'gb|AA404250|AA404250',0.0,0);
INSERT INTO feature (id, contig, seq_start, seq_end, score, strand, analysis, name, hstart, hend, hid, evalue, perc_id) VALUES (446,'8',812,1172,267,1,'4','tblastn',171,526,'dbj|AU039324.1|AU039324',0.0,0);
INSERT INTO feature (id, contig, seq_start, seq_end, score, strand, analysis, name, hstart, hend, hid, evalue, perc_id) VALUES (447,'8',713,1120,260,1,'4','tblastn',122,529,'dbj|AV386744.1|AV386744',0.0,0);
INSERT INTO feature (id, contig, seq_start, seq_end, score, strand, analysis, name, hstart, hend, hid, evalue, perc_id) VALUES (448,'8',713,1172,305,1,'4','tblastn',12,466,'gb|AI158035|AI158035',0.0,0);
INSERT INTO feature (id, contig, seq_start, seq_end, score, strand, analysis, name, hstart, hend, hid, evalue, perc_id) VALUES (449,'8',656,1172,311,1,'4','tblastn',11,522,'emb|AL135209.1|AL135209',0.0,0);
INSERT INTO feature (id, contig, seq_start, seq_end, score, strand, analysis, name, hstart, hend, hid, evalue, perc_id) VALUES (450,'8',815,1156,189,1,'4','tblastn',318,659,'gb|AW174698.1|AW174698',0.0,0);
INSERT INTO feature (id, contig, seq_start, seq_end, score, strand, analysis, name, hstart, hend, hid, evalue, perc_id) VALUES (451,'8',734,1172,295,1,'4','tblastn',23,456,'gb|AA821260|AA821260',0.0,0);
INSERT INTO feature (id, contig, seq_start, seq_end, score, strand, analysis, name, hstart, hend, hid, evalue, perc_id) VALUES (452,'8',128,448,292,1,'4','tblastn',80,400,'gb|T38297|T38297',0.0,0);
INSERT INTO feature (id, contig, seq_start, seq_end, score, strand, analysis, name, hstart, hend, hid, evalue, perc_id) VALUES (453,'8',677,1172,291,1,'4','tblastn',9,499,'gb|AI181729|AI181729',0.0,0);
INSERT INTO feature (id, contig, seq_start, seq_end, score, strand, analysis, name, hstart, hend, hid, evalue, perc_id) VALUES (454,'8',143,448,287,1,'4','tblastn',128,433,'gb|AA316218|AA316218',0.0,0);
INSERT INTO feature (id, contig, seq_start, seq_end, score, strand, analysis, name, hstart, hend, hid, evalue, perc_id) VALUES (455,'8',734,1159,285,1,'4','tblastn',138,563,'gb|AI977204.1|AI977204',0.0,0);
INSERT INTO feature (id, contig, seq_start, seq_end, score, strand, analysis, name, hstart, hend, hid, evalue, perc_id) VALUES (456,'8',665,1172,284,1,'4','tblastn',112,614,'gb|AI455414|AI455414',0.0,0);
INSERT INTO feature (id, contig, seq_start, seq_end, score, strand, analysis, name, hstart, hend, hid, evalue, perc_id) VALUES (457,'8',665,1172,284,1,'4','tblastn',101,603,'gb|AI296186|AI296186',0.0,0);
INSERT INTO feature (id, contig, seq_start, seq_end, score, strand, analysis, name, hstart, hend, hid, evalue, perc_id) VALUES (458,'8',143,358,221,1,'4','tblastn',240,455,'gb|AI497244|AI497244',0.0,0);
INSERT INTO feature (id, contig, seq_start, seq_end, score, strand, analysis, name, hstart, hend, hid, evalue, perc_id) VALUES (459,'8',134,385,179,1,'4','tblastn',149,400,'dbj|AU060685.1|AU060685',0.0,0);
INSERT INTO feature (id, contig, seq_start, seq_end, score, strand, analysis, name, hstart, hend, hid, evalue, perc_id) VALUES (460,'8',143,409,238,1,'4','tblastn',75,341,'gb|AI187629.1|AI187629',0.0,0);
INSERT INTO feature (id, contig, seq_start, seq_end, score, strand, analysis, name, hstart, hend, hid, evalue, perc_id) VALUES (461,'8',812,1172,253,1,'4','tblastn',29,384,'dbj|C89952|C89952',0.0,0);
INSERT INTO feature (id, contig, seq_start, seq_end, score, strand, analysis, name, hstart, hend, hid, evalue, perc_id) VALUES (462,'8',920,1172,188,1,'4','tblastn',161,408,'gb|AA213308|AA213308',0.0,0);
INSERT INTO feature (id, contig, seq_start, seq_end, score, strand, analysis, name, hstart, hend, hid, evalue, perc_id) VALUES (463,'8',85,91,105,1,'4','tblastn',450,454,'gb|AA567594|AA567594',0.0,0);
INSERT INTO feature (id, contig, seq_start, seq_end, score, strand, analysis, name, hstart, hend, hid, evalue, perc_id) VALUES (464,'8',127,232,105,1,'4','tblastn',455,560,'gb|AA567594|AA567594',0.0,0);
INSERT INTO feature (id, contig, seq_start, seq_end, score, strand, analysis, name, hstart, hend, hid, evalue, perc_id) VALUES (465,'8',869,1172,242,1,'4','tblastn',1,299,'dbj|C93222.1|C93222',0.0,0);
INSERT INTO feature (id, contig, seq_start, seq_end, score, strand, analysis, name, hstart, hend, hid, evalue, perc_id) VALUES (466,'8',920,1172,188,1,'4','tblastn',166,413,'gb|AA572628|AA572628',0.0,0);
INSERT INTO feature (id, contig, seq_start, seq_end, score, strand, analysis, name, hstart, hend, hid, evalue, perc_id) VALUES (467,'8',920,1172,188,1,'4','tblastn',228,475,'gb|AI819829.1|AI819829',0.0,0);
INSERT INTO feature (id, contig, seq_start, seq_end, score, strand, analysis, name, hstart, hend, hid, evalue, perc_id) VALUES (468,'8',920,1172,188,1,'4','tblastn',230,477,'gb|AW107318.1|AW107318',0.0,0);
INSERT INTO feature (id, contig, seq_start, seq_end, score, strand, analysis, name, hstart, hend, hid, evalue, perc_id) VALUES (469,'8',76,91,244,1,'4','tblastn',436,449,'gb|AI778891.1|AI778891',0.0,0);
INSERT INTO feature (id, contig, seq_start, seq_end, score, strand, analysis, name, hstart, hend, hid, evalue, perc_id) VALUES (470,'8',127,367,244,1,'4','tblastn',450,690,'gb|AI778891.1|AI778891',0.0,0);
INSERT INTO feature (id, contig, seq_start, seq_end, score, strand, analysis, name, hstart, hend, hid, evalue, perc_id) VALUES (471,'8',920,1172,188,1,'4','tblastn',238,485,'gb|AI327248|AI327248',0.0,0);
INSERT INTO feature (id, contig, seq_start, seq_end, score, strand, analysis, name, hstart, hend, hid, evalue, perc_id) VALUES (472,'8',863,1172,228,1,'4','tblastn',46,350,'dbj|C25589.1|C25589',0.0,0);
INSERT INTO feature (id, contig, seq_start, seq_end, score, strand, analysis, name, hstart, hend, hid, evalue, perc_id) VALUES (473,'8',90,91,224,1,'4','tblastn',241,242,'gb|AI813103.1|AI813103',0.0,0);
INSERT INTO feature (id, contig, seq_start, seq_end, score, strand, analysis, name, hstart, hend, hid, evalue, perc_id) VALUES (474,'8',127,385,224,1,'4','tblastn',243,501,'gb|AI813103.1|AI813103',0.0,0);
INSERT INTO feature (id, contig, seq_start, seq_end, score, strand, analysis, name, hstart, hend, hid, evalue, perc_id) VALUES (475,'8',90,91,213,1,'4','tblastn',190,191,'gb|AA786060|AA786060',0.0,0);
INSERT INTO feature (id, contig, seq_start, seq_end, score, strand, analysis, name, hstart, hend, hid, evalue, perc_id) VALUES (476,'8',127,355,213,1,'4','tblastn',192,420,'gb|AA786060|AA786060',0.0,0);
INSERT INTO feature (id, contig, seq_start, seq_end, score, strand, analysis, name, hstart, hend, hid, evalue, perc_id) VALUES (477,'8',131,358,220,1,'4','tblastn',422,649,'dbj|AU062095.1|AU062095',0.0,0);
INSERT INTO feature (id, contig, seq_start, seq_end, score, strand, analysis, name, hstart, hend, hid, evalue, perc_id) VALUES (478,'8',85,91,209,1,'4','tblastn',452,456,'gb|AI260093|AI260093',0.0,0);
INSERT INTO feature (id, contig, seq_start, seq_end, score, strand, analysis, name, hstart, hend, hid, evalue, perc_id) VALUES (479,'8',127,325,209,1,'4','tblastn',457,655,'gb|AI260093|AI260093',0.0,0);
INSERT INTO feature (id, contig, seq_start, seq_end, score, strand, analysis, name, hstart, hend, hid, evalue, perc_id) VALUES (480,'8',85,91,194,1,'4','tblastn',449,453,'gb|AI238388|AI238388',0.0,0);
INSERT INTO feature (id, contig, seq_start, seq_end, score, strand, analysis, name, hstart, hend, hid, evalue, perc_id) VALUES (481,'8',127,313,194,1,'4','tblastn',454,640,'gb|AI238388|AI238388',0.0,0);
INSERT INTO feature (id, contig, seq_start, seq_end, score, strand, analysis, name, hstart, hend, hid, evalue, perc_id) VALUES (482,'8',76,91,192,1,'4','tblastn',436,449,'gb|AW034488.1|AW034488',0.0,0);
INSERT INTO feature (id, contig, seq_start, seq_end, score, strand, analysis, name, hstart, hend, hid, evalue, perc_id) VALUES (483,'8',127,328,192,1,'4','tblastn',450,651,'gb|AW034488.1|AW034488',0.0,0);
INSERT INTO feature (id, contig, seq_start, seq_end, score, strand, analysis, name, hstart, hend, hid, evalue, perc_id) VALUES (484,'8',85,91,187,1,'4','tblastn',455,459,'gb|AI257855|AI257855',0.0,0);
INSERT INTO feature (id, contig, seq_start, seq_end, score, strand, analysis, name, hstart, hend, hid, evalue, perc_id) VALUES (485,'8',127,304,187,1,'4','tblastn',460,637,'gb|AI257855|AI257855',0.0,0);
INSERT INTO feature (id, contig, seq_start, seq_end, score, strand, analysis, name, hstart, hend, hid, evalue, perc_id) VALUES (486,'8',85,91,186,1,'4','tblastn',450,454,'gb|AI260990|AI260990',0.0,0);
INSERT INTO feature (id, contig, seq_start, seq_end, score, strand, analysis, name, hstart, hend, hid, evalue, perc_id) VALUES (487,'8',127,313,186,1,'4','tblastn',455,641,'gb|AI260990|AI260990',0.0,0);
INSERT INTO feature (id, contig, seq_start, seq_end, score, strand, analysis, name, hstart, hend, hid, evalue, perc_id) VALUES (488,'8',85,91,182,1,'4','tblastn',444,448,'gb|AI258811|AI258811',0.0,0);
INSERT INTO feature (id, contig, seq_start, seq_end, score, strand, analysis, name, hstart, hend, hid, evalue, perc_id) VALUES (489,'8',127,295,182,1,'4','tblastn',449,617,'gb|AI258811|AI258811',0.0,0);
INSERT INTO feature (id, contig, seq_start, seq_end, score, strand, analysis, name, hstart, hend, hid, evalue, perc_id) VALUES (490,'8',70,91,120,1,'4','tblastn',118,137,'gb|AW216789.1|AW216789',0.0,0);
INSERT INTO feature (id, contig, seq_start, seq_end, score, strand, analysis, name, hstart, hend, hid, evalue, perc_id) VALUES (491,'8',127,319,120,1,'4','tblastn',138,330,'gb|AW216789.1|AW216789',0.0,0);
INSERT INTO feature (id, contig, seq_start, seq_end, score, strand, analysis, name, hstart, hend, hid, evalue, perc_id) VALUES (492,'8',70,91,125,1,'4','tblastn',73,92,'gb|AI795028.1|AI795028',0.0,0);
INSERT INTO feature (id, contig, seq_start, seq_end, score, strand, analysis, name, hstart, hend, hid, evalue, perc_id) VALUES (493,'8',127,319,125,1,'4','tblastn',93,285,'gb|AI795028.1|AI795028',0.0,0);
INSERT INTO feature (id, contig, seq_start, seq_end, score, strand, analysis, name, hstart, hend, hid, evalue, perc_id) VALUES (494,'8',76,91,150,1,'4','tblastn',122,135,'gb|T76673|T76673',0.0,0);
INSERT INTO feature (id, contig, seq_start, seq_end, score, strand, analysis, name, hstart, hend, hid, evalue, perc_id) VALUES (495,'8',127,274,150,1,'4','tblastn',136,283,'gb|T76673|T76673',0.0,0);
INSERT INTO feature (id, contig, seq_start, seq_end, score, strand, analysis, name, hstart, hend, hid, evalue, perc_id) VALUES (496,'8',76,91,140,1,'4','tblastn',420,433,'gb|AI896600.1|AI896600',0.0,0);
INSERT INTO feature (id, contig, seq_start, seq_end, score, strand, analysis, name, hstart, hend, hid, evalue, perc_id) VALUES (497,'8',127,271,140,1,'4','tblastn',434,578,'gb|AI896600.1|AI896600',0.0,0);
INSERT INTO feature (id, contig, seq_start, seq_end, score, strand, analysis, name, hstart, hend, hid, evalue, perc_id) VALUES (498,'8',76,91,100,1,'4','tblastn',13,26,'gb|AA445906|AA445906',0.0,0);
INSERT INTO feature (id, contig, seq_start, seq_end, score, strand, analysis, name, hstart, hend, hid, evalue, perc_id) VALUES (499,'8',127,307,100,1,'4','tblastn',27,207,'gb|AA445906|AA445906',0.0,0);
INSERT INTO feature (id, contig, seq_start, seq_end, score, strand, analysis, name, hstart, hend, hid, evalue, perc_id) VALUES (500,'8',73,91,112,1,'4','tblastn',267,283,'gb|AI384789|AI384789',0.0,0);
INSERT INTO feature (id, contig, seq_start, seq_end, score, strand, analysis, name, hstart, hend, hid, evalue, perc_id) VALUES (501,'8',127,310,112,1,'4','tblastn',284,467,'gb|AI384789|AI384789',0.0,0);
INSERT INTO feature (id, contig, seq_start, seq_end, score, strand, analysis, name, hstart, hend, hid, evalue, perc_id) VALUES (502,'8',73,91,106,1,'4','tblastn',413,429,'gb|AW174215.1|AW174215',0.0,0);
INSERT INTO feature (id, contig, seq_start, seq_end, score, strand, analysis, name, hstart, hend, hid, evalue, perc_id) VALUES (503,'8',127,310,106,1,'4','tblastn',430,613,'gb|AW174215.1|AW174215',0.0,0);
INSERT INTO feature (id, contig, seq_start, seq_end, score, strand, analysis, name, hstart, hend, hid, evalue, perc_id) VALUES (504,'8',1445,1729,528,-1,'1','blastp',593,687,'SW:AMO_ECOLI',0.0,0);
INSERT INTO feature (id, contig, seq_start, seq_end, score, strand, analysis, name, hstart, hend, hid, evalue, perc_id) VALUES (505,'8',1230,1403,325,-1,'1','blastp',700,756,'SW:AMO_ECOLI',0.0,0);
INSERT INTO feature (id, contig, seq_start, seq_end, score, strand, analysis, name, hstart, hend, hid, evalue, perc_id) VALUES (506,'8',1445,1729,465,-1,'1','blastp',593,687,'SW:AMO_KLEAE',0.0,0);
INSERT INTO feature (id, contig, seq_start, seq_end, score, strand, analysis, name, hstart, hend, hid, evalue, perc_id) VALUES (507,'8',1237,1403,254,-1,'1','blastp',700,755,'SW:AMO_KLEAE',0.0,0);
INSERT INTO feature (id, contig, seq_start, seq_end, score, strand, analysis, name, hstart, hend, hid, evalue, perc_id) VALUES (508,'8',1601,1669,57,-1,'1','blastp',492,514,'SW:PAOX_ARTGO',0.0,0);
INSERT INTO feature (id, contig, seq_start, seq_end, score, strand, analysis, name, hstart, hend, hid, evalue, perc_id) VALUES (509,'8',1445,1549,83,-1,'1','blastp',526,560,'SW:PAOX_ARTGO',0.0,0);
INSERT INTO feature (id, contig, seq_start, seq_end, score, strand, analysis, name, hstart, hend, hid, evalue, perc_id) VALUES (510,'8',1252,1400,133,-1,'1','blastp',574,623,'SW:PAOX_ARTGO',0.0,0);
INSERT INTO feature (id, contig, seq_start, seq_end, score, strand, analysis, name, hstart, hend, hid, evalue, perc_id) VALUES (511,'8',1586,1654,48,-1,'1','blastp',499,521,'SW:AMO1_ARTS1',0.0,0);
INSERT INTO feature (id, contig, seq_start, seq_end, score, strand, analysis, name, hstart, hend, hid, evalue, perc_id) VALUES (512,'8',1445,1546,81,-1,'1','blastp',529,562,'SW:AMO1_ARTS1',0.0,0);
INSERT INTO feature (id, contig, seq_start, seq_end, score, strand, analysis, name, hstart, hend, hid, evalue, perc_id) VALUES (513,'8',1252,1400,131,-1,'1','blastp',577,626,'SW:AMO1_ARTS1',0.0,0);
INSERT INTO feature (id, contig, seq_start, seq_end, score, strand, analysis, name, hstart, hend, hid, evalue, perc_id) VALUES (514,'8',1586,1654,48,-1,'1','blastp',499,521,'SW:AMO2_ARTS1',0.0,0);
INSERT INTO feature (id, contig, seq_start, seq_end, score, strand, analysis, name, hstart, hend, hid, evalue, perc_id) VALUES (515,'8',1445,1546,81,-1,'1','blastp',529,562,'SW:AMO2_ARTS1',0.0,0);
INSERT INTO feature (id, contig, seq_start, seq_end, score, strand, analysis, name, hstart, hend, hid, evalue, perc_id) VALUES (516,'8',1252,1400,131,-1,'1','blastp',577,626,'SW:AMO2_ARTS1',0.0,0);
INSERT INTO feature (id, contig, seq_start, seq_end, score, strand, analysis, name, hstart, hend, hid, evalue, perc_id) VALUES (517,'8',1550,1669,64,-1,'1','blastp',511,550,'SW:AMOH_ARTGO',0.0,0);
INSERT INTO feature (id, contig, seq_start, seq_end, score, strand, analysis, name, hstart, hend, hid, evalue, perc_id) VALUES (518,'8',1445,1552,57,-1,'1','blastp',544,579,'SW:AMOH_ARTGO',0.0,0);
INSERT INTO feature (id, contig, seq_start, seq_end, score, strand, analysis, name, hstart, hend, hid, evalue, perc_id) VALUES (519,'8',1252,1400,138,-1,'1','blastp',593,642,'SW:AMOH_ARTGO',0.0,0);
INSERT INTO feature (id, contig, seq_start, seq_end, score, strand, analysis, name, hstart, hend, hid, evalue, perc_id) VALUES (520,'8',1595,1657,38,-1,'1','blastp',544,564,'TR:Q9XHP4',0.0,0);
INSERT INTO feature (id, contig, seq_start, seq_end, score, strand, analysis, name, hstart, hend, hid, evalue, perc_id) VALUES (521,'8',1445,1528,67,-1,'1','blastp',581,608,'TR:Q9XHP4',0.0,0);
INSERT INTO feature (id, contig, seq_start, seq_end, score, strand, analysis, name, hstart, hend, hid, evalue, perc_id) VALUES (522,'8',1252,1400,128,-1,'1','blastp',623,672,'TR:Q9XHP4',0.0,0);
INSERT INTO feature (id, contig, seq_start, seq_end, score, strand, analysis, name, hstart, hend, hid, evalue, perc_id) VALUES (523,'8',1595,1657,68,-1,'1','blastp',521,541,'TR:O23349',0.0,0);
INSERT INTO feature (id, contig, seq_start, seq_end, score, strand, analysis, name, hstart, hend, hid, evalue, perc_id) VALUES (524,'8',1445,1546,51,-1,'1','blastp',553,586,'TR:O23349',0.0,0);
INSERT INTO feature (id, contig, seq_start, seq_end, score, strand, analysis, name, hstart, hend, hid, evalue, perc_id) VALUES (525,'8',1249,1400,113,-1,'1','blastp',600,650,'TR:O23349',0.0,0);
INSERT INTO feature (id, contig, seq_start, seq_end, score, strand, analysis, name, hstart, hend, hid, evalue, perc_id) VALUES (526,'8',1595,1657,68,-1,'1','blastp',539,559,'TR:O48552',0.0,0);
INSERT INTO feature (id, contig, seq_start, seq_end, score, strand, analysis, name, hstart, hend, hid, evalue, perc_id) VALUES (527,'8',1445,1546,51,-1,'1','blastp',571,604,'TR:O48552',0.0,0);
INSERT INTO feature (id, contig, seq_start, seq_end, score, strand, analysis, name, hstart, hend, hid, evalue, perc_id) VALUES (528,'8',1249,1400,113,-1,'1','blastp',618,668,'TR:O48552',0.0,0);
INSERT INTO feature (id, contig, seq_start, seq_end, score, strand, analysis, name, hstart, hend, hid, evalue, perc_id) VALUES (529,'8',1589,1666,40,-1,'1','blastp',516,541,'SW:AMO1_ASPNG',0.0,0);
INSERT INTO feature (id, contig, seq_start, seq_end, score, strand, analysis, name, hstart, hend, hid, evalue, perc_id) VALUES (530,'8',1454,1528,61,-1,'1','blastp',556,580,'SW:AMO1_ASPNG',0.0,0);
INSERT INTO feature (id, contig, seq_start, seq_end, score, strand, analysis, name, hstart, hend, hid, evalue, perc_id) VALUES (531,'8',1252,1397,129,-1,'1','blastp',599,647,'SW:AMO1_ASPNG',0.0,0);
INSERT INTO feature (id, contig, seq_start, seq_end, score, strand, analysis, name, hstart, hend, hid, evalue, perc_id) VALUES (532,'8',1427,1519,47,-1,'1','blastp',544,574,'TR:O42890',0.0,0);
INSERT INTO feature (id, contig, seq_start, seq_end, score, strand, analysis, name, hstart, hend, hid, evalue, perc_id) VALUES (533,'8',1412,1423,131,-1,'1','blastp',581,584,'TR:O42890',0.0,0);
INSERT INTO feature (id, contig, seq_start, seq_end, score, strand, analysis, name, hstart, hend, hid, evalue, perc_id) VALUES (534,'8',1252,1406,131,-1,'1','blastp',584,635,'TR:O42890',0.0,0);
INSERT INTO feature (id, contig, seq_start, seq_end, score, strand, analysis, name, hstart, hend, hid, evalue, perc_id) VALUES (535,'8',1595,1648,61,-1,'1','blastp',531,548,'TR:O65749',0.0,0);
INSERT INTO feature (id, contig, seq_start, seq_end, score, strand, analysis, name, hstart, hend, hid, evalue, perc_id) VALUES (536,'8',1454,1546,48,-1,'1','blastp',559,589,'TR:O65749',0.0,0);
INSERT INTO feature (id, contig, seq_start, seq_end, score, strand, analysis, name, hstart, hend, hid, evalue, perc_id) VALUES (537,'8',1243,1400,110,-1,'1','blastp',606,658,'TR:O65749',0.0,0);
INSERT INTO feature (id, contig, seq_start, seq_end, score, strand, analysis, name, hstart, hend, hid, evalue, perc_id) VALUES (538,'8',1595,1648,53,-1,'1','blastp',535,552,'SW:AMO_PEA',0.0,0);
INSERT INTO feature (id, contig, seq_start, seq_end, score, strand, analysis, name, hstart, hend, hid, evalue, perc_id) VALUES (539,'8',1454,1546,49,-1,'1','blastp',563,593,'SW:AMO_PEA',0.0,0);
INSERT INTO feature (id, contig, seq_start, seq_end, score, strand, analysis, name, hstart, hend, hid, evalue, perc_id) VALUES (540,'8',1243,1400,103,-1,'1','blastp',610,662,'SW:AMO_PEA',0.0,0);
INSERT INTO feature (id, contig, seq_start, seq_end, score, strand, analysis, name, hstart, hend, hid, evalue, perc_id) VALUES (541,'8',1595,1648,53,-1,'1','blastp',527,544,'SW:AMO_LENCU',0.0,0);
INSERT INTO feature (id, contig, seq_start, seq_end, score, strand, analysis, name, hstart, hend, hid, evalue, perc_id) VALUES (542,'8',1454,1546,40,-1,'1','blastp',555,585,'SW:AMO_LENCU',0.0,0);
INSERT INTO feature (id, contig, seq_start, seq_end, score, strand, analysis, name, hstart, hend, hid, evalue, perc_id) VALUES (543,'8',1243,1400,103,-1,'1','blastp',602,654,'SW:AMO_LENCU',0.0,0);
INSERT INTO feature (id, contig, seq_start, seq_end, score, strand, analysis, name, hstart, hend, hid, evalue, perc_id) VALUES (544,'8',1321,1403,73,-1,'1','blastp',656,683,'SW:ABP_HUMAN',0.0,0);
INSERT INTO feature (id, contig, seq_start, seq_end, score, strand, analysis, name, hstart, hend, hid, evalue, perc_id) VALUES (545,'8',1246,1313,54,-1,'1','blastp',688,710,'SW:ABP_HUMAN',0.0,0);
INSERT INTO feature (id, contig, seq_start, seq_end, score, strand, analysis, name, hstart, hend, hid, evalue, perc_id) VALUES (546,'8',1454,1504,35,-1,'1','blastp',617,633,'SW:ABP_RAT',0.0,0);
INSERT INTO feature (id, contig, seq_start, seq_end, score, strand, analysis, name, hstart, hend, hid, evalue, perc_id) VALUES (547,'8',1321,1403,68,-1,'1','blastp',651,678,'SW:ABP_RAT',0.0,0);
INSERT INTO feature (id, contig, seq_start, seq_end, score, strand, analysis, name, hstart, hend, hid, evalue, perc_id) VALUES (548,'8',1246,1313,54,-1,'1','blastp',683,705,'SW:ABP_RAT',0.0,0);
INSERT INTO feature (id, contig, seq_start, seq_end, score, strand, analysis, name, hstart, hend, hid, evalue, perc_id) VALUES (549,'8',1412,1420,68,-1,'1','blastp',662,664,'SW:AOC3_HUMAN',0.0,0);
INSERT INTO feature (id, contig, seq_start, seq_end, score, strand, analysis, name, hstart, hend, hid, evalue, perc_id) VALUES (550,'8',1321,1406,68,-1,'1','blastp',664,692,'SW:AOC3_HUMAN',0.0,0);
INSERT INTO feature (id, contig, seq_start, seq_end, score, strand, analysis, name, hstart, hend, hid, evalue, perc_id) VALUES (551,'8',1255,1289,51,-1,'1','blastp',705,716,'SW:AOC3_HUMAN',0.0,0);
INSERT INTO feature (id, contig, seq_start, seq_end, score, strand, analysis, name, hstart, hend, hid, evalue, perc_id) VALUES (552,'8',1412,1420,62,-1,'1','blastp',658,660,'SW:AOC2_HUMAN',0.0,0);
INSERT INTO feature (id, contig, seq_start, seq_end, score, strand, analysis, name, hstart, hend, hid, evalue, perc_id) VALUES (553,'8',1321,1406,62,-1,'1','blastp',660,688,'SW:AOC2_HUMAN',0.0,0);
INSERT INTO feature (id, contig, seq_start, seq_end, score, strand, analysis, name, hstart, hend, hid, evalue, perc_id) VALUES (554,'8',1252,1292,57,-1,'1','blastp',700,713,'SW:AOC2_HUMAN',0.0,0);
INSERT INTO feature (id, contig, seq_start, seq_end, score, strand, analysis, name, hstart, hend, hid, evalue, perc_id) VALUES (555,'8',1412,1420,68,-1,'1','blastp',661,663,'SW:AOCX_BOVIN',0.0,0);
INSERT INTO feature (id, contig, seq_start, seq_end, score, strand, analysis, name, hstart, hend, hid, evalue, perc_id) VALUES (556,'8',1321,1406,68,-1,'1','blastp',663,691,'SW:AOCX_BOVIN',0.0,0);
INSERT INTO feature (id, contig, seq_start, seq_end, score, strand, analysis, name, hstart, hend, hid, evalue, perc_id) VALUES (557,'8',1252,1289,50,-1,'1','blastp',704,716,'SW:AOCX_BOVIN',0.0,0);
INSERT INTO feature (id, contig, seq_start, seq_end, score, strand, analysis, name, hstart, hend, hid, evalue, perc_id) VALUES (558,'8',1412,1420,68,-1,'1','blastp',661,663,'SW:AOCY_BOVIN',0.0,0);
INSERT INTO feature (id, contig, seq_start, seq_end, score, strand, analysis, name, hstart, hend, hid, evalue, perc_id) VALUES (559,'8',1321,1406,68,-1,'1','blastp',663,691,'SW:AOCY_BOVIN',0.0,0);
INSERT INTO feature (id, contig, seq_start, seq_end, score, strand, analysis, name, hstart, hend, hid, evalue, perc_id) VALUES (560,'8',1252,1289,50,-1,'1','blastp',704,716,'SW:AOCY_BOVIN',0.0,0);
INSERT INTO feature (id, contig, seq_start, seq_end, score, strand, analysis, name, hstart, hend, hid, evalue, perc_id) VALUES (561,'8',1412,1420,67,-1,'1','blastp',662,664,'SW:AOC3_MOUSE',0.0,0);
INSERT INTO feature (id, contig, seq_start, seq_end, score, strand, analysis, name, hstart, hend, hid, evalue, perc_id) VALUES (562,'8',1321,1406,67,-1,'1','blastp',664,692,'SW:AOC3_MOUSE',0.0,0);
INSERT INTO feature (id, contig, seq_start, seq_end, score, strand, analysis, name, hstart, hend, hid, evalue, perc_id) VALUES (563,'8',1255,1289,51,-1,'1','blastp',705,716,'SW:AOC3_MOUSE',0.0,0);
INSERT INTO feature (id, contig, seq_start, seq_end, score, strand, analysis, name, hstart, hend, hid, evalue, perc_id) VALUES (564,'8',1412,1729,306,-1,'2','hmmpfam',598,703,'Cu_amine_oxid',0.0,0);
INSERT INTO feature (id, contig, seq_start, seq_end, score, strand, analysis, name, hstart, hend, hid, evalue, perc_id) VALUES (565,'8',1230,1406,306,-1,'2','hmmpfam',703,760,'Cu_amine_oxid',0.0,0);
INSERT INTO feature (id, contig, seq_start, seq_end, score, strand, analysis, name, hstart, hend, hid, evalue, perc_id) VALUES (566,'8',1412,1420,68,-1,'3','tblastn',2064,2070,'AF067406',0.0,0);
INSERT INTO feature (id, contig, seq_start, seq_end, score, strand, analysis, name, hstart, hend, hid, evalue, perc_id) VALUES (567,'8',1321,1406,68,-1,'3','tblastn',2071,2156,'AF067406',0.0,0);
INSERT INTO feature (id, contig, seq_start, seq_end, score, strand, analysis, name, hstart, hend, hid, evalue, perc_id) VALUES (568,'8',1255,1290,51,-1,'3','tblastn',2193,2228,'AF067406',0.0,0);
INSERT INTO feature (id, contig, seq_start, seq_end, score, strand, analysis, name, hstart, hend, hid, evalue, perc_id) VALUES (569,'8',1321,1404,73,-1,'3','tblastn',2064,2147,'HS11862',0.0,0);
INSERT INTO feature (id, contig, seq_start, seq_end, score, strand, analysis, name, hstart, hend, hid, evalue, perc_id) VALUES (570,'8',1246,1314,54,-1,'3','tblastn',2160,2228,'HS11862',0.0,0);
INSERT INTO feature (id, contig, seq_start, seq_end, score, strand, analysis, name, hstart, hend, hid, evalue, perc_id) VALUES (571,'8',1321,1404,73,-1,'3','tblastn',2096,2179,'HS11863',0.0,0);
INSERT INTO feature (id, contig, seq_start, seq_end, score, strand, analysis, name, hstart, hend, hid, evalue, perc_id) VALUES (572,'8',1246,1314,54,-1,'3','tblastn',2192,2260,'HS11863',0.0,0);
INSERT INTO feature (id, contig, seq_start, seq_end, score, strand, analysis, name, hstart, hend, hid, evalue, perc_id) VALUES (573,'8',1321,1404,68,-1,'3','tblastn',445,528,'RNABPS',0.0,0);
INSERT INTO feature (id, contig, seq_start, seq_end, score, strand, analysis, name, hstart, hend, hid, evalue, perc_id) VALUES (574,'8',1246,1314,54,-1,'3','tblastn',541,609,'RNABPS',0.0,0);
INSERT INTO feature (id, contig, seq_start, seq_end, score, strand, analysis, name, hstart, hend, hid, evalue, perc_id) VALUES (575,'8',1412,1420,68,-1,'3','tblastn',2144,2150,'HSU39447',0.0,0);
INSERT INTO feature (id, contig, seq_start, seq_end, score, strand, analysis, name, hstart, hend, hid, evalue, perc_id) VALUES (576,'8',1321,1406,68,-1,'3','tblastn',2151,2236,'HSU39447',0.0,0);
INSERT INTO feature (id, contig, seq_start, seq_end, score, strand, analysis, name, hstart, hend, hid, evalue, perc_id) VALUES (577,'8',1255,1290,51,-1,'3','tblastn',2273,2308,'HSU39447',0.0,0);
INSERT INTO feature (id, contig, seq_start, seq_end, score, strand, analysis, name, hstart, hend, hid, evalue, perc_id) VALUES (578,'8',1321,1404,73,-1,'3','tblastn',2001,2084,'HSABPA',0.0,0);
INSERT INTO feature (id, contig, seq_start, seq_end, score, strand, analysis, name, hstart, hend, hid, evalue, perc_id) VALUES (579,'8',1255,1314,49,-1,'3','tblastn',2097,2156,'HSABPA',0.0,0);
INSERT INTO feature (id, contig, seq_start, seq_end, score, strand, analysis, name, hstart, hend, hid, evalue, perc_id) VALUES (580,'8',1321,1404,68,-1,'3','tblastn',2024,2107,'RMABPL',0.0,0);
INSERT INTO feature (id, contig, seq_start, seq_end, score, strand, analysis, name, hstart, hend, hid, evalue, perc_id) VALUES (581,'8',1246,1314,54,-1,'3','tblastn',2120,2188,'RMABPL',0.0,0);
INSERT INTO feature (id, contig, seq_start, seq_end, score, strand, analysis, name, hstart, hend, hid, evalue, perc_id) VALUES (582,'8',1412,1420,62,-1,'3','tblastn',1917,1923,'HSD213',0.0,0);
INSERT INTO feature (id, contig, seq_start, seq_end, score, strand, analysis, name, hstart, hend, hid, evalue, perc_id) VALUES (583,'8',1321,1406,62,-1,'3','tblastn',1924,2009,'HSD213',0.0,0);
INSERT INTO feature (id, contig, seq_start, seq_end, score, strand, analysis, name, hstart, hend, hid, evalue, perc_id) VALUES (584,'8',1252,1293,57,-1,'3','tblastn',2043,2084,'HSD213',0.0,0);
INSERT INTO feature (id, contig, seq_start, seq_end, score, strand, analysis, name, hstart, hend, hid, evalue, perc_id) VALUES (585,'8',1412,1420,62,-1,'3','tblastn',1998,2004,'AF081363',0.0,0);
INSERT INTO feature (id, contig, seq_start, seq_end, score, strand, analysis, name, hstart, hend, hid, evalue, perc_id) VALUES (586,'8',1321,1406,62,-1,'3','tblastn',2005,2090,'AF081363',0.0,0);
INSERT INTO feature (id, contig, seq_start, seq_end, score, strand, analysis, name, hstart, hend, hid, evalue, perc_id) VALUES (587,'8',1252,1293,57,-1,'3','tblastn',2124,2165,'AF081363',0.0,0);
INSERT INTO feature (id, contig, seq_start, seq_end, score, strand, analysis, name, hstart, hend, hid, evalue, perc_id) VALUES (588,'8',1412,1420,68,-1,'3','tblastn',1992,1998,'BTY15774',0.0,0);
INSERT INTO feature (id, contig, seq_start, seq_end, score, strand, analysis, name, hstart, hend, hid, evalue, perc_id) VALUES (589,'8',1321,1406,68,-1,'3','tblastn',1999,2084,'BTY15774',0.0,0);
INSERT INTO feature (id, contig, seq_start, seq_end, score, strand, analysis, name, hstart, hend, hid, evalue, perc_id) VALUES (590,'8',1252,1290,50,-1,'3','tblastn',2121,2159,'BTY15774',0.0,0);
INSERT INTO feature (id, contig, seq_start, seq_end, score, strand, analysis, name, hstart, hend, hid, evalue, perc_id) VALUES (591,'8',1412,1420,68,-1,'3','tblastn',2041,2047,'BTFRA',0.0,0);
INSERT INTO feature (id, contig, seq_start, seq_end, score, strand, analysis, name, hstart, hend, hid, evalue, perc_id) VALUES (592,'8',1321,1406,68,-1,'3','tblastn',2048,2133,'BTFRA',0.0,0);
INSERT INTO feature (id, contig, seq_start, seq_end, score, strand, analysis, name, hstart, hend, hid, evalue, perc_id) VALUES (593,'8',1252,1290,50,-1,'3','tblastn',2170,2208,'BTFRA',0.0,0);
INSERT INTO feature (id, contig, seq_start, seq_end, score, strand, analysis, name, hstart, hend, hid, evalue, perc_id) VALUES (594,'8',1412,1420,68,-1,'3','tblastn',2041,2047,'S69583',0.0,0);
INSERT INTO feature (id, contig, seq_start, seq_end, score, strand, analysis, name, hstart, hend, hid, evalue, perc_id) VALUES (595,'8',1321,1406,68,-1,'3','tblastn',2048,2133,'S69583',0.0,0);
INSERT INTO feature (id, contig, seq_start, seq_end, score, strand, analysis, name, hstart, hend, hid, evalue, perc_id) VALUES (596,'8',1252,1290,50,-1,'3','tblastn',2170,2208,'S69583',0.0,0);
INSERT INTO feature (id, contig, seq_start, seq_end, score, strand, analysis, name, hstart, hend, hid, evalue, perc_id) VALUES (597,'8',1445,1528,79,-1,'4','tblastn',97,180,'gb|AI967820.1|AI967820',0.0,0);
INSERT INTO feature (id, contig, seq_start, seq_end, score, strand, analysis, name, hstart, hend, hid, evalue, perc_id) VALUES (598,'8',1252,1401,133,-1,'4','tblastn',224,373,'gb|AI967820.1|AI967820',0.0,0);
INSERT INTO feature (id, contig, seq_start, seq_end, score, strand, analysis, name, hstart, hend, hid, evalue, perc_id) VALUES (599,'8',1595,1654,67,-1,'4','tblastn',91,150,'gb|AI994501.1|AI994501',0.0,0);
INSERT INTO feature (id, contig, seq_start, seq_end, score, strand, analysis, name, hstart, hend, hid, evalue, perc_id) VALUES (600,'8',1460,1528,56,-1,'4','tblastn',199,267,'gb|AI994501.1|AI994501',0.0,0);
INSERT INTO feature (id, contig, seq_start, seq_end, score, strand, analysis, name, hstart, hend, hid, evalue, perc_id) VALUES (601,'8',1258,1401,108,-1,'4','tblastn',322,465,'gb|AI994501.1|AI994501',0.0,0);
INSERT INTO feature (id, contig, seq_start, seq_end, score, strand, analysis, name, hstart, hend, hid, evalue, perc_id) VALUES (602,'8',1445,1549,88,-1,'4','tblastn',507,611,'gb|AI677568.1|AI677568',0.0,0);
INSERT INTO feature (id, contig, seq_start, seq_end, score, strand, analysis, name, hstart, hend, hid, evalue, perc_id) VALUES (603,'8',1252,1404,124,-1,'4','tblastn',315,467,'gb|AI677568.1|AI677568',0.0,0);
INSERT INTO feature (id, contig, seq_start, seq_end, score, strand, analysis, name, hstart, hend, hid, evalue, perc_id) VALUES (604,'8',1445,1549,88,-1,'4','tblastn',467,571,'gb|AI649563.1|AI649563',0.0,0);
INSERT INTO feature (id, contig, seq_start, seq_end, score, strand, analysis, name, hstart, hend, hid, evalue, perc_id) VALUES (605,'8',1252,1404,124,-1,'4','tblastn',275,427,'gb|AI649563.1|AI649563',0.0,0);
INSERT INTO feature (id, contig, seq_start, seq_end, score, strand, analysis, name, hstart, hend, hid, evalue, perc_id) VALUES (606,'8',1445,1549,88,-1,'4','tblastn',148,252,'gb|AW065736.1|AW065736',0.0,0);
INSERT INTO feature (id, contig, seq_start, seq_end, score, strand, analysis, name, hstart, hend, hid, evalue, perc_id) VALUES (607,'8',1252,1404,124,-1,'4','tblastn',292,444,'gb|AW065736.1|AW065736',0.0,0);
INSERT INTO feature (id, contig, seq_start, seq_end, score, strand, analysis, name, hstart, hend, hid, evalue, perc_id) VALUES (608,'8',1445,1528,84,-1,'4','tblastn',504,587,'gb|AW017582.1|AW017582',0.0,0);
INSERT INTO feature (id, contig, seq_start, seq_end, score, strand, analysis, name, hstart, hend, hid, evalue, perc_id) VALUES (609,'8',1252,1404,124,-1,'4','tblastn',312,464,'gb|AW017582.1|AW017582',0.0,0);
INSERT INTO feature (id, contig, seq_start, seq_end, score, strand, analysis, name, hstart, hend, hid, evalue, perc_id) VALUES (610,'8',1595,1648,66,-1,'4','tblastn',100,153,'gb|AI822811.1|AI822811',0.0,0);
INSERT INTO feature (id, contig, seq_start, seq_end, score, strand, analysis, name, hstart, hend, hid, evalue, perc_id) VALUES (611,'8',1454,1546,51,-1,'4','tblastn',184,276,'gb|AI822811.1|AI822811',0.0,0);
INSERT INTO feature (id, contig, seq_start, seq_end, score, strand, analysis, name, hstart, hend, hid, evalue, perc_id) VALUES (612,'8',1237,1401,109,-1,'4','tblastn',325,489,'gb|AI822811.1|AI822811',0.0,0);
INSERT INTO feature (id, contig, seq_start, seq_end, score, strand, analysis, name, hstart, hend, hid, evalue, perc_id) VALUES (613,'8',1273,1398,119,-1,'4','tblastn',371,496,'gb|AA901886|AA901886',0.0,0);
INSERT INTO feature (id, contig, seq_start, seq_end, score, strand, analysis, name, hstart, hend, hid, evalue, perc_id) VALUES (614,'8',1252,1401,128,-1,'4','tblastn',50,199,'gb|T04222|T04222',0.0,0);
INSERT INTO feature (id, contig, seq_start, seq_end, score, strand, analysis, name, hstart, hend, hid, evalue, perc_id) VALUES (615,'8',1454,1546,47,-1,'4','tblastn',35,127,'gb|AI441807.1|AI441807',0.0,0);
INSERT INTO feature (id, contig, seq_start, seq_end, score, strand, analysis, name, hstart, hend, hid, evalue, perc_id) VALUES (616,'8',1243,1401,106,-1,'4','tblastn',176,334,'gb|AI441807.1|AI441807',0.0,0);
INSERT INTO feature (id, contig, seq_start, seq_end, score, strand, analysis, name, hstart, hend, hid, evalue, perc_id) VALUES (617,'8',1267,1401,93,-1,'4','tblastn',106,240,'gb|AI496199.1|AI496199',0.0,0);
INSERT INTO feature (id, contig, seq_start, seq_end, score, strand, analysis, name, hstart, hend, hid, evalue, perc_id) VALUES (618,'8',1252,1404,124,-1,'4','tblastn',354,506,'gb|AW052968.1|AW052968',0.0,0);
INSERT INTO feature (id, contig, seq_start, seq_end, score, strand, analysis, name, hstart, hend, hid, evalue, perc_id) VALUES (619,'8',1412,1412,121,-1,'4','tblastn',186,186,'gb|AI995612.1|AI995612',0.0,0);
INSERT INTO feature (id, contig, seq_start, seq_end, score, strand, analysis, name, hstart, hend, hid, evalue, perc_id) VALUES (620,'8',1246,1406,121,-1,'4','tblastn',187,347,'gb|AI995612.1|AI995612',0.0,0);
INSERT INTO feature (id, contig, seq_start, seq_end, score, strand, analysis, name, hstart, hend, hid, evalue, perc_id) VALUES (621,'8',1243,1401,106,-1,'4','tblastn',11,169,'gb|AI759896.1|AI759896',0.0,0);
INSERT INTO feature (id, contig, seq_start, seq_end, score, strand, analysis, name, hstart, hend, hid, evalue, perc_id) VALUES (622,'8',1243,1401,106,-1,'4','tblastn',54,212,'gb|AI496216.1|AI496216',0.0,0);
INSERT INTO feature (id, contig, seq_start, seq_end, score, strand, analysis, name, hstart, hend, hid, evalue, perc_id) VALUES (623,'8',1243,1401,106,-1,'4','tblastn',34,192,'gb|AW100643.1|AW100643',0.0,0);
INSERT INTO feature (id, contig, seq_start, seq_end, score, strand, analysis, name, hstart, hend, hid, evalue, perc_id) VALUES (624,'8',1321,1404,73,-1,'4','tblastn',47,130,'gb|R53880|R53880',0.0,0);
INSERT INTO feature (id, contig, seq_start, seq_end, score, strand, analysis, name, hstart, hend, hid, evalue, perc_id) VALUES (625,'8',1249,1314,59,-1,'4','tblastn',143,208,'gb|R53880|R53880',0.0,0);
INSERT INTO feature (id, contig, seq_start, seq_end, score, strand, analysis, name, hstart, hend, hid, evalue, perc_id) VALUES (626,'8',1321,1404,73,-1,'4','tblastn',278,361,'gb|AA604046|AA604046',0.0,0);
INSERT INTO feature (id, contig, seq_start, seq_end, score, strand, analysis, name, hstart, hend, hid, evalue, perc_id) VALUES (627,'8',1246,1314,54,-1,'4','tblastn',197,265,'gb|AA604046|AA604046',0.0,0);
INSERT INTO feature (id, contig, seq_start, seq_end, score, strand, analysis, name, hstart, hend, hid, evalue, perc_id) VALUES (628,'8',1321,1404,73,-1,'4','tblastn',292,375,'gb|AI076516|AI076516',0.0,0);
INSERT INTO feature (id, contig, seq_start, seq_end, score, strand, analysis, name, hstart, hend, hid, evalue, perc_id) VALUES (629,'8',1246,1314,54,-1,'4','tblastn',211,279,'gb|AI076516|AI076516',0.0,0);
INSERT INTO feature (id, contig, seq_start, seq_end, score, strand, analysis, name, hstart, hend, hid, evalue, perc_id) VALUES (630,'8',1321,1404,73,-1,'4','tblastn',265,348,'gb|AI744642.1|AI744642',0.0,0);
INSERT INTO feature (id, contig, seq_start, seq_end, score, strand, analysis, name, hstart, hend, hid, evalue, perc_id) VALUES (631,'8',1246,1314,54,-1,'4','tblastn',184,252,'gb|AI744642.1|AI744642',0.0,0);
INSERT INTO feature (id, contig, seq_start, seq_end, score, strand, analysis, name, hstart, hend, hid, evalue, perc_id) VALUES (632,'8',1412,1417,68,-1,'4','tblastn',288,291,'gb|AI244471|AI244471',0.0,0);
INSERT INTO feature (id, contig, seq_start, seq_end, score, strand, analysis, name, hstart, hend, hid, evalue, perc_id) VALUES (633,'8',1321,1406,68,-1,'4','tblastn',292,377,'gb|AI244471|AI244471',0.0,0);
INSERT INTO feature (id, contig, seq_start, seq_end, score, strand, analysis, name, hstart, hend, hid, evalue, perc_id) VALUES (634,'8',1246,1314,54,-1,'4','tblastn',207,275,'gb|AI244471|AI244471',0.0,0);
INSERT INTO feature (id, contig, seq_start, seq_end, score, strand, analysis, name, hstart, hend, hid, evalue, perc_id) VALUES (635,'8',1595,1648,61,-1,'4','tblastn',330,383,'gb|AI496323.1|AI496323',0.0,0);
INSERT INTO feature (id, contig, seq_start, seq_end, score, strand, analysis, name, hstart, hend, hid, evalue, perc_id) VALUES (636,'8',1454,1546,47,-1,'4','tblastn',414,506,'gb|AI496323.1|AI496323',0.0,0);
INSERT INTO feature (id, contig, seq_start, seq_end, score, strand, analysis, name, hstart, hend, hid, evalue, perc_id) VALUES (637,'8',1595,1654,58,-1,'4','tblastn',91,150,'gb|T44217|T44217',0.0,0);
INSERT INTO feature (id, contig, seq_start, seq_end, score, strand, analysis, name, hstart, hend, hid, evalue, perc_id) VALUES (638,'8',1460,1528,56,-1,'4','tblastn',199,267,'gb|T44217|T44217',0.0,0);
INSERT INTO feature (id, contig, seq_start, seq_end, score, strand, analysis, name, hstart, hend, hid, evalue, perc_id) VALUES (639,'8',1412,1412,76,-1,'4','tblastn',180,180,'gb|AA367777|AA367777',0.0,0);
INSERT INTO feature (id, contig, seq_start, seq_end, score, strand, analysis, name, hstart, hend, hid, evalue, perc_id) VALUES (640,'8',1321,1406,76,-1,'4','tblastn',181,266,'gb|AA367777|AA367777',0.0,0);
INSERT INTO feature (id, contig, seq_start, seq_end, score, strand, analysis, name, hstart, hend, hid, evalue, perc_id) VALUES (645,'9',389,425,45,1,'1','blastp',246,257,'WP:CE24551',0.0,0);
INSERT INTO feature (id, contig, seq_start, seq_end, score, strand, analysis, name, hstart, hend, hid, evalue, perc_id) VALUES (646,'9',715,772,45,1,'1','blastp',257,276,'WP:CE24551',0.0,0);
INSERT INTO feature (id, contig, seq_start, seq_end, score, strand, analysis, name, hstart, hend, hid, evalue, perc_id) VALUES (647,'9',793,823,44,1,'1','blastp',303,312,'WP:CE24551',0.0,0);
INSERT INTO feature (id, contig, seq_start, seq_end, score, strand, analysis, name, hstart, hend, hid, evalue, perc_id) VALUES (648,'9',1192,1304,44,1,'1','blastp',312,349,'WP:CE24551',0.0,0);


#
# Dumping data for table 'species'
#


#
# Dumping data for table 'transcript'
#

INSERT INTO gene (id, version, created, modified, stored) VALUES ('ENSG00000019419',1,'1970-01-01 01:00:00','1970-01-01 01:00:00','2000-04-19 13:43:58');

INSERT INTO transcript (id, version, gene, translation) VALUES ('ENST00000021073',1,'ENSG00000019419','ENSP00000021073');

#
# Dumping data for table 'translation'
#

INSERT INTO translation (id, version, seq_start, start_exon, seq_end, end_exon) VALUES ('ENSP00000021073',1,781,'ENSE00000083516',464,'ENSE00000083516');

