# MySQL dump 8.10
#
# Host: localhost    Database: em_test1
#--------------------------------------------------------
# Server version	3.23.25-beta


#
# Dumping data for table 'analysis'
#

#
# Dumping data for table 'analysisprocess'
#


#
# Dumping data for table 'chromosome'
#



#
# Dumping data for table 'clone'
#

INSERT INTO clone (internal_id, id, embl_id, version, embl_version, htg_phase, created, modified, stored) VALUES (1,'AC002055','AC002055',2,2,-1,'2000-11-30 13:05:37','2000-11-30 13:05:37','2001-03-12 12:13:25');


#
# Dumping data for table 'contig'
#

INSERT INTO contig (internal_id, id, clone, length, offset, corder, dna, chromosomeId, international_id) VALUES (1,'AC002055.00001',1,41213,1,NULL,1,25,NULL);


#
# Dumping data for table 'contig_orientation'
#



#
# Dumping data for table 'contigext'
#



#
# Dumping data for table 'contigoverlap'
#


#
# Dumping data for table 'db_update'
#


#
# Dumping data for table 'dna'
#

INSERT INTO dna (id, sequence, created) VALUES (1,'CGCCGGCCTCGGCCTCCCAAAGTGCTGGGATTACAGGCGTGAGCCACTGCGCCAGGCCAGGATTTCCTTTTTTAAAAAGGCTGAATGATGTTCCATTGTACGTATATGCCACATTTTCTTTATGTATTCATCCGTGGTTGAAAAAAAAATTTTTTTTAAGCATCTCTTTCAATCTTTGCAGATTGGCTTTGTGCTGGGGCATTCCTTCAACACCTAACCAGGATATTAACAACTCTGTCTTAGCCTTCACTTCTTGATAACCCTGGACCTAGAGATCTTCCAAAGGAAAAAGCTTAGGGTCTTCTCAGATCTTTCCTGAATGCGTGACCTGCCCTGGGTATGTGCATGACATTTGAAATCCCCAATAAACACAAGTATTTTTTGAATGTCCTGATTTCCCAAAGAAACTCTCCCAGATTTTCCTCCCAGGCTTTATGTAATATATTGTATGTCTGAACCACAACTTTTTGTCCCAGGGAGCTGTGGGTTTTTTGGTCATCTCAGAATGTTTTTAAGCAATGCCTGCCACTTTTCTACCTTGAGTGGATTCAGACTTGGGCAAAACAGACAAATGCCTCATTTTAGTCTCTCAGATCGTTTCTGACCGGTTAGAATAGACAAACAAAGTCATTTGTGAATAAGGTCTGCCTTGCTCCCTCTGGAACCTGGGACCTGGGTCCTAAATTGGGAAAATGGACTACTATCTTCAAGATCACCATCAAGCTGATGAAGGGGTGGGGCAAGGGCAAGTGAAAATGCCACACCACTTTTCTGTCACTTTGAAGTTGCCCTTTCCTCATTTCAGGGCTTTCCTGATTGATATAAGTCTTTTACTGTTTTCCAGAGTTCTGGTAAAGTTTCTGCTGCTTTTTCTCCATGTTTCTGTAGAGGGACAGGAGTTTGGAGCTGTCTACTCTGCCATTTTCCTGATGTCACTCCACTTCTGAGTCTTTCCTATCTTTGTGGATAGCAGAGATGTCGATCTCGGATATGATACCCTTTAAGGATGGGGTCCTTCATGATGTGATATACAACTTAATATTCATTATATGGTTTTATGTCCCCAACATGTCTAGTAACCAAGGAGTGGACATAGGAGCGCCCCGCTCGCTAGCACTCTCAGTGACACACTTGGGGAATCTGTGTTTGTGTCTACAGCTTTAGGCTCTGTGAGCTGAAGTCTTGGACTCTGTGAGTGGCAGTGTGGGGAGTGGGGGAAGGCATTTCCACCAAGTGATACAGTAAGAGTTTCACTAAACACAAAGCTATGGCTGCTTCCTAGACAGTCCATGCGCTTGTAACTGGCAAGCAGAGTTAGCATTCTGGAAAGAGGTGATTACCTGTAATCGTCATTAGGAAGAAAGGATGTTGCCAGATAATAATAGGAAGGAGCAATGTATTTGGTACTCAGATGATTCATGCTGTCTCTTGGTACTTGCATGTTTAGATATAACTATGTAAGTGTTAACAACCACCGCCTCATAAAGGCATAGTAAGCAGGGGCTCAGACCCCATTAGGCAAGAGGAGCAGGATCAACCCACCAGGCAAACAACCTAGACCAGCAAAAGTGCTAGCCAGAGGATGAGAGGTGACAAGTATCAGTCTCTGCATGGGGTCCAACTACAATAGCAGGGGCTATGGTTTGTCCTTTCCCATTGACCCTTCTCTTGTACATTCCCCCAGGACTGGTGACCAGTTAGAAACATGGAGCAGCTCTACCTGGATGGAATGAACTTTAAGAAGCAGGTGGATCTGAGCAATGTACACATGGGTGGCTTGTGGATGTTGCTGGCACCCTGCCTAAACATTCATCCTCCAATTGCTTTGAGTTGGAAGCGCACAGTTACCCTTTTCCCCAGAGAACTGACCTTACTGAAACAGAAGGCCCCCTTCCACCTCACACCCTTGGCTGAAGGGCACAAAAGGCCCCTGGTCTTGAGGTAGGACTAACTCTGGAGGGCAATTTGCCCTCCAGAGCTTCCCTGGGACGGGGT
GGGGTGGTGAAGCCGGCCTCCAGCTGAGACCACAACCTTGCTGAGCTTCTTGTCTCCTGCCCCCCTCACTCTTCTGAGAATGACCCTAATTAAGTCATTTGAACCACGGCCTTCTCAGGGTCAGCTTCTAAGGAACCTGATACAGAATAGTCCCATAAAACCAACACGATGGTGAACTTTATAGTCTGCAAATTCTATCTCAGTAAGGCTGTTGTATTTTTTTTTAAGTACTTAGTAGTTATTTACAGTAACTACATTTTTTTAAGTTCTACCTCATCAGGGTATACGTTCCTGGGAACCCCTGGTCAGGTCAAACATCTTACGTTGAACATCTAAGTATTGCTGATTTCAAGGGGAAATGTGCTTGTTCTTGAGCTCCCAAATTAATAGGTAATTGAATTCTTTTGAAAACACTAAATTCCACTGAAATGGCCTCCAATATAGTGAATTGAGAGTAAACATGGGCTACCCTGCAACAGGTCAAGGCAGCTACCCCTCATTGATAAGGGTGATGATTTGCAGATTCTTTTGTCTTTTTGCTCAGTACACACTTCAGAGCCACAAAGCACATACATTTACTCAATGTTTATGTAATTCAGCCTTTACTGTAAAAAAGGAAACAACAAAAACAAAACCCTATTAATAAACACAATGCAAACAATGCCCGAGATTATCATAAAAACATACTAGCAAGCCACAAGTACCAGAGAGGGGTGAACAGGCATATCTGCTAGCTCTCCTCTTGCAGTCCTCAGCCTCCCACAGGAGGCACAAGGTCCAAACTATTCCTCAAAAAAAAGGACAGCCTCTTTATGCTGAAATAGGAACTTTAAAGGAAGCTCTTCTTGTAGTCCAAATGGACGTACCTTGTGGTATGGCTGTAAGGACTCGATTTTACGGCTTGTGTATTCCTAACTATAGCTAGGCCTGTCACCTGCTGTTCCTGTGATCTCAGCTTTACCTAGAAGAGCTCCTGAAACAGAATGGGTACACGAAAATCTGGAATGAATAGCTATCTGCTCAAAAACGATTGTTTAAAAACAGATGATTGGGGCCGGGCGCGGTGGCTCATGCCTGTAATCCCAGCACTTTGGGAGGCCGAGGCGGGCGGATCACGAGGTGAGGAGATCGAGACCATCCTGGGCAACATGGTGAAACCCCGTCTCTACTAAAAATACAAAAATTAGCTGGGCGTGGTGATGCCAGCCACTCGGGAGGCTGAGGCAGGAGAATCGTTTGAACCAGGGAGTCAGAGGTTGCAGCGAGCCGAGACTGCGCCACTGCACTCCAGCCTGGCGACAGAGCGAGACTCCGTCTCAGAACGAACAAAGAAACAAACAAACCAGATGACTGGGAGACTGAAGAGGAAAAAAGATGGGAGAAAACGTAGGGAAAGGATGGGGCCTCACAGACTCAGCTGTGGGTGGGGGGGTAAATCATTACCTCAGGAGAAGCCCAAGGAATTGTCCCCGAGGTGAGCTTTGGAAAGAAAACAAAAACAAAAACAAAAACACCAAAAAACACCTAAATTTCCTGTATTAAAGTGACACATAATCATGTTTTCTGATTCTCTTCACTGTCTGCCTGCGGGGAGGGGGTGGGGAAGGTGTTAATGATGCTGATCCCTACTTCTGCTTCAAGGAGATCTGGTGGGGAATTCTTCCACCAGTCCAGAGTTTGCTGGTGCTGACCTCATCCCTGTATCACGGGCCTAGAATGTGGGAGGCTAATAGGATGGGTGGGTTGCAGGAGGTAGAAGAGGGGATGGCCTAGAGAGTTTCTCCATTCAGAGCTGGAGAGTTGTTGAAGGGAAGGGTATTTTAAAAGGGCTCCACCCACCCCTAGCCCCAGCCCCTCAGCTGTGGGGAGAGGCCGCCTCCTCTGATGGGGTCTCGATGCTGCTGCTCTGTTCCTGGTCTGGCACGTCCTCCTCTTCCTGCTCCAAGCTGAAGTTCTGTGAACAAGGTCGCAGGTGAGGCCTGGCCCTGCATTTGCTCAACCGCAGCTCTGATACATTTAGTGGGGCAAACTTAGGCAAGAGTCACT
CTACTGGGTTGTAGTCCCTATCCCTGAAGAGGAGCCGTTTCTTCCATCCCACCCGAAATGTGGACCTGACCTACCTCGAGCTCCTGAAAAATCTCATCCATGAAGTCCTGGGAGTTCTGTTTGTAAGACACAGCTAATCGAATTGCATCATTGAAGAGCTGGGGGTGAGGTAGAGATGGTGGATGAGAGTGCCTTGGACTCTGCCCAGTCCACCCCACTGGCCCCACTGTGAGACTACACAATACTCCATTCCTAAAATCAGCAACCTTACCCCTCCATTTGCCTCTCCCCGTCACCCTGACCTATGTATGGTCAATGGACTTCTGCCTCATCAAGTCCAGGCCCATCAGCTCCTCCCCTCCCTGCCACCCATGCCCATGCACTGTCCCGGTTCTCTCCATCACACCTGCAGTAAGCCCTTCTCTTCACAGCTTCCCTTTACCACCTAGCGCCCTGACCTTGCTAGCTACCTCTGCAGTCAACCACACCTTCACAACATTGGTACCATCAGCAGCCGAGACGAAATACAGGGGCAGGGAGAACTTCTTGGCAAAATTGAAGCTTTTTTGGGTCACGTTTATGTCTGCTGTAGAGAGAAGGTAGGACATTGGTCTGTCTGTCAAGGGAAGGGAAGAAGGTTTGGAGGGGGGGGCCACTGGAGGCCTTCATTCCAGAAAGTGGGATAGGCAGGGATGATTGGGAAACAGGTCCTAGAAAGAGCTCAGTTAATAGGGATCTGTGTCTTGGAAAGAGGGCAGGTCGGCTTAGCTGGCTTCTTTATAAGGTGGGAAGAATGCAAGCAACCAACCAAGGGTTGTATCTTATCGTGGGAGGGAGGACCAATCACTGAAGGTTGCCTGCCCGGGGAATGGAGGAGGAAATGTATGAGGGCAGGTCCCCAGTGAATTGCTAACACCCAGGTGCAGGGATGGCCCCACCATCAATTTTATTGGCCACCACGATGCATGGGATCTCTGGCCTGAACTCCCGAAGCTCTGTATACCAGGTGCTCAGGTTCCTATAGGTGACTTTCCTCTGTACATCAAACACCTGCAAAGGGCAGAGGAAGAAAGATAGCTCAGGTATGTCAATGTTTCTGCACCCCATCTCCAGGTGACTCACACACCCAAGCAGGTAAGCACGAGCACATGGTGCTGTTTGTGGGAACGCTCTGAATTGCAGCCTCTCTGACCGCAGAGGCTGCCGTTTCTCAGGGAAGCCCCCTGGAGCCTCCAGATGCGAAAATGTTTTTAAAAATCTTATTCTTGGCCCAGTGCAGTGGCTCACACCTGTAATCCCAGCACTTTGGGAGGTTGAGGTGGGTCAATCACCTGAGGTCAGGAGTTTGAGACCAGCCTGGCCAACATGGTGAAATTCCGTCTCTACTAAAAATGCAAAAAATTAGCTGGGCCTGGTGGCGCATGCCTGTAATCTCAGCTACTTGGGAGGCTGAGGCAGGAGAATTGCTTGAACTAGGGAGACAGAGGTTGCAGCGAGCCCAGATCATGCCATTGCACTCCAGCCTGGGCAACAAGAGCAAAACTCTGTCTGAAATAAACAAATAAATAACGTATTCCTTTTTTGTTATCTTGTCATCTAATCTTATTCACCTATTTTAACAATCATAAATGGAATCAATTTGCCAATTGATGCAGTCTGTTAGAAATTGTAAAAACTTTTGTGTTTTTTAGTCCTCTTGTATTTATTGCTTAAACTGTTTTAAAGTTCCTCTGTAGTAACCGTAAATGTTTCTAGAGTTTTACTTTAGTTACTATTTACTTTTATTTATTTATTTACTTTTTAGAGACAGGGTTTCACTGTCACCCAGGCTAGAATGCAGTGGCTCAATCACAGCTCACTGTAACCTCAAAACTCCTGGGCTCAAGGAATCCTCCTACCTCAGCCTCCCAAGTAGCACGCACGCATTAATTTTTATTTTTTTATTTTTTTTTTTTTGTAGAGGCAGGCTCTCCCTATGTTACCCAGGCTCATCTCAAACTCTTGGCCTCAAGGGATCCTCCCACCTGGGCCTCTAAAGGTGCTGGG
GTTACAAGTGTTAGCCATCACAACTGCCCCTGATTTTTTTTTTTTTTTTAGACGGAGTCTCACTCTGTTACCCAGGCTGGAGTGTGGTGGCATAATCTCAGCTCACTGCAACCTTTGCCTTCTGTGTTCAAGTGATTCTCTTGTCTCGGCCTCCTCAGTAGCTGGGACTACAGGTGTGCGCCACCATGCCTGGCTAATTTTTTTATTTTTAGTAGAGACAGGGTTTTGCCATGTTGGCCAGGCTGGTCTCGAACTCTTGATCTCAAGGGATCTCCATATATGGAGTCTTGCTCTGTTGCCCAGGCTGGAGTGCAGTGGCGCTATCTTGGCTCACTGCCACTGCAACCTCCACTTCCTAGGTTCAAGTGATTCTCTTGTCTCAGCCTCCGGAGTAGCTGGGATTACAGGTGCGCACCACCATGCCTGGCTAATTTTTGTAGTTTTAGTAGAGACAGGGTTTCATCATGTTGGCCAGGCTGGTCTCAAACTCTTGACCTGCAGTGATCTGCCTGCCTAGGCCTCCCAAAGTACTGGGATTACAGGCATGAGCTACTGCACCTGGCTGATTTACTTTTAAGCTTCTGTTTACTTCTTTGTTCTTTCTGCTTTTTGTTTTTTGAGATAGGGTCTTACTCTGTCAGCCAGGCTGGAGTGCAGTGGCAGAATCTTGGCTTACTGCTCCTCCACCCCCTGGGCTCCGGTGATCCTACCTCAGCCTCCTGAGTAGCTGGAACTACAGGCACATGCCACCATGCCTGGCTAATTTTGTTTATTTTTTGTAGAGATAAGCTCTCATTATATTAACGAGGCTGGTCTTGGACTCCCGGTCTCAAGTGATCCTCCTGCCTCGGCCTCCCAAATTTCTGGGATTACAGGCATAAGCCACTGTGCCCGGCCTCTTTAAATTTTTTTAAAGTAATTTTTATGTTTTATTATTTGCAGTTCATAATTGTATTACTTTATAATTTGTTTTTACCTATTTTATTTTTATTTATTTATGTATTTATTTTGAGATGGAGTCTTGCTCTGTTGCCCAGGCTAGAGTGCAGTGGCGGTATCTTGGCTCACTGCCACTGCAACCTCCACCTCCTGGGTTCAAACGATTCTCCTGTCTTCAAATGATTCTCCTGTCTCAGCCTCCTGAGTAGCTGGATTACAGGTGCGCACCACCACGCCTGGCTAATTTTTGTATTTCTAGTAGAGACGGGGTTTCAACATGTTGGTCAGGCTGGTCTCGAACTCCTGACCTCAGGTGATCTGCCCGCCTAGGCCTCCCAAAGTACTGGGATTAAAGGCATGAGTCACCGCGCCCAGCCTGTTTCTACCTATTTTAAAATATCAGCAAGAAGGATGAGCACTGCAAACCAGCTCTTAAGGGCAGAACTCTGAAAGACAACTGAGCTGCTGCTACAGTGAGCCTTCATGCCCTTCACAGGAGCTCCTCCAAAGTGTCTAGCCCAAACTGCCCTAGTACAACAGTCAGTGGATTAAAGTTACAGACAACCACCACCCTGTAACCGCTGGCACAGCTGACCTCACTTCTAAATCACCCAGCTATTTGTGCAAGCAACACGGTTCAAGCTCAGGGCTAGGGGCTCGCCCTGTGTGGTGGCGGGAGGGTCAGCAACTGTCACATCTCAAGAGGTGGCAGGAAGTCTATGTAGATTCTCTTTCACAGGCAAATTTCAATGAATCACCAGGTTGTCTTGAATTCCCGATGAAGACTCCTTATAAAGGATGTCTGTAACTAAACTTCTGGAATCTGCCTCACACCAGGCTCAGATGCCTTTTGTCCAGGTCTGGTTTCCTGAGCATCTGTTCCTTGTTTTGAGAGCTGAGGAGGAGCTGGCTAGAATGAGGAGCATCCCCATCTCAAGGTTTCAAGGTGGAGGGTCGAGCCCTGGTTCCGTCTCTGACCCTCAGCTCCCCGTGTGGTCAGAAGGCAAGTGCTTTCTACTCGCCAGGGCCCGTGCAGCAGACTGGGGCTGGTGGCAGGCACCTGCAGACACAGGCATGGTGGCAGGAGAGACACCCCAGGCCTTCAGA
AGAGGGTCTGAGGGGAGCCCACGGAGATGCAGCAGATGCAGGAAGCAGTCACTCCAAGAGAAAAAGAGAGGTGAGCTCAAAATACCAAATGCCACTGTAGGCCTGAAACCAAACTGGCTAGGACCAAGCTCCTCTGCTCTTGAGGGTCAGACTTCTGCACTACACTGCCCCCATTTTCCTTGCCCCATCATCCTCTTGTTTAGTGCCTTAACAGTTATCAGAGTTAAAGCTTTTGGAATTTTTCAAGGGATTTTGTTCTCAAGGGGCAGTCGGGGGAATTAGGTGATGAGTTCCTTCCTTTACCATCTGCAAAGGGTCAGAAGGGAAGAATCCTCACTGTCCTCACCACTGGTATCTGTACTGTGCCTACCAGTCAGTCAGTTCCTGGGGGCAGCACGTGTGTCTTTCCACCTGGGCACTCCCAGCATCCTGCACACGTGCATCACAGACAGTCCATGTTGTGGAAGGGATCAGTGGTGCAGGAGCACACACGAAAGAGCTAAGCTAATGACAAACATCAGAGGAGGCTGCACGGAGGTGGTGGCATTGAAGCAGGGCCTGAAAAATGAGCAGAGTTTCAAATAAAGGGGTGTGAGCTGGGGAGAGGCTGAGGGAAGAGCATGAAGGAAGGTGTGCAGAGGAGCAGGTGACAATGAGCAGAACAGAGCAGCTCCTTCTGCATCCCCTCTGCTATTGCTTCTTACAGATGAGATGACACCTGCTCAGCCATGCATCTCTCTCAGTGCCAAGGTAAGGCCGTGCGTATTTACAGACAATCACTAAGTGGGAGGTAGGGCTAGAAAGGTGGGTGTCTAAATGCTATGGGGTGCCATGGCAGACTTTATTTTTTTTTTGAGACGGAGTCTCGCTCTGTCGCCGAGGCTGGAGTGCAGTGGCGTGATCTCGGCTCACTGCAAGCTCTGCCTCCCGGGTTCACGCCATTCTCCTGCCTCAGCCTCCCCAGTAGCTAGGACTACAGGCGCCCGCTACCACGCCCGGCTAATTTTTTTGTATTTTTAGTAGAGACGGGGTTTCACCGTGTTAGCCAGGATGGTCTCGATCTCCTAACCTCGTGATCCGCCCGCCTCGGCCTCCCAAAGTGCTGGGATTACAGGCGTGAGCCACCGCGCCCGGCCCGTGGCAGACTTTATTAATGTATGCCAACAATGGTGGCAACCTGTCCATCCCATGTGTTCTTTTAACCATATGATTCTGGTTCCCCACTGAGAGATGCCATCTGTTTCTTCCCTCTGTGACTATGGACAGAGAGATGCCACATATTCCAGGGCTAGGCCATAAAAGGAAATATAAGTCCCACCGGGTTCTCTTTGGATACTTGATCTTGGGATCTTGGCTGATACTCTGTGAGCAAACCCAAATCAGCCCAAATGACAAACTGCGAAGAAACACGGGGAGTAGAACCTGCTGGTGGTCCAGCCAAGTACCAGTGTGTGTGTGTGGGGAGATGCCCCAGGCAGTTCCAGCCTGGAACCCAGCCTTGGAGTCTTCTTAGCTGAGACTTCAGACATGGATTCCCGATCCATCAGAAAATGGTTGTTTTGTACCGCCAAGTTTTGGGGTTTTGTGTTAAAGCAAGACCTTGAATGCTATTCCAAGAAGTTTTAGTGACCAAGGTTTTCACTTGGTGACAATTGCTAGGGTTAATAATTCAGAAGACTAGTCTATTACTTTCTGCATTGTTGATGGCTGATATTCATGAAAATGTGGGTTTTTTTTAGATGGAGTTTTGCTCTTGTTGCCCAGGCTGGAGTGCAATGGTGTGATCTCGGCTCACTGCAACCTCTGCCTCCTGGGTTCAAATGATTCTCCTGCCTCAACCTCCCAAGTAGCTGGGATTACAGGCACCCGCCACCATGCCCGGCTAATTTTTTGTATTTTTAGTAGAGACGGGATTTCACCATGTTGGCCAGGCTGGTCTCAAACTGCTGACCTCAGGTGATCCACCCATCTTGGCCTCCCAAAGTGCTGGGATTACAGGCATGAGCCACCGTGCCCAGCCATGAAAATGTTTTTTAAGTGACCCAA
AAGAAAAACATGCTCCTTTTCAGCATTTAAAAGTGGTGGCCTGAGAACCCAGCCAGGGAATTCACGGGTAGGAACTTCTACAGGACACAGGTATACAGAGCTCCTTTTTCCTTTCTCAGCCCTTTCCTCGGCTGCATTTTTCTCTTGGAGCGACTGCTTCACCACACCCGGGTCACCAGGGGGAGCCGTGAGGACTGCGTCCTGGGCAACACAATGGGAGGCTCGGGGGGAGGCGAGGGGCTGGCCTGAGAGAGAAGGTTCTCTGGGACCCGCAGCATCTACTCAGTCCCAGCGTGCGCCCCCTAGGGAAAGGCAGCAGGCAACAGTGGAGGGAGGCCTTGGGAGCTTGTCTGACAGGTTAGGTCCATCAGAGGGACGGTGGCCCTGTTTCAGGCATGTTTGCCTCTTGGATGCTACACCTGATGTTGAAGCCCTGAGCTTGCTGTTCCACCTTTTCTCCACCCATCCCCGCCTACAGAGAGCTCACCTGGCACCTTCTCACTAAGAAGCTCTGGGGAGCAGGTGTGGTTTGAAACATCCCCGGGTGACCCTAAGCCCCCCTCCCACAACACCCAGACTTGGTTACAAGGGCCCAGGGCTGCTAGGCCCCTCACCCCTCAGGCCAGACTTGCCCAGTGCCTTTGTCCACCTCCCCACCGTCTCGTACCATGATGCAGGCGTGGGCCTTGTGGTAGTAGGAGGCATGCATGCTCTGGAACCGCTCCTGGCCTGCCGTGTCCCAAAAGTCTGCAATGTGAACACAGACAGACCTACATGCCTGGTGCACTTCTGTGCAAGTCACTAAGATACAACACACATGCGGCACAAACCACAGCACATGTGTGAGTGTACATGGGGAGCACAGGGAGAAACAGAGACTATACAGCCCCACACGTGTGTCTTCAAGACACAGTGTACCTGAGTGTGATGTGAGAGGTGTGTCTTCACCTGTGTGTATGGGAAGACAGTGGGTCAGGGGCCAGGAGGAAGGACAACACACTGGAAGCCCAAGGAGGGAGAAGACAGTTCCCCGTTTCCCACGTGACACGCAGGGTCCTCTAAGTTCCAAACTATTCCAACTTCTCACGTGCGCTGACCACAGACGGTAGACAGAGTCAGGCAGGCTGTGTGCCCGGCCAAGGAGAAGATTATGACCCGATGGAAGGTCGCAGCCCGATGTGGGAGATAATGTTCTGACCACATTTATTTTTTCAAACTGGCTGAGTAACAACCCCTGAAGCTAGGAAAACTACTGCCTCGTCGAAGGCCTCTTACGTTCTTCTTCCCTGAGGTGGGTACAGCCCCCTGACTTCTCCTTTCCTGAACCCTGTCCTGCACAGGTGCTGGCCTGGACGCCAGGTCAGAGGGCTGGGACTTGGCCCCTGCATGCCCCCTTCCACCCTCCTGGCTCCTGGCTCTCTGGGTTCTCTCTAGCACCCCTTGTCCCTGCCTGGGGTCTCATTTTCTCCCTCTGGACTCTCTCCTTATGAACCTTCCCTCACCTCCCCTCGTCTCCCATTTCCTCTTTCCTGAGGGTCAGCATGTCTTGGCCCTGTGCCACTTACCCACAAGGATGGTCCTTCCATCTACCGTGGCTGTGTGCTTGTACAGGGTCAGGGCGTACGTGGACAGCTGCTGTGGCTGACTGCACTCAGGTTAAGGAGCAAAATCAATAAAAGGGGAGGTAAGGAAGGAGTGGGGAGCAGGGGTGTTTGGTTTGATGAAATGGATCCTCTCCCTCCTCTTCTCTTTGGAGTTATTGAGATTTTAAATCAAATGAATGTTGCAGACAGAGGATCAGCTTCACATATCACTGGTACAAACTCCATGGAAGGGTGAGGGGTGGGAGGAGATGGGAGTGTGTCCTGGCCATCGAAGTCTGAGGTAAAACACAGAACAGGATTTTACAGACAAGTGTCATAAAAGGCATCATGCAGTTGGAAAATGCAAATGTGGATACCCCAACTCAATCATGGATGGAGCTTTCGCAGGCTAGAAAGGAAACCCTAACCCTAGGTAGCAACATGACCATTCCAGGGACAAAAG
CTCCCACAAGCCATACAGCTGACAAGCTGTCAATCAATTTGGAGTCTGTCTATGTGTGAAACCCTGAGAAAAAGGGTTAAACTCTGGGGATTAACAGCTTCCGAGGCTGCAAGAAGCCGGACAGTGTAAAAAGCAGAGCCAAATGACGCAGGTGGGCTGGGTGTGCAGGAGCACTTGGTACAAGGTGGAGTAACACATACTCAGATCTTAAGGCAACTGAGCCTTGGGGTGCCGAGCCTAGGACAGGCAGCAGCAGGCTCCAGGGGCTCCTCTCACCTGTGGTTCTCAGTGGATCCACTTGGGAAGCTGTTTAAAAATCTCCCAGTTGCGGGGAGGAACTCACTCCAAACCTATGTAATATAACAATTCATGGGAGAAAGGTGGGGCTGGCAGCTCCTATTTTACAAAGTTCATTCATATCAGAGATTTTTTTCAATAGTAGGGGGCCCAAGCTTTGAGGTTAGAGAGGTTAAATGACTTGGCCAGTATCAGAAGCTACTGAGGAGGAGGAGGTGGGGTTTGAATCCAGGCATTAGATCCAAACCATTTGCTGTTTGCCATTCTACTGCCCTCTTAATATAAAACAATCCAAATATGAGTAAGGTCCAAAATATACAGCACTGATTGTGCAATGCCATGTGGGTCAATCGGCAAGAAACAAGTGCGGAACAAAACCTGTGCGTTCACTTACCCAATCCTCCTTCCTGGGCTGCTGGTACAAAGGTGTGGGCAGTGGGACACTGATACATGAGCGTGGGAAGACCCACAGGAACAAGGGGTACTTCAAACCTTGAAGGATACAAGCCATCCATGAGAAATCTCTCCATGAGTCTGTAAGCAGAACAGGCAAGGTGGTCAGATGGCGTCTCCATCTCTCCCTCGTCCCAGACTTTTTCACCCTAAGGCTGACAACCTGGAAGCCACCTGTGGCTTCCCTTCCCCCTTTCACTCCACAGCCACACAGCTTCCGGGTCAAGTCTGGAAGTTGGGTATCAGCATTACCAACCCGTCATAACAAAACAGCTCATGTCACTATGAGTACACACACCAGCCCACGTGAAGCTCTCAAATCTGTTATTTCCACCAGAGCACAGTTCTGCCCATGCAATTACCCTTGTGTTATGCAAAGGGAAACAGAGGCCAGGCCAAAGCTGCGCCTTCCGTTCAAAAGCCATTTCCCGGTCGGGCGCGGTGGCTCACGCCTGTAATCCCAGCACTTTGGGAGGCCGAGAGCAGCCTGGCCAACAGGGTGAAGCCCTTGTCTCCACTAAAGATACAAAAAATTAGCCAGGTGTGGCGACACACGCCTGTGATCCCAGCTACTCAGGAGGCTGAGACAGGAGAATCTGCTTGATCTATTGGTTATTGAGAGGACCATCTATTCTGAATGTGGTCAGTTATCCCGTGAAAAAATTAGGCAGACTTGGTCACTCCTCTCTGCAAAACCATCCAGTGGTTCCCCATTTCTTTCAGTTCAAACTCTCCCATTTCTTTTCTCTCCCTCTGTTCTAGCCACTGGCCATTTCCTCCTTTTGTTGTTGAAATGCTCCTGCCAAATATCTGCAAGGCTTACTCCTTGCTTTTTTCAAGTCTTTGACCCAATGTTACCTTTACAACTAGGCCTTCCCTGACCACTCTCTTGACATTGCAACCTTTTTTCCCTCACGTTTTGAAGGGTCACTGCTTGCCTGTCAGTGTAATACACTCTAACCATGATTTTATACTTCTGATATTTAAACTGCAGCTTGAATTGTAAAAGGAGGATAGATTTTATTTATAACTATAAAGAAACAGCACCCTTACTATAAAGAAAACACATCATCTTCTTAGATCACGTAGAAAATTACACAAAGAAATTACCGCGGCCAGAGGTTAAGATGGTCAATGAAAAAGACTCAAGCTCAGAACACTGTCTTGAGAGGGCACATGCTCAGAAAGTGCAGGAGGAAGAGGAGAGATCCATAAACTTGCCTCATCCAAGCAGAAGCAGTGGAAGAATAAAAACACAGGCACAGAGGGATTTTCTTAAGGAAAAGTTGCCTCTGG
AAGACAGGATGAAGGAGGGAAAAAGAGGCCCCAGAGACTCATTCCCTCCCAACATTCTGCAGCTTAGCAGAGAACCAGCTCGGCAGGCCTGAGCTCAAAAACAGAGCAGGCCTACCTCCGGAGGCTCTAGGAAGCTGCCTCTGTCACTGTCACATACGCAGATGTTCCCTGTCTTCTTTTCCCAAAAATATTTAGAGTAGGCACTGGTCACTGGTGGCCTAAGCACAACTCCCTCAGGATAATGAGAGCTTGGGACCCAGGGAGTCACATGGTGTGACTTTTCTGCTTGTAAGTTTCCCCCATCACCCTAGTCTGTACTCACACCATGTGGCCTTAGTTTTGGGTGGGGGGGGTGTGCCTTTGCCCTCTTTGCACAACGATGATAGGCAATCATTAACGGGAATGGAAGACCCTAAAGGCCAAGTTAGACAGCTATCAAAGAAAAAAGACAACACATCTGGACCTAACTACTCTTAAAGATGGAATCAGAAAGCCACGTCTTGTTGGCCGGGTGCGGTGGCTCACACCTGTAATCCCAGCACTTTGGGAGGCCAAGGCAGACAGATCACTTGAGGTTAGGAATTCCAGACCAACCTGGCCAACATGGCAAAACCTCTGCTAAAAATACAAAAAAATTAGCTAGGCATGGTGGCGCATGCCTGTAATCCCAGCTACTCAGGAGGCTGAGGCATGAGAATTGCTTGAACCTGGGAGGCGGAGGTTGCAGTGAGCCGAGATTGCCCCACTGTACTGCAGCCTGGGTGACAGAGCAAGACTCTGTCTCCAAAAAACAAAAAACCATGTCTTGTTATTAAGCAGTATGATCACCTGGGGTCAAAAGAAATCTGGTCGGGTGCAGTGGCTCATGCCTGTAATGGCAGCTCAGGAAGGTGGCATGTGCAGGAGCAAAGGAAAAGCCTTCCACAGGAGGCAGTGCCCAGGTCTGAGGTCACCTGTTCACAGGGGGTAGGGGAGCTGTCATCAGAGCCCTCCAACAGAGCCCTGAGTGGAATCAAGAAGCATGAACATGCTGCATGAGAAAAAAAAAAAAAGGCACCTTAAAGAAAGCCTGGTGACTGGGGCTGCTACTGTTGTAAATTTCTGAACTCTGCAAGAAGGCCGCACTGCCACAACATTGCTCTCTAGAAATGAGGCCGTGTACAACTGACGCCCTTCAGATATGATGAACACAAGTGTTAACTTTTTTTTTTTTTTTTTTTTTTGAGACAGGGTCTTGCTCTGTCACTAGGCTAGAGTGCAGTGGCGCAATCATAGCTCACCACAGCCTGGATGTGTTAACCTCTTAATGGGTGTTTTAGCCCAACTGAGTTTAGATTCATAGGTTAGAGACACTGAAAATTGGCAGTAATTCTTGAGTCCAGTCAAAACTGAACCACAGTGTTCTCATGCACTCACCTTCCCTCAGATGCACTGTTTCCACCATGGTCTTTGTATCTGGGACAACCTTTTGCCTGAGATACTGCTAGTGGATGAAGACTGCCTTGTTTTCTAATTGTTGTGTCTGTGGAGGCCAATGTTATGGTAATCTTTGACGTCAAGTTAACTACTTGGATTCTTATTTTTTGTTACTGTTTGAAATGAGGCATATAAAGAGACTAGCATTGAACTTGGGAGCTGGGTATACCAAGATACATTCTCCGAAAGTTCTGTTTGTTATTAAAGTGGCAATTTGCTTTACACCTGCCTGCCATTTCTATTCTTTGTTGTTTTTAAACTTGAGTGGGGATAAAGGGGGTGTTATTTATTGGGTAACCTTCCCAAACTACAACACCTACCCTCACTTTTACTGTACAGGCGTGCTGTTGAGGATGGTCAAAGTAACTATAAAATACTAAACCAGAGGCCGGGCGCGGTGGCTCATGCCTATAATCCCAGCACTTTCGGAGGCTGAGGTGGGCGGATCACAAGGTCCGGAGATCAAGACCATCCTGGCTAATAAGGTGAAGCCCCGTCTCTACTAAAAATACAAAAATAAAATTAGCTGGGTGTGGTGGCAGGCGCCTGTAGTCCTAGCTACTCGCAAGG
CTGTGGCAGGAGAATGGCGTGAACCCGGGAGGCGGAGCTTGCAGTGAGCCGAGATCACGTCACTGCACTCCAGCCTGGGGGACAGAGCGAGACTCCGTCTCAAAAAAAAAAAAAAAAAAACTAAACCAGAGCTGCAGTATGTGATTGTGTGGTGGGGAAGAGAGAGAGAGAGAGAGAGAGACAGAGAATTCAAATTCATGGAGATGGCCTAAAAACCAGCAAAGCCCCCAGAGAATTATTCACAGCTACCTGAGTCAAAGGACTTGATTATAAAAATGAAGGTAGAAACCAAGGTGGGCCTGGAGTACTTGGGAGATAAACGTGACCACTTCTCTGGGCAGGGGCAAGTGTACCGTCATGCTATGAAGGCAGAAATGGACATGTGCCCTCAGCAGTCCTAGGCGTGAGAACTAGGACGTCTCATGGAGACAAGCTGGCAGCACGGCAGAGCCTCCCTTCACCTCTCCGGGTGGCACGTAGGCACCGAAATTCATTACAAGAAGAAGCCAGTCTTCACAATGATTATAGTCAATCGTCAGTTCTACCCAGTTTTCTCTATTTCAGAGAGTCCCTCCAAGAAAGCATCTTTACCACCTTTACCCAATCTGTCACGGTGGCATAGTCACTTTTGTCTTTCCATTCCCACTCCCCGCCCTTGCCATCCCTCAGCCCACAAACCACATACAATGTCCTCAGTTGCTCCACACGTTCTCTCAGGGCTCAGAGGAAACATTCAAATTCCTCAGTCCTTATGACCTGCCCCCTCCACCTGACACACACAACGGCTCACGTGATTCCCCTCGTTCCCCCATGAACATCTGGGCTCCAGCCAAGACTGCTCCTTCACCAGCCCCAAGAAGCCATGCTCCTCTGCCTCTGGAGGACTTTTTAAATGACCTGGACCCTCTCTGGGGCTGGTATTTATTCCCTAATCTCCCAACATACTTGGATTTGCCCACTGCGCTGTCTCCCAGGCAGATGATCTTCACGTTGTCATCAGCATCATACTTCCCTTGGTCCAACTCACTCGGTTTGGTTTTGTCTTCTGCCATTGGCTCCTAGCTGTAGAGAGGGGTCCAGCCCAAGGGAGGGGAGGGTATTGTCACTGTCTGGGAAGATCAACAAGAGGCTGTTGTCAGAGATAAGTCCCCTCAACCAAATCTCCAGCTGTACCTCCCTCCAGACTGCTTCCCTCAGTGCCAGACTGAGATATGGTATGCAATTGACTACTAGACTTGGAGTAGCAGAGTATGACACACAGGCATCAATAATATGTTATACACAAATAGTTAAGTCCTGCGCACCCCAAATGCTGCTCCTCACGTTACCCATTTGCACAAGACATTCACCAGGCATCCAGTGCCAAAGGCTGTGTGCAACATTATGTCTAGCTCTGTTTTACTCTCCTCACACCTAAATATGACTTTGCAAACATTCCTGAGAATGTAACCACAGTCCAGACTCTTAGCTAGGGGGGCACATAGAAATGATATGATGATGAGACAGCAGCAATAGGTGAGCCTTACTGGGCATTCACCATGAGCAGACCTTGCACAGGGTTCAGAGGATGGAAGACACAATGATAGCAGAGTCTACTGTGGTGAGAGCTACGACAGAAGTATGCACACGGGTCAGGGGTAGAAAATACCAACAGGGCCCCCGAGTTTTCCTGACTGTGCCACCACACAGCTACTGCTTCTGCACAGCCAGGGACTTCGCCTTGTTTATCCAGGGAGACAATTCCTGGGAAGTGGCAGATGCCTGGAAAGCATGATGAGGGGTCTGCCCCCTTTCACCTGTACCCTGTAGAGAGAGCGACAGAAAGCCAAATCCAGCTTCATGGCTCCATGCTTGAAGACGTTCTTTCTTTTGTTTAGAGATAGGGTCTCACTCTGTCGCCCAGGCTGGAGTGCGGTGGCGCGATCACGGCTCACTGCAGCCTCCAACTCCTGGACTCAAGCGATCCTCCCTCCTCGGCATCCCTGGACTATAGGCGTGAGCCACCGCTTACGGGCGAAGACTTGCTTGTCCGTGTCCTTGCCATCT
AAGTGGGTAAGCTATCTTTCGATAAATGTTTTTGGCCACCAACCATGTCCAGGCATCGCCAGGCTGCCCGTCCCGCCCCCCACAACAGCCTCGCGAAGCCACCTTTCCGTGCTTCCCCCGACCCGGACGCCCTCTCGCCCACACCGCTAGGGAGGCCTCGGAGGGGCTGTCCCCGCGTGCTAAGCCAGCCACCGGGGCGGATTTGCCCTCACGTGCGGTTCCGAGTGAGGGCTGGAGAGACCAGGGACGCTGCGGGTCGGCCCCTCGGGCCCTGCCGCCAGTCTGGACTCTGCGCGCTCTCGAACCACGCCCGCCGGCCCAGCTCGCGCCGCAGCGCACTCCACTTCCGGCTCGGCCCGCGTCCTCGCAGCTGCTACGCAACCGCACAAGGACCCCGAGGGAGGCTGCCCGGCCGAAGGCCTGAAGGACCCCGCCGGGGCGCTGGCTGCCCAGCGCGGCGCCTGGCGGGAGGGCCGCAGGGAGTGCGCATGCGGCCGAGTGCGGGACTGGGGCTCCTGGCTGTGGGTGTGGTACCGAGGCTTCAGCGGGTGCCGCCCGCCTAGAGGGAGTGGAGCGGTGAGCACGTCAGGGGTGGGGGGCGCAGGTCAAGCTTTCACCAGTTTTTAATTCTTTGATGGGGTAAATTTGAGCAATTTTCTCGACTTGTCGACATTCGTTATTAACTGAGCAGGAATCAGGAGAGGAACCCGGTCCTCTCCACACAGCCCAGCAGGTACGCCGCCCATGTGCCTGTGGAGAAGAGAGGTTCCTGTGGGGCAGACAGGTGTGGACCAAGTAGCTGCGAAATTTCTTCTGAAGAAAACACACAAGGGGGAAGCGAGTGAGCTCAGTGGAGGAGGGGCGCTACCCCAGGGGACGTCCCCATGCATGGGCTTGTGAACCTCGAATATGTGAGACGGTCTCAGTCAATTTAGAAAGTTTATTTTGCCAAGGTTGAGGACGCACGCCCGTGACACAGCCTCAGGAGGTCTTGACATGTGCCAAAGGTGGCCGGGACACAGCTTGCTTTTATACATGTTAGGGAGACAGGAGACATCAATATATGTAAGATGAACGTTGGTTCCCTCGGGAAAGGCGGGACAACTCGAAGCAGGGAGGGGGCTTCCAGGTCACAGGTAGGTGAGAGACAAACTGTTGTATTCTTTCGGGTTTCTGAATAGCCTCCGCAAAGGAGGCTATCACATATTAACCTATCTCAGTGAGCAGAGGGGTGACTTTGAATAGATGGGGAGGCAGGTTTGCCCTAAGCAGTTCCCAGCTTTTTTCCCTTTAGCTTAGTGATTTTGGGGCCCCCAGATTCATTTTCCTTTCACAGGCTAGACAGCTTTAGGAACTGAAAGGTTCACGAGGCTGTAACGAAGAGTCGAGTTGCTCCAGGTGAGCCTGGGCCACAACAGCACGCAGGACCTGGGCGCCCACGAGGGGCTCCTGGGAGGGTTTGGGAAAGGGATGTGTGAACCCTATCTGAGATGGTTTCAGGTAATTTAGAAAGAGGTGCACCCGTGACACAGCCTCAGGAGGTCTTGACGACATGTGCCCAAGGTGGTCAGGGCACAGCTTGGTTTTAGGGAGACATGAGACATCAATCAATATATGTAAGAAGTACGTTGCTTCCATCCAGAAAGCTGGGGACAACTGGAAGCAGGGAGGGGGCTTCCAAGGTCACAGGTAGGTGAGAGACAAAGGTTGCATTGTTTTGAGTTTCTGATTAGCCTCTCCAAAGCAGGGAATCAGATATGCACCTATCTTAGTGAGGAGATAGGTGACTTGGAATAGAAAGGGAGGCAGGTTTGCCCTGAGCAGTTCCCAGCTTGACTTTTCCTTTAGCTTAGTAATTTTGGGTCCCCAAAATTTTCCTTTCAGAGAGCCTACGACTAGATTTGCATCTTTACGTCCTGCGCGGAGGCTGCTACACACATGCAGAAGTCATGCTGGTGGCCTGGACAGTGAAGGGAGAGAAGTGGATTTGGGAGACATTTAGGAGGTAAGATTGCTAGGACCTTGGTGATAGCTTGGACATGGAGG
GTGGAGGAGGAGGGGTGTCTAGCAGATAATGCTCTTAGGTTACCACCTGGGATATTAGGGAGAGTGAGCAGGCTGTTTTTTGTTTCTTAGGCAGAACTTGGTTTTGCGGTGCAGTAGGGTGCCTGGAGCCGAAAGCCTGACTTCCTCATACAGGCCAGACCCCACATGTGACTGCCAGGCCACTTTGAGGCTGAGAGAGATGGTTTTGTCTGGCCTCTGTCCTGCACGTGTTTACGGATGACCTCTGTGTTGGCAGATTTGGGGGTCCGCCAGATAGGATCCTGTGAAGAGACCTCAAAGGTCTTTAGTCCAATCTATAAAACATTTTTATGTTGATTATATCATTTCCACAATCAAAGATGAAGAATATATACAGAGGTGTATTTAGTGAATAAGGTTGATGGTGCACCTGCGCTAGGCAGTGTTTTAGTTCGTTGAGACACCAGGGAGTTGAGACAATCCTTTACCTCAGAGTTTTGTGTCTGTAAGTCCTGCTGTTGAGAGGTGTGTGTGTTAAAATGTCTGATTTGGGCAGGTGAGATCTGGGCCCTCTGTAAGGTTAGGTAACAGGAGGTTGGTGTCCAGCAAATATTCAGTGCCCCATCAACATCCCAGTTCTTGTCCACCAATCTTCCAATTCTAGGACTGATGCGGAGGCCCTCAGAGCGACTTCAGAGGAGAAGTAGTATGCTCTGTGGCTATCTTGTTTTGGAGTGTAATTTGTAAATCCTCTGCAAACAAAACGTTGGAAACAAGTAGTGTTTTGGCTTGAGTTTCCTGTAAACGGCTTACAGTCGTTGGGTTAGGGTTGGGTTAGGGTGATGGTGAGGGTGGGGGGTGAGGGTTAGGGGTTAGGGTTAGGGTAGGGTCAGGGTTAGGGTCAGGGTCAGAGTCATGGTTAGGGGTTAGGGTTAGGGTCAAGGTCAGGGGTTAGGGTTAGGGTTTAGGGTTAGGGTTTAGGGTTAGGGGTTGGGGTTAGGGGTTGGTTAGGGTTAGGGGTTAGGGGTTAGGGTTAGGGTTAGGGTTAGGATTAGGGGTTATGGTTAGGGTTATGGTACTGTAAATAATTTCACATTATTACTAATAATAAATTATTATTTGTATTACACTATTACATAATGTAAAGGCTATTAAGACATGTTTGTCTTCAAAGAATGGCCTTGGTTTCTGTGGGCAGTGTCCTCATGGAAAGGTAATGCGTTCCTGCTAAATCATGGACAAAACGGGCTTGCAGGAGCTACAGGCTGCAGCAGCAGCTTCTCCTCTACGTCCTTCACTGCCTCATACTGTTGTTGACTTTGAAAGCTTTTTTCAGTCTAGTTTTATCAACAGAGCTAGTATTTTCATGAGGTTCTACTACATACCAGGTTCCAGAAAGCTAAATGCCTTTTGTTTGTTATTATTCACTAAATACAAATCACAACTCTCTCCTCATTACTCACACAACAAAATTTAGCTGAGGGAGACTGAGTGACTGTCCCAGGGTCACACAGCTACTAAGAGCAGAGTCGTGTTTAGATTCATGTGGGAATACTGAACACAGACATGAACCAGTGGAAACATCCTACGTTCCAAAAGCCTACTCAAGCCATTTGTTCTTATTTTAAGGAAAATCTTTATGCTAATTTTAAACTCCAAATACTTATGAATGGCAGAGATCTACAGATTTGATTCTGATGTAAGAAATGATGGTCACCAGCTGGTTACTGCTACCACCCCACAACCCCGAGCATACTGGACGAATGTCTAAGCCTTGTGGTTAGTGGGGACAATGCTGGTGGAGTCTGAAGTTGTCATGCGGTGACTCATGCAAGCTTAGGCAGATTTGGTGATATATGACACAGAGATGCAAAGAAATGTTGTAGCTGACACACACCGGCTGGCTCTGGGAGATGCAGAAGGAGCACGTCACCCAAAATAGAGCCAGACAGACATCCTTAAGGAAAGAGCCAAGGGGCTGCATCTTAAAGAATGAAGAAAGGATTTGTCATGAGAGATGGGACAGGAAGTTCTTGAGAGGCAGAGGGAGATTGTGAGAATGTTGGG
AAGGGAGGAGAGATTCTCGCACATCTGGGAAGCTGACAATCCATCAGCATGTCCAGAAGGAAAATAAGGAGGAGGAGCAGAAATAGATGAGGCTGGATATAGAAGCAGGGCTGAAGCTGTGTCGATTGTGGTAAAGAGTTGTGATTCTATCCAGAAGGCAATAGGTAGCATTCTAAACAGAGATCTTTTAAAACAAGAGTCAGCAAATATTTTCTGCAAGGGGCTAAATGTTAAATATTTCAAGTTTTCCAAGCCATATGGTCTCTCTCTCAATGACTCAGCTCTTCCATTATACCATGAAAGTAGCCAGAGACATTATGTAACACATGTATTGGCTGTGTCCCATTACAACTTTACTTACAAACGCAGACTGTGTCAGACATGGTCCATGCATGGTAGTTTGCCACACTCTGTTTTAGAAAGCTCAGGTTTATGATGTGATGGAGAATGCCTACAAGAGCTCTTGTTTTAAATGGTAGAGTGAACATACACTGGAATTCTATCCTGCTTGACCCAAGCTCTTGATAGCGAAAGGCAGAAAAGATAGATGGTAAACAGATAGATAGATGATAGATAAAGAAAATACATAGCTGTTCCAGAAAACAGAAATGGATAACTTCATGAACCAAAAGCAGAGTAATATACTTTAGAAAGGAAGCAGGCCAGAAAACCCACAGTTGCAAAGCAAATAGAATTTCCAACTGCCTCTTGTAGCCCCTTCCTGGAAGTAGTCACAGCCCAGGGTGTTTGACTTCTTCCTCTGTTTTTTGTTTGTTTGTTGTTTGCTTTTCTGTGGGGTTTTTGTTGTTGTTGTTTGCTTTTTTAAAAAAAAATTCCCTTTCCCTGCTTTTTGGTCACAGCAGCCTTTGTCACTTCAAACACCGCAAGTGTTCTTTAAAAAAAATTATATCAACCTTTCAATTAAAATGCAACATGTCTGAAACTTGGTATCTGGAGAGGTGAGTTGGACAAAGGAGCCCTTGTTACTGCACGTTTTCATTCTTCAAATTTCACCTTGCACGCAGTAACAGACAGTGCGCAAAGCCACTTCCTTATGGACGGAAATTCTGAAATCCTTTTATGCCTGGCCTTTCCATCCTTCATCTTCCCCTCTCCCACGCTGTGAAGGATCGTATTGGACATTTTTGTTTTAATGTCAGTGACAGGGGAACACAGGTAGCTCTAATATAGCTGTGACCCAGATGCTTCTGTTTCTAGCACATATTTATTTTGCAGCAAACATTTACATCCATGATGTTTTACTGTCTTTTGAAAATAATTAGGCAATATCTCATCTGAGGTAGGATGTTTCTAGGGGTTGTGTTCTGAGGGAGGAAAACTAATCTGTTCTCTTTCCACTGCATTCTAGGAACAGTAAGAGGACCTTGTGCATGAATAATTTGTTTCCACACTACAGAGTGGGTAATAAGCAGATTAGTAAAAACAATTCTGCTTCACTTCAATAACAGCCTCCTCCAACTCATTTTTTCTCAACAAACTTATTTTTCCAGCAGAAGAATCCCAGACTTCTTAGAGAACCCAGTGACTTTTTGCACCTTAAATCTGTGAAATCCTCATGTTTTCTTCTGCCGTATCCATAGTTCAAACAAAGATGAGGCAAAGCTAGATGCATTCCTGAAGGAACCCAAGAAATTCCTCTCTTTATTTCTCTGGAATGAAATGAATTCTCTAGACCACCAGTTCTAACCTTCAAAAACCAAACCTGTTTGTGAGATCTCCTTCAAATACTACTGTAGACCCCAGTGTTTATTCATTAAATTTTTAAAATATTTGTTTTATTTGGAATCCATGTATTTGTAATTTTAGTGTTTGTATTAATATAAGGGAGAAATGTTTAAATCTGTCTATGCCATATGTGCCTCTGGCTTATTGCCCAATTAATTGTAGACTCAGGCTAAACTTTGGTTTCTGTCTTTAATTTTTGTCAGAAGAAATATAACTGATCTCAAAACATCTGCTTTTATTGTAGGGACTCGTGCTGCCATCTCCATTCCTCTCTCTTTTCTTGCAATCTGGGTAGAAGTT
CTTTAATATGAACATTTCAACCAGCTTCATTCTACCGTGTCCACTATCAGCACATTCAAACTGATCCAGCCAAGGCTGTCATATTAGGCCAGGGATTTTTTAGGAATCTATTATGCTGTGATGCGGCTGGCACCCCTTTGACTCACTGTATCACCCCAGGGTTCTTTTCATTTCAGAAGCCCAAGAGGGCAGAAAAAGAAGTAGGTGAGCAATTAAACCCTCTGAGTCAGGAGCGTCTCCCCTTGCGTTAAGCAATGTTGTAGAACATCGTGTTTAGCAAGCTCCTAGCAGATGAGCCACGTGGCTGCTGAGCACACACGCCTGCTTGCTGCTGTGAGCTCAGGCACCATCATCATGTCTTTTCCATCTCTGGAGCGAATTGTAAGGGCCACTTAATAACCTGTAAATCACAGAGAGTTAAAGGTGCTTCCCCAAAACACTGATGACAGAATGAAAGGTGAGGAGTGTTAGCCACAGGTCACAAAAGTGCAGGAAAGTCTCTCAGTGTGGGTTGTTGAAGAAATGCAGGTCTTTTTTCTTTTGGAAGTCTCCCTAGAATGGGGTCAAGGACTCTGCCCATTCTAGGATGAAAAACTGGGATATTAGACACCTTCAGATATTTATCCCCAGCTTTCATTTTGGGCTCTTAATTAGTTTGTTCATCCATCACAATCTCAAATGCTAAGCAGGGCATTTGAATCTCTCCACAGTGCAAATCAGCGCCGTCTTTTAAAGTTGAGTTTCTTGTTATTCTCACCTGATGTACCTTATTTATCCCACACCCACCCCAATAACATATCGTGCTCACTGTTATCTTTGAGGCAACCCTTGAATTTTACTCAGCCTGGAGCGCTCTTCACATGTCTTGTCCAGAGCCAGTTCGGACTCATTCTTCAGCCGTGCATCAGTCAGTGGGGGCTAGCTTAAACTGTGGTGACAAACAACCTCCAAATTTCAGTGGCTCAAAAATCTTCTTCCTCATTTATTTACATCTCATGACTGGTCAGGTGAGAGGTAGCTCTGTGCTGTGTCATCCTAACACAGGAATCCAGAAGGAAGGAGGGACCGTCAAGATCCCCATTGCTATAGAAAAGAGAAAAAAGCATGCGGAATAGAACGCTGTTTCTTGGAGATTTCTCCTGAAAAAGTCACATGTTATTTCTTCTCACCTCCATCGGCAAAAAAAAAAAAAAAAAAAAAAGTCATGTGGCCATGGGAAAATTTAAGTAGGTGGGATGGAACAGTCAGAATGCATTCATAAAAAATGAACTGAAAATATTTGGAGAACAGCACCAATGACTATCATGAATGCCAACATACATCCCTAACAACCCAGTGCTGTTACCCTCCAAACTTTTTATGTCTTGCAAAGTATTAGAACTTCATATCTGAAGCCATACCACTCAGAGGGAATGCAATACATATTGACATCTCCTTTAGGATGTCCATAGAGAATTCAAGAAAAGAAATAATTTAAAAGTGCTTTTGGGTACAGCTATTTAGCACTAGAGGGTAAGAGTAGAGATAGATTGTAAAGATAATAATAGGGTTAGGCATAGGATTAGGATCTGGGTCAGAGTCAGGGCCGGAAGTATGGTTAGAGGTGGGGTCATGGTCAGGGTCAAGATCAAAGTCAGGGTCAAAGTAAGGGTCAGAATTAAGGACCAGGGTAGGGATCAGGATTTAGCTTCAGGCTCAAAGTCTTGGGACAGGGTTAGGGTTAGGATTAGAACCAGAGCTTTGTTCTCAGGACCCACCCGAGGGTGGGTCACCATGGCTTTGGAGCACCTGGTAGTGTGGCGTGTCCACAGTGAAGACCAGAGTTTCATTGTCCTTAAGACTGACCTGGGAGACGTGGCTGCAGGCCATTGAGGAAGGTGAGGCAAAAGCTTCCTGTCTGCTCCCCGTGTGCTGAGGAGGGAGCTCTGCCATGTGCTTTACTTTCACACGTTATATTCTACGAGTCTTGTTTTACAAAAGCATCCCTTCCTTGAGGCTTCGGCTGCTCATCGCTGCTCATCATCATAGCGTGCCATAACATATAGT
AAGATTTGGGTTTGTTTCTGGGAGAGATCTTGGCATAGAGAAAGGAGAAATGCTTAGAGCCACCATCAAGACAGTTGGGATGAAAGCTGGGGATAGGCAGAGGCTGGAGGAAACATGTGCACCCCTTGTAAACACTTATTCATGTTTTAGTTATTCACTTAAAGTGTTAAATTAGTAAAAATAGTATTGAAAAATTGAAAAGTAGGCATATTAAAACTTGTAACACTAAGCTTAGATATATTATTTGTACCTCATCAACATTTTTTATTTTGTTGAGAAAGTGTAAGGTTAATTGGCAGCATATTTCTAATAGTAGATAGAATAATGTCTGTTTTATAAACATTGACATCCTACATTACATGTGTGAACCCTGAAAATCTGAGACAGCTCTCAGATTTTTTAGAAAGTTTATTTTGCCAATCTTGAGGATGTGCGCCCGTGATGCCTCCCCAGGAGGTCCTGACAACATGGGCCCAAGGTGGTCGGGGCACAGCTTGGTTTTATACACTTTAGGGAGACATGAGACATCAATCAATACGTGTAAGATGTACATTGGTTCAGTCCAGAAAGGTGAGAAGGCCAGACAGGGGGCTTCCAGGTCAGAGGTAGGTAAGAGACAAATGGTTTCATTCTTTTGCATTGCTGATTACCCTCTCCAAATGAGGCAATCAGGTATGCATTTATCTCGGTGAGCAGATGGGTGACTTTGGATACAATGGGAGGCGGGTTTGCCCTAAGCAGTTCCCAGCTTGACTTTTCCCTTTAGCTTAGTGATTTTGATTCCCCAAGATTTATTTTCCCTTCATAAGGTTTTCCTATGAGCATTAATTATTCATTGTGTATTTTATCACACAAATAAGGCACAGATTTTTAAAAAATCATCAACTTCCTGGCTACCTATATAGACATAATTACATAGAAGCTCAACTAAATTTGCAAACATTCCAGAGTTTGGGTTTCCAATAATTCTTTGTGATTCTTTAAAAGGTAAAGTATTTTTTTCCCATAAAACATAGCAACATTTAAAATCACCCGTAGAATGTCCTGCCATTTTTGTTTCTGTAGTTTCCTCATTTTCTGCAAAGCCTCGCTGAGGAAATTGACTTTGAATATCCTTTTACACTCTTCTGTTTTAGAAAGCATTGTGGTAAAACATTGAATCATCATGGTCATAAGTTCTGTTCACATTCTTTCTTGCTTTGAATATTTTTTCCCAGTGGCCAATATTTGATTCTGTTGTATCATGGCTAAAAGGTAGGCATGGCAACAAAATAAAGACAGGAAGTCTTTGGAATAAGTGATCCCATCACAATGAATCAATTTGCCATTGGAACATATTTTTACAAAGTCACTCTTTTGAAAATATTTAGCTATGAATTAAAACAGAGTCTGTATGGTTAATATTTTTCCTGGTCTAAGGTGAACAGCATTTTAGAGAATGAACTCAGGACACAACCACAGCAGAAGAAAAACGTGATAATTAAGTTTACACATGTGTGTTACTACTGCAACAGAAAACATGTAAAGAACATTTGATTTATGTATCAGTCTGCACTGTTTAATTTTTTGGGTCATAAATACTCTTATTTAAAAAAACAGGACTAGTTAACAGTGTCAATTACTAGTAATTCATGGTATAAATAATTAAACAAGGAAGTGTTCAAAAAAAACAGTGTTTTAAATAAAGTTTTATTTTACATCATCTTTTTTACTTACACAGAAATTGTCAAAAAAAAGCAGAGATTTCCCATGTAGCTGCAACCTAGTTTCCTCTCTTATTAACATCTCCTATCAGTGTGTCTCACATGGCTTATTAATATCTTACATAATTTGTCACAGTTAATGAACCAATACTGATAGACTATTATTAACTGAAGTTCATATTTCATTTGGATTCCCTTAGTTCTATCTTACTCTGACCCAGGATCCCATCCAGGATCCCGCATGACATGTAGACATCACGTGGGCTCTTCCTGGCTGTGACAGTGTGTCAGGCTTTCCATCTCATGATGACCTTCATAGCACTGAGGAGGATTGGTCAGGAAT
GTTGTAGAATGTCCCCCATTGTCACTTCATGTTCTCAAGGTGAACTGTCACCTTTGATGTTCACTTGGATCATTTGGCAGAGCTAATGTTTGTCAGGTTTCTCCACTGTGAGGTTATTTCTCCTCCTTGTCCGTACTGCATGTGTTCTTTTGGAGCAAGTCACTATGCAGAGCCTCACTCCGTAAGGAGTTGGCTCCACCTTCTTGACGGCTGAGTGTCTACATCAATTATTTGGAATTCTTTTGCAAAGGAGATTTCTATGCAACTCCATTTGCTTATTCACCTAGGTATACAAATACAGACACCTAGATAATTACTTTAAGCTTTAGTTATTATTCAACACTACAGTATTATGTTGCACAATTCATTCCTGTGTTGGCCATCAGTAGCTGTTTTTATTGGCTCTTATTTTTCTTTGATATGTTTTAATTTTTTTAGTACTTACTTTCTGATACTTCCAGATTATCTTGGCTCCTATATTTACTGTCCCAGTTCTAGTATCAGACATTTCTTCAAAGAGCCTGATTCCTTTCAGAATGGTAGGAAAACTTACATCTGGCTGCTGAATGAGCACATTGTATCTTCTCCCTCATTGGCAATGCTAGGAAGTATATGTGTGTGTCTAACCTACCTATACACACCTAATTATAAAGTTTTCTATGTAGAACTGTGTGTGTCTATATTAAACTAAACATAAGTTTACATTGATGTCTCCACCTCTGATCTACTATCACATGAATCATTCTAGCCTTCTCGCCTTGCTAATTTGTAACCTCCCACTTCAACAGTAAGAAACCTGGTTCCCACCATCTGCGACTTATGTAAGTCATTGTTTTATTCCAGATACAGACACTGTGGTTTTACAATTGTTCACAATTGCTTCTGTTGGAAAGAACTTTATAAAATGGAATCCAATAATGAAGTATAGTTCATGTGCCTTCAGCCTACAGATTCTATTCATTTTCAAAGTTTTTACCTAGATTTGTGTCTCAGTCCATTTTGTGCTTCTGTAACAGAATACCTGAGGCTGCGTAATTTATAAGTAAAACAGTTTCATTTGGTTCACAATACTGGTGGCTGGAATGTCTGAGATTGGGCAGTTGCATCTGGCGGGGCCTCAGTCTTTTTCACCTCATGGTGGAAAGTGGAAGGGGAGCAAGGGGTGCACCAGCGATCACACAGCAGAAGTGAAAGCAAGAGGGAAGCCAAGGAAGCCAGGCTCTTTTTAATTACCTGCTCCTGCAGGAATTATCTATTCCTGTGAGAACAGAACTCACTCACCCCCATGGAGGACATTAATCTATTCATGAGGGATCCATCCCCACGACCCAAACACCGTCCACTAGGCCCCACCGCCCCACACTGACGCAGTGGGAGTCAAATTTCAACATGAGTTTTTGTGGGGACAAACCACATCCAAACCATAGTAATTTGTAGCATAAATTCTTTTTCACATGATGTATTCTGTCCTGGGATACTCCACATCCTGAGTAATTGGATTTAATTTGAATAGAGTTTGCTTTAACCATTTGGCTGTAAAATTCTGCATATTTCGACAAATGCATTGTGGCAGATATCCCACTATTAAAGTATCATATGGAATGCCTCAAACCCCCACCCCATGGAGCCAATGGCTTCCCATCTGTGTAGTTTGCCTTCTCCAGTGTCTCATTAAATGAGGTCACACTGTGTGTATCCTCCTCAGACTGTCTTCTTCCACTTAGCAATGTGCATGCAAGATTCACTCATGTCTTTGTGTGTGTTGATATCTTGTTCCTTTCTATGGCTAAATAGTATTCCATTACATGAATGTAGCACAATTTGGTTATGCATTTTGGGGAGCAGAACCTACCTCTTCTAACTTTGTTCCAGGGTTGGAGACCTTCAAATTAACTGACAATAGATACATTAGTAGGAGAGACAATACTTGGCTTCTTGTTCCCCAAGTATCATTGTGGGACAAAATTCATCAGATGGCAGGATCCAGTTTAAAAAGAGGTAAAAATAGCCCAGAAACAAGAAACAAGACTAGAATCTGATAACTCA
CAATGGCTATAGTTTTCCTTTAAAAAAATTTTTTTCGAGACAGGGTCTGGCTCTGTCGCCCAGGCTGGAGTGCAAAGGTGCAGTCTCAGCTCACTGCAACCTCTACCTCCTGGGTGCAAACGTTCCTCCCTCCTCAGCCTCCTGATTACCTGGGACTACAGGCACATGCCGTCATGCCCATCTAATTTTTGTATTTTTGGTAGAGATGGGGTTTCACCATGTCGCCCAGGCTGATGTTGAACTCCTGGCCTTCCAAAGGGCTGTAATTATAGGCATGTGCCACCATGCCCGGCTGTGTTATACTTTTCCTTTGAAAGATAAAATTTCTCTCTGTAGTAACCATCATTTTTGATCATAATCAAAGTAAGACTATTCTTGTTTTAAAAATAAGTCTAGTTTTGTTAGATTTTGCTTGATTATTTACGTAAGTGCAGCAAGAACAGGAGATGACCACATAGGTGCTTTCAGGTTTCTTTGCTGGAAGTTTTCATACAGAATCTCAGATTTGACTTATTTTTATTTAGCCTTATTCAGGCTAAAAGCCAAGCCAAGAACATACTATCAAATTTCAGCTGCAGTCCTTATAGCTTTGTGTGAATTCTTCTCTTCTTGAGGCCCCAAAATATCCCTAAATTCCTGGGCCTACCAGGAAATGACCTTGCTTACTAACCTATAAGGCTGTGAACCCTGTAATCTAGGTATCAGGCTGGGTTTTCTCAGAGTGCTGTTGGGAATGAAGTTTTTTATGTCCCCCCCCCCCCCCCAAAAAAAAGAACTAACATGGGAACAAATGATCTCTTAGCAAGGTGAGCTTTATTTTTCTGCACAAAGGGTGCTACTCAATAGCTGTCCAGCTACAAGAGCACACCAAACAAAGGAGACAGAGTTACTTATAACCTGACGTGTCTACCCTACTGCTGTGTCCAGTTTCCATTGGCTGGAATAGGACCTCCCATTTTACACTTTACCCGATTGGCTGTTTGTTTAAAACTTTCTTAATTAGGTAAGGGGAATAGAAGAAAGAAAGAAAAGGAAGTTGCCCAGGGATAGTTAAGGAAGCATCTCCAAATAAGGAATGGCATGCACTATGGGCTGGGGCTTGTCTAGTTCTGTCCAGGCATGCTGGAGCAAGCTAGGACAAGTGATTTGGAACACACACACACACACACACACACACACACACACACACACACATAAAAATAGTGGGTAGTTGTGACTTTATAATCTTTGAGGAAGAACTTTCCTCAAAGTTTTCCACAGTGCTTTGTAAGCATTGTCTCCATAAAAGTCAACCTTACTTCCTTAAAATTGCTGGTCATAACTGATCTTAGGTACACTTCCTAAATATGATGTTCCAGTAAAAACCTTGATAATATAACCAAAATTTCCAATTATGTCCTGTTATAAGGTGAATAGATTGTTATTGGACTTTTGCTAACAACTATATCATCGTGGAAATAAGAGTATTCAGTAAGGATTTCAAAATTCTGGAAAAATCAGGCAAGAAAAAAAGATAAATGCTTCATTTCTGTTTACAAAAGTATAATCTACTAAATTGTTGTAAGTTACAGTTAGAGTAAGAGAAAGAGATTTCTTAAATCCAGAAACTAGAATATTAACCAGCAATGCTCCAAAAAGCTATACAATTATAATCAATTTTCATCAGTTCATTCAGTGCCATGTAATCAATTCCAGTCTTGTGGATCTTGAGTTAGCAGTGTCATGAACCCATCAGTTTCCCAACCGGACTTCTGGAGACCTTAACTGAGTCAAGTGTATGGTCTTAAAGTTATTTAAGCAATATCATCAGAAGCCTATAACCAGAGTACCTGTCATAGTCTTTTCTGTGAGTCTCAGAGGGAGTCCTGTCTTGGAGACGAACATTCTGACCTGTAGTTGATTGCAGGAGCTTTCAGGAAAGTATCAGGGGGAAATAATATCTAAATGACAAAAAGTATGAAATGGCTGTGATGAAAGATCTGATGAGAGTTCATTATACCACAACTGACAAGGATATTCGATTTTTTCTGTGGCAGACAACATTTA
TTTATTTATTTATTTAGAGACAGAGTCTTGCTCTGTCGCCCAGGCTGGAGTGCAGCGGTGCGATCTGGGCTCACTGCAAGCTCTGTCTCTTGGGTTCACGCCATTCTCCTGCCTCAGCCTCCCGAGTAGCTGGGACTACAGGTGCCTGCCATCACGCCCAGCTAATTTTTTATATTTTTAATAGAGATGGAGATTCACCGGGTTAGCCAGGATGGTCTGGATCTCCTGACCTTGTGATCCACCCGCCTCAGCCTCCTAAAGTGCTGGGATTATAGGCATGAGCCACTGTGCCTGGCACAACATTTAAAGTAATAATTGGAATTATGACTCATTACTCTATAGTGGCACATAGCATGGATAAGGAGGACATTGACAAACTTCCAGGAATTTTATATAATTTCTGAAAACATAACATTTTACCCATACAAATATAACACAGGGAAGGTTAGGTATCTCTTTTTATTTGTATCTTCTGTATGGTTTTCCTTATAAAAAATGCAACCTACTTTACTTGCGAAACATGCCCTACTTTTCTTGCATGCTTTGCATAGAGTTGTTTCTAGTTATTCTATTATTTCTAGTAGTTTTATTTACATATATTGATTATAATTTTAATACTTAGTAATCTTTTATTTTCCAGAGAAAACTAGGAAGTAGACAGTTATAAACTGTCATATATTAGCATTCTATAGTAGGTTAGAAAATGTATGAGTATACCATCTCCCAACATCTAGAGGGATGTGTTTCCTCATAATACAATTCCTCAGTGTGGCAGAAAAAAACATGTTTATTAACGGGCCAAAATATCTTTAGTCTCTCTGTAAAAATAGGAAGCCAAAAGTATATAAACTTGAATTATTTATGTTCAGTAATTAATGTTTTAGTATTGTATCTTATTTATAAATGGTCTAGATATTTAATGCAAATCTTTTACTTAGCTTAACTTTAAGGTTAAAAATTACCAAAAATACTTTGGAAACTATTCTTAGGCAGATTTACTGTAAACAAATTATTTTTGAAATAATGTTTTTCGCTTTTCACAAGATGGCACCAAAAGCGAAGGAAGCTCCTGCTCATCCTAAAGCCGAAGCCAAAGCGAAGGCTTTAAAGGCCAAGAAGGCAGTGTTGAAAGGTGTCCGCAGCCACACGCAAAAAAGAAGATCCGCATGTCACTCACCTTCAGGCGGCCCAAGACACTGCGACTCCGGAGGCAGCCCAGATATCCTCGGAAGAGCACCCCCAGGAGAAACAAGCTTGGCCACTATGCTATCATCAAGTTTCCGCTGGCCACTGAGTCGGCCGTGAAGAAGATAGAAGAAAACAACACGCTTGTGTTCACTGTGGATGTTAAAGCCAACAAGCACCAGATCAGACAGGCTGTGAAGAAGCTCTATGACAGTGATGTGGCCAAGGTCACCACCCTGATTTGTCCTGATAAGGAGAACAAGGCATATGTTCGACTTGCTCCTGATTATGATGCTTTCGATGTTGTAACAAAATTGGGATCACCTAAACTGAGTCCAGCTGGCTAACTCTAAATATATGTGTATCTTTTCAGCATAAAAAAATAATGTTTTTCATAAGAATGACAACTTAATTAGAATCAAATCTATAAGCTTTAAGATTTTACGTTTCTAGTAAGTATAATATTAGCTTATTTGACTAGAACTCAAGCAGAATAGGAATTTATGCTTGTTTTATATTCAATAATGATAATTTTGAAGATATAGTTGTTTTATTACACCAAAAATACTATATTAATCTTATTTAACTAAGTTTTATCCAAATCATGTTAACTTAAGAAACATTTGATCAGTTCCTATATTTCTAGGAGTTTGGTGAATATTTATTTATAAATGCTTATTTTTTTCCAAGCCAAGTTAGAATAGAGCACTTTTAGAGGATTTCATAAATGAATTTTGCAATGCTCTCTGGAGTTAAGAAAATATCACATATACATAACATACATTAATAGATACACAAACACAAATAGAGATTTCATAGCTTTCATCCTGAAATTTCAGCCATGAATCAGGCATAAATATT
CTGATGGTTAATTTCAGACATCTACTTGATCGGATTGAGAGACACGCATAGCTGGTCAAACACGATTTCAGCCATGAATCAGGCATAAATATTCTGATGGTTAATTTTAGACATCTACTTGACTGGATTAAGAGACACACATAGCTGGTCAAACATGATTTCTGACATGAATCAGGCATAAATATTCTGACGGTTAATTTTAGACATCTACTTGACTGGATTAAGAGACACACATAGCTGGTCAAACATGATTTCAGCCATGAATCAGCCATAAATATTCTGACGGTTAATTTTAGACATCTACTTGATCGGATTGAGAGACACACATAGCTGGTCAAACACGATTTCAGCCATGAATCAGGCATAAATATTCTGATGGTTAATTTTAGACATCTACTTGAGTGGATTGAGAGACACACATAGCTGGTCAAACACAATTTCAGCCATGAATCAGGCATAAATATTCTGATGGTTAATTTTAGACATCTACTTGAGTGGATTGAGAGACACACATAGCTGGTCAAACAATTTCAGCCATGAATCAGGCATAAATATTCTGACGGTTAATTTTAGACATCTACTTGAGTGGATTGAGAGACACACATAGCTGGTCAAACACGATTTCAGCCATGAATCAGGCATAAATATTCTGACGGTTAATTTTAGACATCAACTTGACTGGATTAAGGGACACACATAGCTGGTCAAACACGATTTCAGCCATGAATCAGGCATAAATATTCTGACGGTTAATCGTAGACGTCTACTTGACTGGATTGAGAGACACACATAGCTGGTCAAACACGATTTCAGCCATGAATCAGGCATAAATATTCTGATGGTTAATCGTAGACATCTACTTAACTGGATTGAGAGACACACATAGCTGGTCAAACACGATTTCAGCCATGAATCAGGCATAAATATTCTGATGGTTAATCGTAGACATCTACTTGACTGGATTGAGAGACACACATAGCTGGTCAAACACGATTTCAGCCATGAATCAGGCATAAATATTCTGATGGTTAATCGTAGACATCTACTTGACTGGATTGAGAGACACACATAGCTGGTCAAACACGATTTCAGCCATGAATCAGGCATAAATATTCTGATGGTTAATCGTAGACATCTACTTGACTGGATTGAGAGACACACATAGCTGGTCAAACACGATTTCAGCCATGAATCAGGCATAAATATTCTGATGGTTAATCGTAGACGTCTACTTGACTGGATTGAGAGACACACACAGCTGGTCAAACACGATTTCTGGGCATATCTATGAGGGTGTTTCTGGAAGACACTGAGATAACCATGACCCAATGTGGATGGGCACTGATATGGTTTGGCTGTGTCCCCACCCAGATCTCATCTTGAATTGTAGTTCCTGTAATACCTACATGTCGTGGGAGGGACCCAATGGGAGGTGACTGAATCATGGTGGTGGTTACCGCCATGCTGTTCTCATGACAGTGAGTGAGTTCTCATGATCTGATGGTTTTATAAGGGGCTTTTCCCCTTTGGGTCAGCACTTCTTGTTGCTGCCATGTGAAGAGGGACAGCTTTGCTTCCCCTTCTGCCATGATTGTGAGGCCCCTGCAGCCATGTGGAACTGTCAGCCCATTAAACCCCTTTGTTCTTTATAAATTGCTCAGACTCAGGTATTTCTTCATAGCTGTATAAAAATGGATGAATACAGGCAGCATCCAATTGGTTGAGAGCCCAGATAGAATAACAAGGAAGAGGAAAGGTGAATTATCTCCTTCTGAAATGGAAACATCCTTCTTCTCCTGCCCTTGACATCAGAACTTCAGGGTCTCAGACCTTTGGCCTCACAATCAGAGTTACACCATTGGCTTCCCCGATTCTGAGTCCTTTGTATCTGGAGTGAGCCATGCTACCAGCTTTCCTGGTTCTCCAACTTGGAGACAGGCTATTGTGGAACTTCTCAGCCTCCATAATTATGTGAACCAGTTCCCCTAATGAATCTTCTGTCATCTGTCTACATATATCCTATTGATTCTGCCTTTCTGGAGACCC
CTGACTAATGTGATTACAATAACTACACAATTCACTAGTTTATATAGAAGACTTGGTTTTTGTCTTTGCCCCATTTTATATTTGTATTATAACTATGTATCTGGAAAATGGAACAAGTTTTTTCTTCTTCATATGAGGGCTAAGGCTTTTTTCTCACCAATATTTTTGGAGATTTTAAAGATTTTCTTTTTTTTTGACATAGAATCTTATGGAGGCTGAGAAATAATTTTTTTTCTATTTTATTCTTCAGCCCCAGGTGTTTGCTTTTGCAGATTCTTGAGCACATTGAGAGCCTCCAAGGCATGGAGTGGGGTGCCTGAAGTTTCAGTGATTATAGGGAGTTGAGAGACTCAACTGGGAAAGGAAAGGTCTAAAAGGAGGCAATTTGGAAGATAAAAATTTTCTCAAAGGAGCCATTAAAGTTGTAAATAATTCTTAGTAAAGTCATGCAAACAGGAAAAGAAGTAGAATTAGTTCCATATTGGTGGAACACATAGTCAGCAGAGGTTTGAGAAGGGAGAATTTAGTGAAGTGAGAAGTTCCCATGAAAGCAGCAAGATCAAGATCACAGACACCTTGAAACAAAAAGCCAGGAATAACTTCCAACCCAAGAGGAGAACAGAGAGGCCTCAAAACCAAAGGTAGGATAAGAAACTTGTAGCCCAAGAGTTATCTTCCAGACAAAGAAGCCTGAGATTCCAACGCAGCTTCAGAGAGTGCTCACTCAAAATGTTACTGAAACTGTAGGCTTTTTAATGAGTTAGCCATGCCTGCAAAAGGCATTCCCTAAGGTGGCACAGAAGACGGAGCCCCCATATCCAAAGATAGCCAAGGAGAAAGAAAGACCCCTGTTGCCAGAGCCAGTGGGCAAAGGCAACAGAAAAGGAGACAAGGGTCCTAATGGGATGAGATCCTTTCGGATTTAGGCTTTTATACAAACTCCTGAGAACTGGCAGGTTGACAGCCATAAATGGGGTACCAAACTTTCTACTCATTGGATTACAAGTTCTCAGGCATCCAGAATGATGAACAAAATGACAATTTCTAGGGCTTCTGTGGGAGAGTATGGAAAGGTCTTTTTGAACCTTTTAATGCTGTGAACGGAAGAATGATGAGGTTCATAAATTTGGAAAGGAGACATTTCTTCATTTTTATGCTTATTTTTATTTTTTTTGAGACAGAGTTTCACTCTTGTTGCCCAGGCTGGAGTGCAATGGCGTGATCTTGGTTCACTGCAACCTCCACCTCCTGGGTTCAAGCGATTCTCCTGCCTCAGCCTCCTGATTAGCTGGGATTACAGATGCCCACCACCACACCTGGCTAATTTTTTGCAGTTTTGGTAGAGACAGGATTTCATCATGTTGGCCAGGCTGGTCTGAAACTCCTGACCTCAGGTGATCCACCCACCTCGGCCTCCCAAAGTGCTGGGATTACAGGCATGAGCCACCCACCCAGTGAGAGATTTATTTTCTATAAAGGGTTGTAGCCTGCAGGGTTGTCCTTCTGACAGGCTGGGAAGCATAGCCTCCAGCCAGAAGCCAGAAACAGATGCTTCAAGGAGGAGGTAAAGGAAATAGCAACTTATGCTGAGTGGAATGGCCAAATAGATTTATTTAATAAGCTCTAGGAGGAGTCATGAATATTTATGGAAGGAGAAATGCATGCACGCACAATTGAGTTTCTTGCTTCTTCATGGGTCCCATGTACAAAAAATGGCAGTGTTAGCATGATCCCAGGGTGGAGTTTTCAGCCCTCTGACATTAAAAGGTGAAGCAGAGGACATGAAAACTCGCTCTGTGCATCCTCTGTACGCTGGCCAGAACCTCTCCATCGTGGGTGGTCTCTTATCAGGCAAGAAAGGAGAGGTTGATATCAGTGGTGGAGGCTTTGAAAGGGCTGGTTTCTGTTAAATCCTTAGGGAAGAAAGCCTCATCATGGTTAGCAAAGGAGGGGGTATAACGATGTGTATCTTAACCCCATCATCCCATCCTAGCAAAGCTGAGAACTCAGTTTTGAAAGTTACTCTGGGGTCCCCTCAGCCAAGAG
TGGGTCTGTTCAGTCAGTTGGGAGCTTAGAATTTAATTTTCATTTATCAATGCTAATGGGAAAGAGTACGCTGTCTTCATGGCAGCTGAATTTGCAAGAAACTCCTTGGATGGGGTTAATGGCAGCTGTATTTTTCTGGGAGCTGTGCTTTAATTGGATAAAGTAAGTTCTGGTAAGATTTCTTCATCTTCAGTATCTCAAATGTTTTCATTTAAATAATCTTTATAACAACTTTTGATGTCTGAGTGGATTCCCACACAGTCATCTATTGTAAGACTTTCTGATTCCTTTTTTTTCCTTTGGTCATTATGAATAGGGCTTCTGTAAATAACTGCATGGTAGCTTTTGATGGGAAATAACATCAAAGTAGTTGTCAAAATACCTAGGAATGTTATTTTTGGATTGTAAGGTGAGACTTGTTTAGCTTTGGAAAAAAATGACCAACTTGTAATAGGGGAGGAAAAATAATTTTCTGTTTTTGGAATTCTTAGATGGAACGCTCTGTAAAAACTGACAGATTAAAATGAGAAAAAGAGAAAAGTTTAAAAACATGTATATCTTATGGTTACATGGGAGATACTCAGGGAAAAATGAGTAAATCTCCAACAGGTGGCTTTCAATTCAAGCATAAATACTATCTTCAACTTAAAGAAAGAAGATTTGAGGTGCAGTAGTGGGGAGTTAACCAGCAAAAGCACATTAGACAAGGGTAAGGTTCGTTATACAGACTTAAGTCCATGCATTCTCCATTGATAAGACTCTTCAGTGATTTAGTTATCCTTCTCTTCTTGGTGTCGAGAGAGGTAGCTTTTAAATGGTGATTTCCTTTATAGATGTAAATTTTCCTTACACAAGTAACTTCTACTCTATTTTCACAACTTCCTTTGTTAGCATTTTTTTTTTTCAAAATAATTAGCTTGGAATAATTCTTAAGCCAAAGGGACATATTTTGGGGTTGCATATTCTGGTTTCCTACCATTATATTTTGGGGTGGCATAGTTTGGCCTTATACACTGTGTTCCACTGGCAATGAAAAGAGTTCTTGTTTTTCCTCCAGCAATTTGTCATTTGTTAAAGAGCTTAGCAGTTCTAAGAGATATAGACCAGCTGTGCTATCTTTATGTGGTTTTCAGTTCTCTAGTATGTTGAGCATCTTTTTGTAAGTGTACTTGCCATCTGTAGATCTTCTTTGGTGAAGTGTCTGTTCAGATCTGTGTGCATTTTTAATTGGGTTGTTTAACTTATTTAGTTTTAACAATTTTTTATATATTTTGAATACAAATTCTCAGATCTGTATTTTGCAAATATTTTCTTCAATATGTGGCTTGTCTTTTTGTTCTCTTGACAAGGTCTCTTCCAGAGTATAAACTGTAAATATTAAGAAATCCACATTGTCATTTCTTCTGTGTATATCAACCTTCTGTGTCATTTGTTAAAATTCATTACCAAACGCAAAGGCACACAGCTTTTCCTCTATAGTTTCTTCTAGAAATTGTATAGTTTTGCATTTTTAGTGTAAGGATGATTTTGAGTGATTATTTGTGTAAGTTGTAAAGTTTTCATCTACATGCATATCATTTCTTATGGTTTCCAATTAATCATTCCCTCACTATTTTTGGGAAAGACACAGGATAGTGGGCTCTGTTAGAGTAGATAGCTAGCTAGACATGAACAGGAGGGGGAGCTCCTGGAAAAGGGAAAGTCTGTGAAGGCTCACCTGGAGGGACCACCAAAAATGCACATATTAGTAGCATCTCTAGTGCTGGAGTGGATGGGCACTTGTCAATTGTGGTTAGGAGGGAGAAGAGGTACCTACGCAGAAACACCCTAGAACTTCTCTTAAGGTGCCCCAATCGGATGGGCGCGGTGGCTCACGCCTGTAATCCCAGCACTTTGGGAGGCCGAGGCGGGTGGATCATGAGGTCAGGAGATCGAGACCATCCTGGCTAACAAGGTGAAACCCCGTCTCTACTAAAAATACAAAAAATTAGCCGGGCACGGTGGCGGGCGCCTGTAGTCCCAGCTCTTCGGGAGGCTGAGGCAGGA
GAATGGCGTGAACCCGGGAAGTGGAGCTTGCATTGAGCCGAGATTGCGCCACTGCAGTCCGCAGTCCGGCCTGGGCGACAGAGCGAGACTCCGTCTCAAAAAAAAAAAAAAAAAAAAGATGCCCCAATCATCATTCACTCTGCAATAAAAATGTCAGAATATTGCTAGCTACATGCTGATAAGAAGGACAAAGGGGACATTTTTAAGAGAAACCTGGCACCATAAGTACAGATTAGGGCAGAGAAAGACATTCAAAAGAGGCAGCTGCAGTAGATACAAACGTGACCGCTGTCAGCCTGCCTGGTATGGCGGGAAGGAGGCTGGTGCCAGAGTGGATTCGGATT','2000-11-30 13:05:37');


#
# Dumping data for table 'exon'
#

INSERT INTO exon (exon_id, contig_id, seq_start, seq_end, strand, phase, end_phase, sticky_rank) VALUES (1,1,23823,23873,1,0,0,1);
INSERT INTO exon (exon_id, contig_id, seq_start, seq_end, strand, phase, end_phase, sticky_rank) VALUES (2,1,23967,24053,1,0,0,1);

#
# Dumping data for table 'exon_transcript'
#

INSERT INTO exon_transcript (exon_id, transcript_id, rank) VALUES (1,2,1);
INSERT INTO exon_transcript (exon_id, transcript_id, rank) VALUES (1,2,2);

#
# Dumping data for table 'feature'
#


#
# Dumping data for table 'fset'
#



#
# Dumping data for table 'fset_feature'
#



#
# Dumping data for table 'gene'
#

INSERT INTO gene (gene_id,analysisId) VALUES (1,1);

#
# Dumping data for table 'gene_description'
#


#
# Dumping data for table 'genedblink'
#


#
# Dumping data for table 'genetype'
#


#
# Dumping data for table 'genomic_align_block'
#

#
# Dumping data for table 'ghost'
#

#
# Dumping data for table 'interpro'
#

INSERT INTO interpro (interpro_ac,id) VALUES ('IPR000001','PF00098');
INSERT INTO interpro (interpro_ac,id) VALUES ('IPR000002','PR00012');

#
# Dumping data for table 'interpro_description'
#

INSERT INTO interpro_description (interpro_ac,description,short_description) VALUES ('IPR000001','Zn-finger CCHC type','Zn-finger');
INSERT INTO interpro_description (interpro_ac,description,short_description) VALUES ('IPR000002','petit_domain','petit');

#
# Dumping data for table 'karyotype'
#


#
# Dumping data for table 'meta'
#
INSERT INTO meta (meta_id,meta_key,meta_value) VALUES (NULL,'species.classification','sapiens');
INSERT INTO meta (meta_id,meta_key,meta_value) VALUES (NULL,'species.classification','Homo');
INSERT INTO meta (meta_id,meta_key,meta_value) VALUES (NULL,'species.classification','Homonidae');
INSERT INTO meta (meta_id,meta_key,meta_value) VALUES (NULL,'species.classification','Catarrhini');
INSERT INTO meta (meta_id,meta_key,meta_value) VALUES (NULL,'species.classification','Primates');
INSERT INTO meta (meta_id,meta_key,meta_value) VALUES (NULL,'species.classification','Eutheria');
INSERT INTO meta (meta_id,meta_key,meta_value) VALUES (NULL,'species.classification','Mammalia');
INSERT INTO meta (meta_id,meta_key,meta_value) VALUES (NULL,'species.classification','Vertebrata');
INSERT INTO meta (meta_id,meta_key,meta_value) VALUES (NULL,'species.classification','Chordata');
INSERT INTO meta (meta_id,meta_key,meta_value) VALUES (NULL,'species.classification','Metazoa');
INSERT INTO meta (meta_id,meta_key,meta_value) VALUES (NULL,'species.classification','Eukaryota');
INSERT INTO meta (meta_id,meta_key,meta_value) VALUES (NULL,'species.common_name','Human');

#
# Dumping data for table 'protein_feature'
#

INSERT INTO protein_feature (id,translation,seq_start,seq_end,analysis,hstart,hend,hid,score,evalue,perc_id) VALUES (1,'ENSP00000216167',2,6,6,6,12,'PF00098',23,435,23);
INSERT INTO protein_feature (id,translation,seq_start,seq_end,analysis,hstart,hend,hid,score,evalue,perc_id) VALUES (2,'ENSP00000216167',7,14,7,14,21,'PR00012',21,4,56);
INSERT INTO protein_feature (id,translation,seq_start,seq_end,analysis,hstart,hend,hid,score,evalue,perc_id) VALUES (3,'ENSP00000216167',7,14,8,14,21,'transmembrane',21,4,56);

#
# Dumping data for table 'repeat_feature'
#

#
# Dumping data for table 'species'
#


#
# Dumping data for table 'static_golden_path'
#

INSERT INTO static_golden_path (fpcctg_name, chr_name, raw_id, chr_start, chr_end, fpcctg_start, fpcctg_end, raw_start, raw_end, raw_ori, type) VALUES ('ctg22fin11','chr22',1,47623160,47662662,342063,381565,1711,41213,1,'UCSC');


#
# Dumping data for table 'supporting_feature'
#




#
# Dumping data for table 'symmetric_contig_feature'
#


#
# Dumping data for table 'symmetric_contig_pair_hit'
#


#
# Dumping data for table 'transcript'
#

INSERT INTO transcript (transcript_id, gene_id, translation_id) VALUES (2,1,1);



#
# Dumping data for table 'translation'
#

INSERT INTO translation (translation_id, seq_start, start_exon_id, seq_end, end_exon_id) VALUES (1,1,1,87,2);

#
# Dumping data for table 'objectXref'
#

INSERT INTO objectXref (objectxrefId, ensembl_id, ensembl_object_type, xrefId ) VALUES (1, 1,'Translation', 1);
INSERT INTO objectXref (objectxrefId, ensembl_id, ensembl_object_type, xrefId ) VALUES (2, 1,'Translation', 2);
INSERT INTO objectXref (objectxrefId, ensembl_id, ensembl_object_type, xrefId ) VALUES (3, 1,'Gene', 3);

#
#Dumping data for identityXref
#

INSERT INTO identityXref (objectxrefId, query_identity, target_identity) VALUES (1,98,99);

#
# Dumping data for table 'Xref'
#

INSERT INTO Xref (xrefID, externalDBId, dbprimary_id, version, description) VALUES (1, 1, 'AL365511', 01, 'blablaou');
INSERT INTO Xref (xrefID, externalDBId, dbprimary_id, version, description) VALUES (2, 2, 'Q9NPS7', 02, 'tremblannot');
INSERT INTO Xref (xrefID, externalDBId, dbprimary_id, version, description) VALUES (3, 2, 'Q9Ngene', 02, 'tremblageene');

#
# Dumping data for table 'externalSynonym'
#

INSERT INTO externalSynonym (xrefId, synonym) VALUES (1, 'EMBL_SYNONYME1');
INSERT INTO externalSynonym (xrefId, synonym) VALUES (2, 'SPTREMBL_SYNONYME2');

#
# Dumping data for table 'externalDB'
#

INSERT INTO externalDB (externalDBId, db_name, release) VALUES (1, 'EMBL', 23);
INSERT INTO externalDB (externalDBId, db_name, release) VALUES (2, 'SPTREMBL', 2);
