# MySQL dump 7.1
#
# Host: localhost    Database: newschema
#--------------------------------------------------------
# Server version	3.22.32

#
# Dumping data for table 'analysis'
#

INSERT INTO analysis VALUES (1,'vert','1','tblastn','1','tblastn','similarity');
INSERT INTO analysis VALUES (2,'dbsts','1','blastn','1','blastn','similarity');
INSERT INTO analysis VALUES (3,NULL,NULL,'RepeatMasker','1','RepeatMasker','repeat');
INSERT INTO analysis VALUES (4,NULL,NULL,'Genscan','1','genscan','exon');

#
# Dumping data for table 'chromosome'
#


#
# Dumping data for table 'clone'
#

INSERT INTO clone VALUES (1,'AB015355','AB015355',2,1,4,'1999-07-24 13:27:48','2000-06-24 19:44:00','2000-07-14 00:23:11');

#
# Dumping data for table 'contig'
#

INSERT INTO contig VALUES (1,'AB015355.00001',1,43999,1,1,1,25,NULL);

#
# Dumping data for table 'contig_orientation'
#


#
# Dumping data for table 'contigoverlap'
#


#
# Dumping data for table 'db_update'
#


#
# Dumping data for table 'dna'
#

INSERT INTO dna VALUES (1,'GAATTCCTAAACTCAAATAGGCTTTTTCCTGCCAAGACTTTAGTTCGTGGGTGATTTTACAGGTGCTTCTATTTTCCCTTCAAGTGGAACAAATTGGCCCCCAGTCCAATCTGCAGAGACAGCTTTGCCTTGGGGAAGTTACCTGATGTAGAACAAGGACAGGAGACAGGTCAAGTTGTAGTTATTTGACTTTCGTGATTAAGAGAGCCCTGAAGCAAAGAGACCTTTCATCTGGATCCCTGGGCAGGAGATCCATAATTCTTTCTCCTGACTCAATGGTTGTTCTAGGTAGGAACCAGAACCACTTGCTGGAAGCCTGCATTGACTTATTTGAATCGATTACTGCTTTTCTTTCTTTTCCATTCTAAGCTATTATGTTTTTATGGTACTAAGCAGATTTTCTTGAAAACTTCTAGAAAACTGCCTGCTACCTGCAAGAAACTGTTTTCTTCTCTCCTGTATTTTACGCCACCCCAATGCTTCTCCTATGCAGCTTTGTCGTCTAAGTTATTTCCCTGAGGCAAAATTTCCCCATTCTTTCAGCTCCCCTCCTCCCAGATTGAGAAATTCTAGGCTTGCCCTGGACTTCTGTCTTGTAGTCTCTGGGTTTTTTTCCTTTCTTTTTCTTTTCCATCAGGCACCAAGTCCGGAGTTTGCGTGGCTCTGATGTCTGCTCGTGGATCACTGATTGACCAGGCTGAAGCCAGAGGGTCCTTTAGATCCGGAGGATAATAGAGCAGGCAGCATTTCCACCCACGTTCTGAGACTCCTCATAATTGCCTCAGTGCTGCACGTACCTATATGGAAAATACAAGTGCACTGTCAGGCTTGGGGTTAATGGTTTCACCTCACGTCTCAGAGGAGCAGAGTCCTAGTGCACCTGTGGAGCCTGAACCAGCTGCACTCCAAGAGGAGCAGAGAAGGGAAGCAATTTCTTACTCCACCCCTTTCAACCACTGGCACTCACAGGCTTGCCACCTACTCTTGCTCCTGCCAAATGGTACAGAGATGAAATCTTAGAATAAAATTTTTGAACTCAATAAATTGTTAATTAATATCTAGGAGTGGCAGATATATAATGCTTCTCTTTTCACGACAGGTCAAAGATGAAATCTGATTAGGCTTTGGAGGGCGTGGTTTGCCTCTTGAAATTCCTTGCTCGTCTTTAGAAAGCTGTGTTGCTTAGAGCACCCAAAAGTGCCCTTTATCTAACTGAGGGAGGCGCACTTGTCTTCATATATAGAGGCAGGAGCTGGCATTGGGAAAGTCAAACTAGTTCTGCACCATGAGGAAGAAGCAGCTGAAGACGGAGGCAGCTCCACACTGTGAACTAAGTAAGTAGCCCAGGGAAGCTGCCCAGCTGAGCAGACCTGAAAGGGTGACAAGTACAGCTCTAGCAATTTTATTTTCTAGTTATAATAGAAGTTGCCAAAGGAAAGGTTCCGATCTGGAGGAACTTCATCAAACCTTTCTGAAACTCCACAGATGTACTGTAGCGAGAATCTCAGAACTAATTTGTGCATTTTCTTTTTTCTCCAGGAGAAATTCTGTATGAAAACCAACCTGCTCCAGGAAGCCAAGCCCCCCCCCCCCTTTTTTTTGGTCCCCGAGTTTGTTTTTACTTCGCACTTTATTTGGATTTTTCTCTTTGCAGTTCACGCTCCTTTCCTCATTTCTTGGTCTCTCTTACTAATGAAATTTTCTCCTAGCTGTTTTTACGTGAATAAAGAAGCTCAATTACCTTTAATGCTGTAAGCAGTGCGAGGGGTCGGGGAGTGAGGGTGGCGGGAGGATCTAATGTTTTTGGTGGCTGTAAACGACATTGCAGAAAATTACGGTAATTTGTTAGGCCATTTATTCCCTCTTCACCAGTTTGGCAGTCTCATCTTCAGAGCAAAAGATACGGTGTGAGGCTGAAACTGGCGATAGAGTGGGATTGCTTTTGGGTAGGTAGGATGAAGTCTGGGGAGAATCGAGTCAGCTGGGCGAGGAGGAAAACAATTCACTACGGAGGCTTGGGAGGACACCTAAGGCGGTCAAACTGGCTGCACTAGCTGATGTTTCTCGGTTCCTCCCAGGTGTGGGGTGCTCTTGGTGGGGCAGCAGATACTATGATGTGGCTCTGGGGGCGCGAGGAAATGTTCCTTCCAGGTGGCTATCCTTTTTTTTTGAGACAGGGTTTTGCTCTGCCACCCAGGCTGGAGTGCAGTGGCACGATCTTGTCTCACCGCAGCCTCCACCTCCCAGGCCCAAGTGATTCTCCCACCTCAGCCCCCGAGTAGCTGGGACCACAGGCGGGCGCCGTGATGCCTGGCTAATTTTTTTTTTTTTTAGACGGAGTTTTCGCTCTTGTTTCCAAGGCTGGAGTGCAATGGCGCGATCTCGGCTCACCGCACCTCCGCCTCCCGGGTTCAAGCGATTCTCTTGCCTCAGCCTCCCGAGTAGCTGGGATTACAGGCATGCGCCACCACGCCCGGCTAATTTTGTATTTTTAGTAAAGACGGGGTTTCTCCATGTTGGTCAGGCTGGTCTCAAACTCCCGATCTCAGGTGATTCGCCCGCCTGGGCCCTCCAAAGTGCTGGGAGTACAGGCGTGAGCCACCGCGCCCGGCCTTTGCTTGGCTAATTTTAAAATTTTTTGTAGAGACCGGGTCTCACTATGTTGCCCAGGCTGGTATCGAACTCCTGGACTCAAGTGATCCTCCCGCCTCGGTCTCCCAAAGTGCTGGGCATTACAAGTGTGAGCCTCCGCGCCTGGCCTGGCTACCCTTTACAGGATAGAGCTATACCTCGTAGCTTGATTGTCAGTACCTAACGTGGCGCCACGGCGAACTAGGGCAGGAATCTTATCTGTCCCCAGACTGCTAGCGGACTGGAGCTCCCCAGTCCAGGGGCTGTGTGGGTCTGGCCAACGCAAGCAGCAACTAGGCAGCATGCAGCTCCCGCCGGGTGCCCCAGGGGCCGCCGCGTGCCCCAGGGGCCGCCGCATCCAGACTCCGCGTGGGCGGAGCCTAGGTCCCTGGTCTGCGGGCCACGCATCCCGGCCGCTGCAGGGACTCCAGCCAATAGGGATGTGCGGCTGCCGTCCTGTCGACCAATCGCGGGGAGGGGAGGGCGTTACAGCTTGGCGCTGGCTCCCGGAATATGGAGCCCTGGGCGCGGGGGCGGCGTGTCAGGTGGTTGCGGAGCTGGTAAGGTGAGGGGAAGGCAAGGTCAGGGGTCACGGCATTCCGCTCGCTGGCAGGGAGGGGCGCGGGGCGGCTCGAGGGCCTGTGTCGGGGGTCAGGCTCCGGGGCTAGGATGCGACACCGGCTCGCCGTGCGGGGCTGTGAGGGGAGGTGTGGCCAGGGAGGGCCTCAGGCCCAGAGTCCAGGACTGATGGAGTCGCGCCATTCAGAGAAAGACCCAAAGATGGGGGCAGGGAGGGAACGCCGGAGGTCGCGGGGGTCTCGCCCCTTCCCCGCCGCGGCCTAGGACACATGGCCCAGCTCCCAGCTGCACCGGATGGCGCGCCCGGCCTGTGTCGGGGTGCGCTGACCTGCTTCGACGCCTCGAAAGAGGCCGACGGGCACAGGGCAAGGTCTTTCGTGGCCTCTTCGTCGGCGCCGCAGGGGGCCGGGCTGCTCTCCGGGGCCTCCCGCCGCCCCGCTTCAACAAAAGACTCATTGTAACCTAACCGACTTCAGGGAGCGCCTTCTGTGTGAATAGCCTGCATACGCGGCTCAGTAATTGTGGGTAGATTGGTTTTAAGGCTGTTTGTGTAGCTCTCAGGGACCCTCTGGATTCCAGGCTCCAATGAGCAGGGTTTTTCTACAGGGGGATATTGCACATATGTAAGTGGGCTGGATGGCTCTCCCAGCTGTGCGTTTCATGTGTCCCCACTTTTAAAGCTACCGCTTAAATGTGACATCTCTTGCAAAAGCAAAAATTATATvGAAGGAGAGTTTGCAAGGGGAGATAGGCTTCTAAAAACTTGCTGGCCTCAATTTTAGTGACTGTTGGTGAAAAATGGAGAAGCTATGTTTACATTGACTTCTGGAACCCGAAGCCCCACCAGTTCGCATGATTTCTTGGCTTTGTAAATCTTTGAGCATGTTGTTTGCCTCTTTCTTCTTTTGTTCCACGTACTTAAAATGGGGATTGATAATATCAGTCTTACAGGGTTGTTGGTATGAAATTAGTTAATAAACAACAAAGTACTTAGAACTCTTGATGTGGAGGAGTTTTTGTTGTTGTTACCTTCTTTCCCCTTAACACTTCTAAAGAATTCTAACCTTATTACTTATTCTTTGCTCAGAGTCTCATGACTTATCACCAGTGAACCCGCCGGCCTATACTTTCCATTGACATCATTAACTTTGATCTGAGGGTATAGTGTAGTTATATGTGACTAGAGGATTTCTGCTGCGTGTTTGTTTTATTAAATACGGTTGGAAACTATCATTATACTAGGTCATTTATTGTGATACCTGTGTTGGGTAAATGAAACCTGAAACCTTCGGCTGTTTATTTTTTCATTGGACAGTATTTCATTGACAGTCTTGCTTGGCCTACTCAGTTTATTTTGGAGCCAGTACTAAAAAGGCCATGATTGCAGCATACTTGGTTTCTCATGTTTCCGGAATGGCAGTGGGACTCGGGAGGGGAATTTCTGGGTAGCCTGGCAGCACTTCTTGTTAAGGAATGGGGAAGCTTCTTATGAATCTAATCTTACTCTAATGTTAGGAAATCAGCAGTGGTCCCTTGGATTACTCTACAAAGCTAGTAGGCAGCTTTGGTTCAGTTATGACTCAGTGAAGGTTAGAGAATTATATCTACAAAGTAGGATCTTTTTCTTTCTTTCTTTCGTTTTTTGATACGGAGTTTCGCTCTTGTTGCCCAGGCTGGAATGTAATAGCGCGATCTCGGCTCACTGCAACCTCTGCCTCCCGGGTTCAAGCGATTCTCCTGCCTCAGCCTCTTGATGCCTGGCGAATTTTTTTTGTATTTTTAGTAGTGACGGGGTTTCACCATGTTGGCCAGGCTGGTCTGGAACTCCTGACCTCAAGTGATCCACCTGTATCGGCCTTCCGAAGTGCTGGGGTGGTGTGAGCCACCGCGCCCTGCCAGATCTTTCTTGTTTGACTTTCATTGCTAAGAATTTGGGTGAGTGTTGTTGAATCAAAGACATCTTTATTCTCTGCCTCCTCACCATGCACATACGTACAAATGTCTGCTGACAGATATCTGCCCTTCCTATGGCCTTAAAAAGCCTTCTCATATTCTCGTGGTGCTATCTGGGATACACCAGTGGAAGACTGCTTTGTCTTCTAATTCTTCCCTTCAAAGAAGCGGCTATTTATACACATAGCATTATTAGGAACTAGTCAGAAAATGAGAAACTTTAAGTTTATGAAAAAAAACATTGCTTACTTCAGCTGCATGCTGGCCAAATTTAGTTGAAGTGCAGTTGGTATAAGTTTAGTTGTTTAGTTTTGGAATAAGAGAGTTCAAGACTTCCCCTCCCACCCCCCACAAGACAAGGTCTGGCTCTGTAACCCAGGTTGGAGTGCAGTGGCATGATCACAGCTCACTGCAGGGTTGACCTCCCAGGCTCAAGTGATTCTCCTGCCACAGCCTCCCTAGTAGCTGGGAGTACAAGTGCATGCCACCACCCCTAATTTTTAAAAATTTTTTTGTGGAGATGGAGTCTTACTAGGTTGCCCAGGTTGTCTTGAGCCCCTGGGTGCCAGCCACCGTGCCCAACCAGTTTAATACTTCTTTAGGATTTAAAGTTGGAAGTTGGCCTGGTAAGAGTGAAGGACAATGTCTTTGTAATCTGTTTTTCCCTGAGAGGCATGGGAATGACACCTTTAAAGAACTGAGTGTGTTTGAGGCAGAAAGGGAAGTCCTGCTGCCCTAATATTGTCATTATTATCATCTCTCTGAGGCTCTGTAGTTTGAGTAAAACATTCTGGGAAAAAAGGTAGGGGCATTTGAATGAGCGGAATATAATGAATTAGAAGATGCAGACCATGTCTCACTTACTGGCTGCCATTTATTCTTTATTTTTATATTTTTGAGACAGGGTCTCGCTCTCTTGCCCAGGCTGGAGTGCAGTGGTTCAGTCTTGGTTCACTGCAACCTCCACATTCCAGGCTTAAGCGATCCTCCCACTAGAGCCTCCTGAGTTGCTGGGACTACAGGCTTGCGCCACCATGCTCAGCTAATTTTTAATTTTTTTGTAGAGTTGAGTCTCACTATATTGCCCAGGCTGGTCTTGAACTCCTAGGTTCAAGCAATCTTCCTGCCTTGGCCTCCCAAAGTGCTGGGATTACAGGCATGAGCCACTGCGCCCAGCCTTGCCATTTATTCTTTTTATAATTTAACAAATATTTATGGAGCAATTTACATTAATTGGCCCCTTGAGACACAAAGAAGAGCCTTCAAGGCATCATCAGGAATATTCTAGATACAATAAAATGACATGTATATAATAAGGTATATTTTAATGAAATCATAATGGAATATAAAACAATTGGCCAGCAATGATCAAAATGGCCTAACTTCTCTTCCACTTTTAATTTCAGGTTAAAGTAATTTATATTTTTTGGCATAAGGAACAAATTAGGGTTTTTAGTCTTGTTTTGGTGCTTATTGCCGATAAGTCATTTTGTGTCAGGTTTGTGTTTGTTTTGGTCTCATCTCTACTAAGCTGATAGCTGTTAAAACTCCTAGGAAATGAAAGAAGAAAGCTACAAGTTAATTATTAAAACTTTACCAGGTTTCGAAGAGCAGAAAGAGGCTTGTTAAAGGCTGGAGAATCTTGTAGTATATATTGTCTTAATTTTTCTTTGCTTTTAGGAAAAGAAACTTGGAGGACAATATTTACTTAAAGTTGTTAAGGTCAATCTACATCATTTGGGAGCCAATATCCATCATTAGGAAAAATGGGTTGAATGTAATCTAATGAAAATTCTTCATATTTGCCAGAGAAAAGCTACTTAAGTGTGAGGACAAAACATATTTTCTGAGGCAAGAAGTAGGTATAGGCTGGTTTAATAGGGGATTTTTTTTTTTTTTTTTGGAAAAAAGTAATTTTTTTTTTTTTTTAATGGAGACTGGGTTTCTTGCTATGTTGCCCAGGCTGTCTCAAGCTTTTGGGCTCACGCAATCCTCCCGCCTCAGCCTCCCAAAGTGCTAAGGGATTACAGATGTGAGCCACCATGGCCAGTCTAATAGGGAATTTTCTTATTCCAATAGAAAGGGGTCTTTGAAATTGTTCACAGAGCTTGGCATTGTGTTCCATGATAGAGGTGTCAGATCAGGAGGCCAGGTTTGTCCCCCAAAAGGAAACACACTGCTGTAAACTTCTGGTTAGGAGGAAGTTTAGAGGAAGCTCACACAGAGTTGGGAAGAACAAAGACGAAGCTATAGTCACTGGAAGTAAGACTTTAGTGACCCTGACTTGTGAGCATTCAGGGAGATTTGGAAGCTGGTTAAGCCTCAAGAGTGCTGATGGGAGAAGGTGAAGAGTTGTATTTAATGGGTACCAGCCCCTTCTAATTCTGATGTCTCTGGTTGATGTGTGATATTTTTGTTTAAAAGATAAGTACTCCTTGACAGCCTGGCCACATTTCTCCCAACTGTTATCGTTTTTGACACCCAGGCAGCTGGTTTCATTATCAGCTGTACTCTTCCTCCTTACATCTTCCTCCCCCCTCCTCTTCTTGCTTCCTAACATTTTCTCCACTTTCTCTTTTTCTTTTTTCTTTATCTTAAGATGGTCTCAATGTCAGGTTTTTCATTCAACTACAAAACACTTAAAAGTCCAGCTCAGGTGAGAAACAGCAAACTTGGTGTTGAGTTGAAGTTGTGGTTGTCTTTTTTTTTTTTTTGAGACAGGGTCTCACTATGTCACCCAGGCTGGAGAGCAGTGGTGTGATCTCAGCTCACCGCAACCTCTGCCTCCCAGGCTCAAGCGATTCTCCTGCCTCAGCCTCCCAAGTAGCTGGGATTACAGGCACGTGCCACTACTGCCTGGCTAATTATTGTATTTTTAGTAGAGATGGGGTTTTGCCATGTTGGCAAGGCTGGTCTTGAACTCCTGACCTCAAATGATCCACCTGCCTCTGCCTCCCAAAGTGCTGGCATTATGGGTGTGAGCCACCGCGCCTGGCCCGAAATTGTGGTTTTGTAAGTTAAATAGGATGTCTCCAATTTTGAGATTATTACTAGGGCATGCAAAGTATGGTTTGGTATCTGTAGGGGATTGGTTCCAGGACCTCACTCACATGCATACCAAAATCCTGGGATGATGCTTAAGTCCCTATAAAATGGTGTAGTATTTGCATTTAACTTATGTACATCGTCCCATGTACTTAAAATCACCTCTAGATTAGTTATATCAATTATAATCCCCCTCTTTTTCTTCTAGACAGGGTCTCGCTTTGTCATCCAGCCTGGAGCGTAGTGGTGCAATCATGGTTCGCTGCAGCTTTGACTTCCTGGGCTCAAGGGATCCTCCCACCTTAGCCTCCTGAGTAGTTGGGACTACAGGAGTGTGGCCATCACACATGGCTAATTCTTAAATTTTTTGTAGAGACAATGTCTCACTATGTCGCCCAGGCTGGTCTCAAATTTCTGGGCTGCCTCAGCCTCCCAAAGTGCTGGGATTACAGGTGTGAGCAACTGCACTGGGTCTATAATACTTAATACAATGTAATTGCTATGTAAATAATTGTTCTGTATTGTTTAGGGAATAATACCAAGAAAAAAATGGTGTATATGTTCAGTACAGGCACAAGCAACCGTTTTTTCCCCCAAATCTTTTTGATCTGCAGTTGTTTGAAACCACAAATGTGGAACCCAGGGTTACAGAGGCCTGACTGTATCTCAGTGGCCATTATGCCAGAGAGAGAGAGAGAGACTGGTTCATGTTAAGCGCATTGTATAATAGCAGCTCTGTTTGTACTTTATAAACTGAGTGTGTTTGTGTGGCTTTTGGTTGAAGACATTCTAATATTACCCACTTGAGTAGAGGGGATTAGAGTTTTGAGGCCTTTTTCTAAAATGAATACTTACCACAGGGGCTTTTCACTGTTTACCATGAAGTACACATAATCAGTCTTCAACCTGACTTTTTTTTTCTGTGTATCATTTTATATCAAATTCATTTTAATAAGAGGAAAACAGGATAAACTTACTCCAGTGTAAAAAATAATACCTCACTTGAGCCCAGGAGTTTGAGACCAGCCTGAGTAACATAGCAAGACCCCACCTTTACAAAAAAAAAAAAAGCCAGCTGTGGTGGTACGTGCCTGTAGTCTCAGCTACTTGGGAACTTGGGAGGCTGAGGTGGGAGGATCACTTGAGCCTGGGATTGTGCAACTGCACTGTAGCCTGGGAGGCTAGAAATATGTAAATAATTGTTCTGTAAGACCCTGTCTCAAAAAATAAAATAAAAAACAATACCAGACTTTATACCTTCAAGAACAATTTGGAAATTCACATGTCTATTCTAAGCTGTTTCTTTCCCCACACCTCGAATGGGAGCAGATTGAGTTTTAGAACTAATTGGGCTGGGCATGGTAGCTCATACCTGTAATCCCAGCACTTTGGAAGGCTGAGGTGGATGGATCCTTTGACCCCAGGAGTTCAAGACCAGCCTGGGCAACATGGTGAAACCATGTCTCTACAACAAATACAAAAATTGGCAGGGCATGGCACACGCCTCTAGTCCCAGCTACTTGGGAGGCTGAGGCGGGAGGATCACTTGAGCCCAGGAGGTTGAAGCTACAGTGAGCTGAGACCACGCCACTGCACTCCAGCCTGGGTGACAGAGCAAGACACTATCTCAAAAAAAAAAAAAAAAAAAAAGTTGGATGGATATTTTTGATAGACTCAGAAAATGCTGCTTCTTCATGACCTAGAATGGAAAAATAGAGGGAGAGTAATAATCTCTTATTTTAAAAAAGTGATTAATAACCTTCCTCATTAAAATACATAGGGTTCAGAAAATAATTAGCTCTGTTTGAGCTGCTAGAATATTTCAGAAAGTTTTGTTGACTGTCAGTCATCCAAATGGCAGGAGCCCACCTTCATGAAGAGCACCTGGTACAACAAGGTGTTGTGTTAATAATACAGTAATGGTTTAGTAGAACTGTCAAGTACTTTGGCCTTGAAGTAGACCATTAGGGAAAAGAGAATTTTAGAAGAATCTAGAAACCTTTTCATTTTCTTTAGGACAAATATAATTTTTTTAAAAAATGAGAATTCTTTGTTATTCTCTAATAAACACTTTGGGTGTCGCTAAGCCTTGATCTGTGCACCTAGCAGTTTCTCTTTTGTCACTAGCATGTCTCTGGCACTGAACAGTGCCTGAGGAAGAATGAACTGAACAGTGTCAAGAGGAAGAGGTGGCTTTGCCATGTAGCTTGAACGCATTCTTGCTAGCATTTATTTCATCAGTTACTTCCATGAAGACACCTTTCTGGCTGCTTCTATGAAAGTTTTTTCCTATTTAATGTTGTCTTTGATTTTATTGAGATGAGGAAGGTGATGAAAAAAAAGGAGGAAAGAATTAAGGGACTGTATTTAAAAACATTCCTCTCTAAACCTACAATTAATTTTAGGGAGACCTTTTCAGCTGTAAGACTAGTGAAATGGTTTTGAGTACCTTTATTCTCTATAGGGGAATTTTATATGAAAACGAATTATTTCAAACCCAAACTATTTATTTATTTATTTATTTGTTTATGACAGACAGGGTCTTGCTCTGTAGCCCAGGCTGGGGTGCCCTGATCATGGCTCACTGCAGCCACAACCTCCCAGGCTCAAGCAGTCTGCCCACCTCAGTCTCCCAAGTAGCACGCACTACCACACCCAGCTAATTTTTGTATATTTTTTGTAGGGATGGGGTTTTGCCCTGTTGCCCAGGCTGGCATTGAACTCTGCTCGCCTCGGCCTTCCAAAATGCTAGGATTACAGGCTTGAGCCACCGCACTCGGCCCAAACTTTTGTTTTAACCGTAGATTAAAAAAAAAAAAGTTGAAGTTGTATATATTAATACTCAGTATTTCAAACTTTCTTAGGGGCAGTTTTCTGTTTTGTGTTTTTTGTTTTTTTTTTGAGATGGGGTCTTGCTTGGTTGCCCAGGCTGGAGTGCAGTGGCATGATCTCGGCTCACTGCAACCTCCACTTCCCAGGTTCAAGCGTTTCTCCTGCCTCAGCCTCCCAATAGCTGGGATTACAGGCACCCACAACCACGCCTGGCTAATTTTTGTATTTTTAGTAGAGACGGGGTTTTGTCATGTTGGCCAGGCTGGTCTCGACCTCCTGACCTCAAGTGATCCACCCACCTTGGCTTCCCAAAGTGCTGGGATTACAGGTGTGAACCACCCCACCCAGCCAGGGGCAGTTTTTAAAACAGGTTTGGGCTATCCAAATTGTTCTTCCAGAGTTCTTATAAATGCTAAGAGAATATACAGAATTACTGTTAATTAGATGTTAGAATTTATTATAGCTAGTATGTGTTTTGGGGGGTAACTTAATTTTCATATAATTTCAAACTTGCAGAAAAGTTGTAAGAGTAGTACCAGGGAATGGACAATTTTCAAGAAAATGACAGTGGTAAGCAGTGGGTGCCTTGAGGGAACACGGAGAAGCCACTTAAGCCAAATTAGGGAGTCAGGAATGCTTTCCTGAGAGGGGATTTTTAATATTTTACATTTAGGTGGCACTAAGACAAACTAGTAGTAAGTTAGGCTGAAGGCAATAAATACCTGCCAATTAGACAGCTGTAGACTTCTGATTATCTATTGCAGAAGCTTTATCAGAGAGTTCAACTGAACATCCCTAAAATGTTTGTTGAGAAGCTGAGTGAATCTATATGACCTTGACATTTTTTATAAGGCAAATAATACATGTATCTGGTAAAACTTCTTTTTATGTGAAAAAGGTATACAGTGTATATTCAGTGAGAGGTTTTCCCTTCACATGACCTCATTTGGGCTCTCCTACTCCTTCCTTCTCTCAGGGATGGCCTTTATTACCAGTTTTTGGTGTGTCCTTTGGAGATTGTACGTGTACGTGTGTGTTTTCTCTTTTTTCTTTTTGCTACATACATGATAGCATGCTGCTCAACAAATTGGTCTTTTGACTTGACAACATGTAATATTTTAGAGATTGTATCCTATCTATACATGATAGATCGTCTTATTTATAGTGGTTGCATGGTATTCTGTCCAATGAATGTGCACAGTTTATTCAACCAGTCCTCTACTAATATCAAGGTTGTTTACAGTCTTTTCATACTACAAACAATGCTGTGGGAAATATCCTTGTACATATTTCCTTGATGAGTACTTTTTGCTTTTTTTTTTTAAAGAATACATTTTTAGGAGTAAAATTGCTAGATCAAAGAATATGTAGACTTTTGAAATTTTAGACAGAAAATAAAATTTTGTTAGCATTTTTATCTTGTAAAACAGTCTTACAACACTTTTTTTTTGAGACAGGGTCTTGCTTTGTCACCCAGGCTGGAATGCAGTGGCCTGATCAGCACTCACTGCAGCCTTGACCTCCCAGACTCAGGTGATCCTCCCACCTTAGCCTCCCGGGACTACAGACGCCCACCACCACACCCAACTAATTTTTTTTTTTTTTTTTTTTTTTGAGACAGAGTTTTGCTCTTGTCACCCAGGCTGGAGTGCAGTGGCGCGATCTCGGCTTATTGCAACCTCCGCCTCCCAGGTTCAAGCAATTCTCCTGCCTCAGCCTCCCCAGTAGCTGGGATTACAGGTGTTCACCACCACACCCGGCTAACTTTTTTTTTTTTTTTTGAGATGGAGTCTCCCCCTGCCACCCAGGCTGGAGTGCAATGGTGCGATCTCAACCCACTGCAACCTCTGCCTCTCAGGTTCCAGTGAATCTCCTGCCTCAGCCTCCTGAGTAGCTGGGATTACAGGCATGCGCCACTACACTGGCTAATTTTTTGTATCTTTAGTAAAGATGGGGTCTCACCATGTTGGCCAGGCTGGTCTCAAGCTCTCGACCTCACGATCTGCCCGCCTCAGCCTCCCAAAGTGCTGGGATTACAGGCGTGAGCACTGCACCyAGCTTTAATTTTTGTATTATTAGTAGAGATGGGGTTTCACCATATTGGCCAGGCTGGTCTCGAACTCCTGACCTCAGGTGATCTACCTGCCTCAGCCTCCGAAAGTGCTGGGATTACAGGTGTGAGCCACCGTGTCCGGCCTCCACCTAGCTAATTTTTGTATATTTTGTAGAGATGGGGTTTCTCTATGTTGCCCAGGCTGGTCTTGAACTCCTGGGCTTAAGCAATCTGCCTGCCTTGGCCTCCCGAAGTGTTAGGATTACAGGCATGAGCCACTACAGCCAGCCAGTTTTACAACTTTTGTTAGAGAATGGGATAAAATAGGCTGGGCATGGTAGGCTCACGCCTGTAATCCCAGCACTTTGGGGAGGCTGAGGTGGGCAGATCACAAGGTCAGGAGATCGAGACCATCCTGGCCAACACGGTGAAACCCCGTCTTTACTAAAATACAAAAATTAGCCGGGCATGGCTGCATGCGCCTGTAATCCCAGCTACTAGGGAGGCTGAGGCAGGAGAATGGGATAACATAGTCATATTACATTTAACCATGAGTGCCATTTTTTTTCTGTCAATTGCTGTTCGATAGGAAGAAACTTAATGGGTTTAAGAGAAGGTGACACTTTATGGTTAGGGGTAAGCTGGAATATCAAAGCAATGTTAATCATAATTGTGATGGTTACTTATCAAAGTATTGCTGGGTTGATTCTAGTTGTTTGTGTCCTAACTCTGGATCTTTTCCTTAATGTGACGAAGTAACTGAAACAACCTGGTGCTACAGCCCTGGAGAGCAAAACTGTCTTAATATTAACTTACTGCTTCCATATGGGTCATAAATTTTCATGGAGACTTGAATGCTGTGCATAACTGGCCTGGCCCTTTCTATTCCTCCCTAGTTTTTTTTTTTTTTAACTATTTAATTATTTATTTTTTATAAGATGGAGTCTTGCTCTGTTGCCCAGGCTGGAGTGCAGTGGCGCAATCTCAGCTAACTGCAACCTCCACCTCCCAGGTTTAAGCGATTCTCCCGCCTCAGCCTCCTGAGTAGCTGGGATTACAGGCATGCACCATGATGCCTGGCTAATTTTGTATTTTTAGTAGAGGCGGGGTTTCTCCATGTTGGTCAGGCTTGTCTTGAACTCCCGACCTCAGGTGATCCGCCTGCCTCAGCCTCCCAAAGTGCTGGGATTACAGGTGTGAGCCACTGCGCCCGGCCCCTCCCTAGTTTTATTAATTTTTTTTTTTTAATGAGACGGAGTCTTGCTCTGTTGCCCAGGCTGGAGTGCAGTGGTGCAATATTGGCTCACCGCAACCTCCACCTCCCGGGTTCAAGCGATTCTCCCGCTTTAGCGTTCCGAGTAGCTGGGATTACAGGCATGCGCCACCACGCTGGCTAACTTTTGTTATTTTTAGTAGAGATGGGGTTTCACCATGTTGGCCAGGCTGGTCTCGAACTCCTGACCTCAGGTGATCTGCCTGCCTCAGCCTCCCGAAGTGATGAGATTACAGGCGTGAGCCACCACGCCTGACCTCTTTTATTTTATTTTATTTTATTTTGAGACAGAGTTTTACTCTGTCGCCCAGGCTGGAGTTCAGTGGCATGATCTCGGCTCACTGCAACCTCTACCTCCTGGGTTCAAACGATTCTCCTGCTTCTGCCACCCTAGTAGTTGGAATTACAGGCACCTACCACCACGCCTGGCTAATGTTTGTATTTTTAGTAGAGACGGGGTTTCACCCATGTTGGCCAGGCTGGTATTGAATTTCTGACCTCAGGTGATCCGCCCACTTCAGCCTCCCAAAGTGGTGGGATTAGAGACGTGAGCCACCGCCTCCGGCCCCAAGTTTTATTCTGTAGGCACTGTAATGAAACATGTAGTTTGTTGACTAAAAGCTTTGTTGAAAAGGCTGGAGACTGGAATCTAGAATTTGTTTTCTTTCTTGAAATAATTCATTCTTGAGATTTCAGATAGAAGACGAAACTTTTTGTATTTGAACGGCTCTGTATGTACTTGGTATAGGAATGAACTTAGAATATCACTAATAATTATTTAAAATTTTATCATGAAATATTTCTGTCTAAAAATATTTGCAGACTACAGTCCTGGGAAGATCACGCTATTACCTTAATTGTTTGCTTTTAAAATATAACTTAAAAGCCTATTTTGGTGCTTGCTTCGGCAGCACGTATACTAAATTGGAACAATCAAGAGAAGATTAGCATGGCCTCTCTGCACAAGGATGACACGCAAATTTGTGAAGTGTTCCATATTAAAAGAAAAATTTTTGTCCAGGGGCAGTGGCTCATGCCTGTAATCCCAGCACTTTGGGAGGCCGTGGTGGGTGGATCACCTGAGGTCAGGAGTTTCAGACCAGCCTGGCCAACATGGCAAAACCCCATCTCTACTAAAAATAGAAAAATTAGCTGGGTGTGGTGGCACGTGCCTGTAATCCCAGCTACTCGGGAGGCTGAGGTAGGAGAATCGCTTGAACCCGGGAGGCGGAGGTTGCAGTGAGCCAAGATCGCACCACTACACTCCAGCCTGAGTGACGGAGTGAGACTCCATCTCAAAAAAAAATAAAAACTTTTAAGGCCTGTTTTGCCTATTCTGGATAAAAATCTTCCTCAGATGTAGACGAGACATTTCTGTGTCTTCTTTTTCTTCTTTTTTAGACAAGGCCTCGCTGTGTCACCCAGGCTGGAGTGCAGTGGTGCGATCATGGCTCACCGCAGCCTTGACCCCAGGGCTCAAGCAGTTCTCCTAGTTCAGTCTCCCAAGTAGCTGGCACCACAGACATGCACTACCACGCCCAGGTGATTTTCCAGTGCCTTAAACAGTGCCCAGCTGATTTTCCAGTGCCTTAATGATATTAATCATCATTACAAAAGTGATTTACAGCCTGGCCAACATGATGAAACCCTGTCTGTACTGAAAAAAAAAAATACAAAAATTAGCCGGGCTCGGTGGTGGGCGCCTGTAATCCTAGCTACTTCGGAGGCTGAGGCAGGAGAATCACTTGAACCTAGGAAGCAGAGGTTGTAGCGAGCTGAGATCATGCCATTGCACTCCAGCCTAGGTGACAAGAGTGAAACTCTGTCTCAAAAAAAAAAAAAAAGCAATTTAATTCATTCAGCTCATTTTGATCAGGGCCACAATTGGAAACTTGAGTTATTATACTTGCAGTAATATTCTCAGAACTGATTGACGCATAAGGAAGGACTGTTTGCCTCATATCAAATAGCCCAAGACTAATTGATGTACTTGAGTTTTTTGATTCCTCAGTGTGCCAAGTTCCTCTTTTCCTGGAAGAGCTATGCATAGTTCCAGATCTGATTTGTGGTTTCCAATTTATTGTGGGTTAAGACAATCTGATAACATTAGTTTGTTACAATTATATGTAAAACAAAAGTAAAAAGGCTTTGCCGGGAACGTCGGGGCTGTGCTGTGATTGGAATCCAAGTGAGTCCTGCTACTCTGAGTGGTCAAATATTTAAATCCCATTTAGGTGAGGTGCTATTGTCATTGACTGAAAGAGGGGTTGAATTTAGTCAGTATTATTGGGGGCTGTTGGCTGATGTTTAGTCATCTGGTGGCTTAAAACCTGACAGGAGACACATGGCTAGTTGTCCGTTGTAATATAATACTTGGCATTGGTGACTCTAGAGAGGAAGGATTATGTTTTCCAAATTAGCAGGTGGTGGTATATATGCCCCAGAAGACAGATGAAACCTAAAAAGAAAAGAAAAGCTCCTTTCTGGTCTGAATTCTGTAATTCTATAAGTACAGAATATGTTGGTAGATAGAAAGATTACCCAAAACCTGAAACAGCAAGTTGAAGATTGTTCATGTAGGAACAACATATAAGGGACAAGGGTGGAAAAAAGACTAGATTTAAGCAGTAAAAGATCATTAAGCGAGGCTTCATCACTTCTTCAGTAGGACAGTTATTATTGGGATTCAAAGAGGGGCTTATCAATGAATACTATGTTGTCCTTCCCCTTCTAAATTTGAAATCAACTGAGAAGTAGATAAGAAGATTGAAACATTTTTTTTTTAATAGCCTTATTGGTAAGGCTCAATGGAGAATATGCCATAGATCTGTTCCCAAGTGAGCTTGCTAAAATCCTCCCTCCCAATTAAACTTAACAGGATGATGGACATCTGGAACTTCCACCCCACCCCTGACTCCACCCGCCCCACTGCGGGTTGCTTAGTACAGGACCTGTAGACAAAGGCTGGCATCCCACACGCTATGCTTAATCCTGCTGGTGCTTCAGCTCTCTTGGAGAGCTTGGGAGGGGCTGGGCCACGGGTGACTAGTTTCTTCTAGTTGTCAGAGGGTTGAGGAATGAGGTCTAGAACATTATGGCTGCAGACTTTACTTTCTTAGGAAGATTTGAGGCTGCCAAATAGTGGCCTTCCACTACCAGTATGCTTGTATGGTGCTTTTTCCTACCCTTTCTAGAAGATTGAACCATGAGCTTAAATTACATATTTTAGACCAAAGAGAATTACAGATTTCTGTCCTTAAAAACTCATAAAATAGGCTGGGTGTGGTGGCTCATGCCTGTAATCCCAGCACTTTGGGAAGTGGGGTGGGCGGATCATGAGGTCAGGACTTTGAGACCAGCGTGGCCAACATGGTCAAACCGTGTCTCTACTAAAAATACAAAAATTAGCCAGGCATGGTGGCACACGCCTGTAATCTCAGCTATTCTGGAGGCTGAGGCAGGGGAATCGCTTGAACCCAGGAGGCAGAGGTTGCAGCGAGCTGAGATTGTGCCACTGCACTCCAGCCTGGACAACAGAGTGAGACTCCGTCTAAAAAAACTAAAAAAAAAAAAAAAAAAAAACAACTCATAAAATAGGGGGAAATGTGTCTGGCTTTAGACACTTGGGATAATTTGGAGGCAAAGGCAGAGAATGGATACTTGCCTAGCAGCCTCTGTGTAGATGCTTATTAAAAAAGTATTTTCCTGGCCAGGTGCGTTGGCTCATGCCTATAATCCCAGCACTATGGGAGGCTGAGGCGGGCGGATCACGAGGTCAGCAGATCGCGACCATCCTGGCTAACACGCTGAAACCTTTCTCTACTAAAATACAAATTATTTGGCTGGGCGTGGTGGGGGGCACCTGTAATCCCAGCTACTCGGGAGGCTGAGGCAGGAGAATCACTTGAACCCAGGAGGCAGAGGTTGCAGTGAGCTGAGATTGCACCACTGCACTCCAGCCTGGGCGACAGAGCAAGACTCCGACTCAAAGACTCAAAAGGGGGGGGAATGGTATTTGCTGTCTCACTAGAAATACCGCCTGTTCAATTGTCCACCACCCCCTGCCATCCGTGAAGGGTTTCACAGTGAAAGCCAGAAAGCCTGCTAGACACATTCTAAAAGAGCTGTAACACTTCAATTTGGTTTTGAAGTCTTGCCAGCAAAATCTTGACTAAGACTTTTCTTTTTTTGTTAAATATCTGTCAGTCATATTCTGAAAACTGTAATTATTTTCAAGATTACCTAATTCAGTAGAAAAATTACTCTTTTCATAGTAAGGATTCAGTCATACAGAGTAACAAACTGCTGGTTCTGAACTTGTTAGTTTGTTCTTCCTAATTCTTCTCCCTCACTTTTCTCCTTTCCAGAATCATATTCTAAGAACTCAGCCACTCAGGTATCCACCATGGTGCTGGGTCCTGAACAGAAGATGTCAGATGGTAATTTACCACTTTGTGTTATTGTCTAATTTTATTTGTAATTAGGTTTATGTTGGTAACAGAAATTTATCATATTTTTCCTCTTGTCATCATCTGTCATCATCTATTCTAACAACTCCATTCAAAAGTCACCATCTGGTGACTTAGGCTGTAAATGAAAATGGATTTTTTTTTTTTTTTTTTGAGGGGGAGTCTCTGTCACCCAGGGGGGAGTGCAGTGGCACAATCTCGGCTCACTGCAACCTCCGCCTCATGGGTTCAAGGGATGCTCCTGCTTCAGCCTCCCGAGTAGCTGTGACTAAAGGCACACGCCACAATGCCCGGCTAATTTTTGTATTTTTAGTAGAGACAGGGTTTTGCCATGTTGGCCAGGCTGTTCGCAAATGCCTGACCTCAAGTGATCCGCCCGTCTCAGCCTCCCAAAGTGCTGGGATTACAAGCATGAGCTACCGCGCCCATCCTGAAAACAGAATGTTTTTTTGTTTGTTTGTTTGTTTGGTTTTTTTTTTGAGGCGGAGTTTTGCTCTAGTTGCCCAGGCTAGTTAGTGTTCAGTGGCACTGTGTCGGCTCACTGCAATCTCCGCCTCCCTGGTTCAATGGATTCTCCTGCTTCAGCATCACGAGCACCTGGGATTACAGGCACCTGCCGCCACGCCCGGCTAATGTTTTTGTATTTTTAGTAGAGATGGGGTTTTGCTATGTTGGTCAGGGTGGTCTTGAACTCCTGACCTCAGGTGGTCCACCCGTCTCGGCCTCCCAAAATGCTGGGATTACAGGCATGAGCCACTGTGCCCGGACCTGAAAACAGAATTTTTTAACCAGAGACCTGCTTCATATCTTTTTTAAATCTGAGTTGAGCCAAGATTAGCTGAAATTTGGTTTCTGGCAGTAATGCTTGCAAGGGCAATGTTATTCCCAGACCCAGGATAAAAACCTCTGGAGTGTTTTGGCTACCCATGATGCTCCCTGGTGTTTCAGATGTGTATGGAGCAGTAAAATACAGGGCGAGTACCTTACGCTCTGTATTTGATTGGAGCTTCTTGAGTGCTTTGACTATTCCTTCCTAAATCTGAGCTTCTTTGGAATTTCTGTTCCTTTTCTATAAATTTCTTCATTAATTCAAAGCTGCTTAATTAAGATGATATGAGTCAGCTCCCTATGGAAAGAAAGCTCTTATTTGTTTAAATTAGAGGTTGTAAGGATTTATTGCAAACACAGAGATTAGAGCTTTGTGATTCAAAATAGCCATTTGATGGCTGAAGCAAACTAGGCTCTGTGTATTTCTGGCAGGGTATCCCTTTTCTCCCAGACCTTCTGCTTCCCAATATTTAAGATTGACTGCAAAATGCAGAACTCAGGGAAACGCTGATATCAGTCTGAGATGAGCCCTGCCATCACGAGGGTGCCAGTACCCGTGACCGGCGGCACTTTACTGCAAGCCTTAGTCAGAGTACAAAGGGTTCCTGCTTGGTGGTTTTGCTGCAGCTTCAGAGTTTAGCCTGAACTGTGGCAGGATTTTGTAACTTGCACATTTTTTGAGAAGTCTGATGGAGGTATAATGTCCACGGTCGATTCTTTGAGTAAGTCCTACCAAATATAGGAGGTGGGGAGGACATTTCGCTAGACAGGCCTAGTTCTTTTCTTTTAAAAGCTAGGATTTTAGGTTACCAGGAGCTGGTCTGGGAATATGATATTTTGAGCCCATATGTCAGTGTTTTTAGAGGAAAATGAAATGGCTCTAAAAATTCCCAAGTAGGAGTAGAAGTGTGGAAGTAGGAAAACCATTGTGAGTTAAAACTGATCTAGAGAATTGAGTGACTGGGGGAGGGGGAGGGAGATAACTTTTTTAGTGTAGGCTAAATTTTTTACTTCCTGAATTTTTAACCATGTGAATGTATTACTTATTCTAAAATGTACATTAAAAATAAACTATTCAAAATAAATTGAGCTAGAGTCAGGTTGGTCTCTTGTGCATTTAGATATTAAACTATTTAATTTCAGTATACTAAGGATGAATTGTTAGTGTATTTTGTTCATTTTTTACTAATTTATTTTCAAATCTGTTAATTCAGACAGTGTTTCTGGAGATCATGGGGAGTCTGCCAGTCTTGGTAACATCAACCCTGCCTATAGTAATCCCTCTCTTTCACAGTCCCCTGGGGACTCAGAGGAGTACTTCGCCACTTACTTTAATGAGAAGATCTCCATTCCTGAGGAGGAGGTTAGTATCAGGTCCTTGGAGGAGAACACTATTGTCTGGGGAAAACCTGTGAGTGAAAGATCTGCTGGATGGCTCAAGTTCAGCAGCCTCAGGTTTAATTTTGGCTGGCAATCTCTGAAGACTATATCTATATATCTATATATATATATACACACACACACACACACACACACCCCATCTATATCTATCTATCTCTGTCTGTCTGTCTGTCTGTCCGTCTATATATCTATCTATCTATCTATCTATCTGTCTATCTAATCTTTTTTACAGACAGGGTCTTGCTCTGTCATCTAGGCTCCAGTGCAGTGGCACAACCATAGCCCACTGTAGCCTTGAATTCCTGGGGTCAACTGATTCTCCCACTTCAGCCTCCCCAGTAGCTGGGACTATAGATGGCATGCCACCATGCCAGGCTCATTATTTTTATTTTTATTTTTAGAGACAGGGTCTCACTATGTTGCCCAGGCTGGTCTTGAACTCCTGGCCTCAAGCTATCCTTCCTCTTGTTTGTTGATGAAAAAGAGTCAAACTCTGGCTGAGCCCAGGCTCACACCTGTAATCCCAGCACTTTGGGAGGCTAAGGCAGGAGGATCACTTGAGCCCAGGAGTTTAAGACCCGCCTGGCCAATATGGCGAAACCCTGTCTCTACAAAAAATACAAAAATTAGCTGGGCATGGTGGTATGCACCTGTAGTCCCAGCTACTCGGGAGGCTGAGGTGGAAGGATCACCTGAGCCTAGGAGGCAGAAGTTGCAGTGAGCCAAGATCATGCCATGGTACTCCACTCTGGGTAACAGAATGAGACCTCCTCTCAAAAACGAAAACCAAAACAAAACAGGCCGGGCGCGGTGGCTCACACCTGTAATCCCAGCACTTTGGGAGGCCGAGATGGGCAGATCACCTGAGGTTAGGAGTTCAAGACCAGCTTGGTTAACATGGTGAAACCCTGTCTTTACTAAAGATACAAAAGTTAGCTGGGCGTAGTGGTGGGTGCCTGTAATCCCAGCTACTCGGGAGACTGAGGCAGGAGAATCACTTGAACCTAGGAGGCAGAGGCTGCAGTGAGCCAAGATCGCGCCACTGCACTCCGGCCTGAGTGACAGAGTGAGACTCTGTCTCAAAACCAAACAAACAAACAAGAGTCAAACTCTGTAAAATGTTTAAAGAGGTTTATTCTGAGCCAAATATGAGTGACCAAGGCCCGTGACACAGCCCCAGGAAGTCCCGAGAACATGTGCCCAAGGTGGTTGGGTTACAGCTTGATTTTATACGTTTTAGGGGTCAGAAGTTACAGGCAGACATCAGCCAATATATTTAAGATGTACATTGGTTCCATCAGGAAAGGTGGGACAACTTGAAGTGGGGAGGGGGCACCTTTCAGGTCAAAGGTGGATTTAAAGATTTTCTGATTGGAAATTGATTGACACTGGGTGCAGTGGCTCATGCATGTAATCCCAGCACTTTGGGAGGCTGAGGCGGGTGGATCGCTTGAGCCCAGGAGTTCGAGACCAACCAGCTTGGGCAATGTGACAAGACCTTGTCTCCAAGTAAAAAAAATAAAATAAAATTAGTTGGGTGTGGTGGTGCACACCTGTGGTCCCAGCTACTTTGGAGGCTGAAGTGGGAGTATTGCTTAAGCCCAGGAGTTCAAGACCAGCCTGGGCAACATGGCAAAACCCTGTCTCTACAAAAATAAAAATAAATAAAAAAAGAAATTGGTTGAAAGAGTTATTTTCTAAAGACCTGGTCTAAAATGAGGGGCTGTGGAGTGTCTAAAATGAGGGGTTGTGAAGACCAAGGTTTTTATTATGTAGGTGAAGCCTCTAGGTAACAAGCTTCAGAGAAAATAGATGTAAATGTCTTTTATCAGACTTAAAAAGGTACCGGACTCCTAGTTAATTCTCTCCGGGATCAGGAAAAGACCTGAAAAGGGAAGGAGATTCTATATATTCTAGGTTTTGCTCATAAGAGACAGCTTTGCAGGGTCATTTCAAAATATACAAAGAAATATATCTTGGAGTAAAATACTTTGATTTCTTTCAGGGCCTGTTATCTGTCATGTGATGCTATGCTAGAGTCAGGTTGGAATTTAGCATGTTATTGCTACAAGGAATCTGTTTTGTCAGTTTTAAGATCTCTGGTTTTTGTTTGTTTGTTTGTTTGTTTTTGAGACGGAGTTTCACTCTTGTCGCCCAGGCTAGAGTGCAATGGTGCAATCCTGGCTCACCGCAACCTCCTCCTCCCGCATTCAAGCGATTCTCCTGCCTCAGCCTCCCGAGTAGCTGGGATTACAGGCATGTGCCGTTACGCCCACCTGTTTTTGTATTTTTAGTAGAGACAGGGTTTCTCTACTAAAGTGTTGGTCAGACTGGTCTCGAACTCCCAACCTCAGGTGATCTGCCCGCCTTGGCCTCCCAAAGTGCTGGGATTACATGCAGGAACCACTGTGCCTGGCCAAGATCTCTGTTTTAATGCTGGTCATTTGTGTCTGAATTCCAAAGGGACGGGAGTATAATGAGGTTTGTCTGACCCCTCCCTCCCATCATGGCCTGAACTAGTTTTTCAGGTTTTCTTTGGAATGCCCTTGGTCAAGAAGAGGATCCGTTCAGTTGGTTGGGGGAGCTTAGAATTTTATTTTTGTTTGCTCTCCTCAGTGTCCCAAGTAGTTGGACTATAGGCACACACCACACAGCACCACACCTGGCTTGTTTCCTTTTTAAAATGGTGGCTCTTGTCCTTTTTGGGAAGTGTTTGGGCACAGAGGTACTGATACTGTTATTCTGGTTTTAGAATAAGAGGCTGATGGAACCTGCAGGTAAGGGAAGAGCTTTGACTTGGACAGAGAAGTGGCCAGCTTCTTAATAAAAAGTGGGTAAGATGGAGGTGAAACTTGGACACATGCAATATCTGACATTGTAAATCCTTTTTTCTTGTGAGGCTGGATTTTGTTGCTTCATATGTGATAACAGACCAATTATATCAGTAGTTCAATGGTGATGTTCAGTTTAATCTCTTTTCCTCTCTTGTACAGTACTCTTGTTTTAGCTTTCGTAAACTCTGGGCTTTCACCGGACCAGGTTTTCTTATGAGCATTGCCTACCTGGATCCAGGAAATATTGAATCCGATTTGCAGTCTGGAGCAGTGGCTGGATTTAAGGTGAACATCTAGTCCTACCCCTGTCCTTTTAAGCACATAATACCCTCTCACATCCTTTTCTCCACCCTGCATGTTGGATAGTAGCCTCAGGGGCTACATGCAGATACTTCATTGGCAGTGGCTCTTATGTGTAAAGTACTTTCCATTTGGTCTTATTTTTATCCACATAGTTTCCTTGAACAAAGGAGAAACTACATATAGGAGAAACTGAGGCTCAGAAAGGTACAAGGTGACTTAGCAGGTCATGTGCAAAATCTGTTATAGAACTCAAGTCATTTGATTCTTGACCTGGGCTCTTTTCTGAATGCAGTATTTACCACTCATGTTGCCAAACAACTAAACAAACAAACAGACAAAAACTCAGTTGTTCAATGAGTGTTACAGGAGATTTTGTTCTTCTTAGTTGCTCTGGATCCTTCTGTTGGCCACCCTTGTGGGGCTGCTGCTCCAGCGGCTTGCAGCTAGACTGGGAGTGGTTACTGGGCTGCATCTTGCTGAAGTATGTCACCGTCAGTATCCCAAGGTGAGCAATGTATTGTCCTGTTTGTCTCTCACCCATGCCATAGGAATCTGTGTGTCTGGCGGTATGTGCTGGCCTCATTCTATAGTGAGACAGTCAAGGACTTGGGGGTCAGTGGCCCTGAAGACAGACGGTACCAACGGAAATACTGTAGCTCCTCCTGCTGCCAGGCCATGTTTTCCCCCTCTTTCAAAATCTAACTTGAGACTCGCATTTCCTAGAAGGTTTTCTTAGAAAAACTGTGTTACCATTCACTCTGGCTTCCAGTATCTAGCAATGCCCAGCCCAAGGGGAGGAGGATGCTCTCTCTAAGCACTTTTATTCATACCTCCATGTTACTCCATCAGTTTGCATTTTATATATGTTCTTTTTTTGTTTGACTTTGCCATCACTTTGAAAAAGTAATTTTTTTTCTTTTTAGTACAAACTATATGTGGCAAGATCTTTGGATTTGCTAATAATTATTTTTCAGTTTCCCCTCCCGCCGGGGGTACACTGTCCTCTGCAGCTTCTTCTGGACATTTTGGGCCTTTCTTACCGTTGCCTAAGGCAAGAATGAACACTATGTCTGGAAGATATTTTTAACTTAGTTTTGTCTCTTGTTTTGTTTCTTTTCCTGGGTGTGAGCAAAAAGTATCCTTATCTGCTTTTCAAAAAAATAAAAAAATCTTGATAATATCCCCATTTACTCTGATGTGATTATTACACATTTTATGCCTATATCAAAATATCCCATATGCCCCATAATATATACACCTACTATGTACCCATAAAATTTTTAAAAAACAAACAAAACCTTGGTAATTTATAATCCTTCTAGCTTCTTTTTCTTTCTTTCTTCTTATTTTTTGAGACGGAGTCTCACTCTGTCACCCATGGTGGAGTGCAGTGATGTGATCATGGCTCACTGCAGCCTTGACCTCCCAGGCTCAAGCGATTCTCCCATCTCAGCCTCCCAAGTAGCTGGGACCACAGGCGAGCACGACCACACCCAGCTAATTAAAATTTTTTTTTTTTTTTTTTTTGTGGAGATGAGGTATTGCTATGTTGTCTAGGCTGGTCTCAAACTCCTGGGCTCAGGCAGTCCTCCCACCACAGCTTCTCAAAGTGCTGGGACGACAGGCATGAGCCACTGCACCGAGCCTAGCTTCTCTTTCTTCATACACGTTAATAGTTATTTTGTAATAATAATTATATATATATATATTTGTTTGTTTGTTTGTTTTGTTTTTTTTTTTGAGACAGAATCTCACTCTGTTGCCCAGGCTGGAGTTCAGAGTTCAGTGGTGTGATCTCAGCTCACTACAGCCTCTGCTTCTTGCAGTGAGGCGATTCCAGGGATTCTCCTGCCTCAGCCTCCTGACTAGCTTGGATTACAGCCACGTGCCACCATCTGGCTAATTTTTGTATTTTTAGTAGAGATGAGGTTTTACCATGTTGGTCAGGCTGGTCTTGAACTCCTGGCCTTAGGTGATCTGCCAGCCTTCGCCTCCCAAAGTGCTGGGATTACAGGCATGAGCCACCGTGCCCAGCCTGCTTTTTTGTTTGTTTGTTTGAGACGGAGTTTCACTCTTTCACCCAGGCTGGAGTGCAGTGGCGTGATCTCAGCTCACTGCAACCTCCGCCTTCAGTTTCAAGTGATTCTCCTGCCTCAGCCTCCCGAGTAGCTGGGATTACAGGTGCCTGCCACCATGCCTGGCTAATTTTTGTATTTTTAGTAGAGACGGGGTTTCACCATGTTGGCCAGGCTGGTCTCGAACTCCTGACCTTGTGATCTGCCCACCTCGGCCTTCCAAAGTGCTGGGATTACAGACGTGAGCCACTGCGCCTGGCCTTGTTTTGGTATTTTTGAGATGGAGTCTCACTCTGTTGCCCAGCCTGGAGTACAGTGGCGTGATCTCAGCTCACCACAACCTCCGCCTCTTGGGTTCAAGCTATTCTCCTGCCTCAGCCTCCTGAGTAGCTGGGACTACAGGCGTGCATCACCACGCCTGGCCAATTTTTGTATTTTTAGTAGAGATGAGGTTTCACTATGTTGGCCAGACTGGTCTCAAACTCCTGACCTCGTGATCTGCCCGCCTTGGCCTCCCAAAGTGCTGGGATTACAGGCGTGAGCTACTGCGCCTGGCTCTGCCCTTTTTTTTTTTTTTTTTTTTTTTTTTTGAGACCAAGTCTCGCTTTGTCACCCAGGCTCGGGTACAGTGGTGTGATCTTGGCTTACTATAACCTCAACCTCCCAGGTTCAAGCGATTCTCCTGTCTCAGCTTCCCGAGTAGCTGGGATTACAGGTGCGCACCACCACACCCAGCTAATTTTTGTATTTTTAGTAGAGACAGGGTTTCACCATGTTGGCCAGGCTGATCTCAAACTCCAGACCTCAAGTGATCCACTTGCCTTAGCCTCTCAAAGTGCTGGGATTACAGATGTGAGATACTGTGCCTGGCCTGTTTTTTTGAGATAGGATCTTGCTCTATTACCCAGACTAGAGTTCAGTGGCACAATCATGGCTCACTATACCCTTGACCTCCCAGGCGCAAGCAGCCTTCCTACCTCTGTCTCTTGAATAGTTGGGACCACAGGTGTGCACCATGATACCCAGCTATTTTTAAAATTTTTTGTAGAGACAGGGTTTTGCCATGTTGCCAAGGCTGGGCTTGAACTCCTGGGCTCAAGTAATCCTCCCACCTCTGCCTCCCAAAGTTCAGGGATTATAGGTGTGAACTACCATGGGTGACCTGACAAATTTTTTGGATGCTAGCTATCTGGAGGTGTTTTTTTCTGGCTTCAGTGAGTCAGCATAACTAAATCTGATTTTCAGCTGTATTGTTTGGCCAGATAAGTTTCTGACTTTGTTATATGCCACCCAGTTCCAACCATCTTCCCTTGAGTCCTTTTGCATACGTGGGCATTATTATTACATTAAAGGTGACTCCAACCTTTTCTGTTGTTGTGGTGGTGGTTTGTTGAGACAGTCTTGCTCTTGTTTGTTGCCCACTCTGGAGTGCAGTGGATGATCATAGCTCACTGCAGCTTGACCACTGGGGCTTAGGCTGTCCTCCTGCCTCAGCCTCCCAAGTAGTTGGGACTACAGGTGTATGCCATCATGCCTGGATACTTTTGTACTTTTTTTTTTTCCTATAATTTTTATTTTAGGTTTGGAGATGGATACATGTGAAGGTTTTTTCTTTCTTTCTTTCTTTTTTTTTTTTTTTGTGAAAGCAAGTTTATTAAGAACGTAAAGGAATAAAGAAAGGCTATTCCGTAGCAGAGCAGTCACATGTGAAGGTTTGTTACATAGATAAACACGTGTCATGGGGGTTTGTTGTACATATTATTACATCACCCCGATATTAAGCCCAATACACAATAGTTAACTTTTCTGCTTCTCTCTCTCCTTCCACCCTCCCCCATCAAGTAGACCCCAGTGTCTGTTGTTTCTGTCTGTGTGTTCATAAGTTCTTATCATTTTGCTCCCAATTTTTATACTTTTTGTAGAGATGGGGTTTTGCCATGTTGCCCAGGCTGGTCTCAAACTCCTGGGCTTAAGGGATCTACGTTGGCATCCCAAAGTGCTGAGATTACAGGAATGAGCCACTGTGCCTGGTCCACCCCAACCTTTTTTTTTTTTTTTTGAGATGGAGTCTCGCTTTGTTGTCCAGGCTGGAGTGCAGTGGCGCAATCTCGGCTCACTGCAACCTTCGCCTCCCGGGTTCAAGCAATTCTCCTGCCTCAGCCCCCTGAGTAGCTGGGATTACAGGCATGTGCCACCATGCCCAGCTAATTTTTGTATTTTTAGTAGAGACGGGGTTTCGCCATGTTGGCCAGGCTGATCTTGAACCCTGTCCTCAGGTGATCCACCTGCCTCAGCCTCCCAAAGTGCTGGGATTACAGGTGTGAGCCACCGCGCCCAGCCTGACCCCAACCTTTTCATGTTTGTTTTGTCTTCCCAGCTATGGTCAGGATAGATATGTTCTTCTGCAATCATTTAATATTCTTTCTTGACCCATATTTGGACCGTATTAGCATCCTTATTCTCCTCTAAACTTTTTAGGATTGTTTTTAGGAAATTAAGTGGAAGTTAGTAAATGGCAATTATATTCTTCTCAAGTAGAAAGGAAAAAGAAAAAAGTAAGATCAATTACTGCCTTGACCTTCGTTCACAGGTTCTGCCACGTGGTAGCACACTTTTCCTTCTCCAGGTGAGAGCCACAGTGCAGTGATCGGCCAAGTGGAGGCACGTTCTGGTATTTCTTCTCTAGTCTGGAGGCTTATAAAGGACTGTTTATGGTTTAGTGCCAAAATGTGAATTCCAAATTGTGGAGGAATTTTTTAGAAATGATTAATCAGAACCGTGTCTTTCTACTGTTTGATGTTTAGGTCCCACGAGTCATCCTGTGGCTGATGGTGGAGTTGGCTATCATCGGCTCAGACATGCAAGAAGTCATTGGCTCAGCCATTGCTATCAATCTTCTGTCTGTAGGAAGGTGAGGGGTTTTCCTCTAGAAAGTCATCAGTGTTTTGCTGGATTTCCAAGCAGAGATAAAAACAAAAACCCAATTCATTTTTAATTTTGAAGACTCAACTCAATTGTTATTTCTTCTGTGGAACCTTTCTGGAAACAATTTCTTCTCCCCTGGTAGATGTAGACTCTACATCTTCCGTTTCCCATGGTGGGTTATGCTTACCTTTATTAGAATGTGTGGCGTTTTGTATCGCAATTATTGATTTGTATGTCATTTTATCCCGCTAGATACTATCTTTTTATTTTATTTTATTTATTTATTTTTTTGAGACAGAGTCTTTCTCCGTCACCCAGGCTGGAGTGCAGTGGTATGATCTTGGCTCACTGCAACCTCCGCCTCCCAGGTTCAAGCAATTCTTGTGCCTCAGTCTCCTGAGTAGCTGGGATTACAGGCACCTGCCACCATGTCCAGCTAATTTTTGTATTTTTAGTAGAGACGGGATTTCACCATGTTGGCCAGGCTGGTCTCTAACTCCTGACCTCAGGTCTAGGAATGCCCCCTCAGCCTCCCAAAGTGCTGGTATTACAGGCGTGAGCCACTACACCCAGCCCCCACTAGATACTATCTATCTAATCCTATAAAATTCTATCTGTCTAACTCCATGAGGGTAAGACCCAAACTTTTCAGCTTTGTATCCTAAGAGTGACATAGTAGACTCTCAAAGTTTAAATGAATGTAATTAAGTTGATGCTGTTACCCTACTTTACCCAAGGCCTAGTTTTCTGCCATTGTCCCTCCTCCCTCAAGTCCTAGCTTCTCCAAGTGTTCTTTATCTGGAGAGCTGTTGGGAAGAGAGTGTTTTTCAATGTTTCCTTTCTTTCCGTCTCTCTGACTTCCATATCTCATCTCTGACCTAGAATTCCTCTGTGGGGTGGCGTTCTCATCACCATTGCAGATACTTTTGTATTTCTCTTCTTGGACAAATATGGTAAGGAGAGCAGGAATGGGAGGGTCAAAGGAGCTGCTCTCTGTCATGTGGCAGATGGGGAAGTCTACCTTCTCTGAGCTCACTGCTGCCTTTTTTCCTTTAGGCTTGCGGAAGCTAGAAGCATTTTTTGGCTTTCTCATCACTATTATGGCCCTCACATTTGGATATGAGGCAAGTGGTACAGGATATTCATTAGCTTCTTAAAATAAGTTTTTGTGGTTTTTTTTTTTAGCCTTTTATTATAAAAGACAGTAATAATGCTAGTATGATTCACTTATAGTGGGTGTATCAACAAAAAGCCAATTTTTCCCTGGGCCAATTTTAAAGGAATATGATCTATAGCAAAGATTAGCATGCAGAAAGGCCTGCAGGGGCTCCCAGGTTTAAAATGACTAGATATTTTAGGGCTTTCCAGACTAGATTCTTTGGTCCCAAGTTGACCATCTGACAACAGAACAGCCATGGATAGTGTTAATTAAGGAGGGGGTTGCAGGGTTATTCTTGGGTGTTAACTTAGAGGAGTTCTGCTTTTGTTCATCCTGGTTTATATTAATTGCAGCTTGAACTTTCCCAATATTAAAACAGTTAATGAATTATATGAAATATACTGGATATTTCCTGGTTTGTGCCCCAACCCAGAAACTCCTTAGAGTCACTAATATTATTTGCAGTACTAGCACCTTTCTTTGTACAATTCTTATAAACTGATTTCTGCTTACTGGTCTGGCTGAACTTTAAAAAATATATGTAATCTATGGGTTGATTATGCCTCTTGGCCTAAGGCTTCCAAGAGAAATACTGAACCGGGGAAGAGTATATATGAGAGTGTTTAAGGATGAGTCTCTCATTACACACGTACTAGTGGCAAACAGCAAGTGATTTTTAAATGAACATGGGTGAACAGAAGTATGCTCAGTATGGATAATAAAAATTGATTCTATATTCTTTTTTAATTTTTAGATTTTTATTTATTTATTTATTTTTGAGCCAGAGCGTTGCTCTGTCATGTAGGCTAGAGTGCAGTGGGTGTGATCTTGGCTCACTTGCAGCCTCCGCCTCCCAGGTTCAAGTGGTTCTTGTGCCTCAGCCTCCCAAGTAGCTGGGATTATTGGCGTGTACCACCATGCCTGGCTAACTTTTTGTATTTTTAGTAGAGATGGGGTTTCTCTATGTTGGCCAGGCTGGTCTTGAACTGCTGACCTCAAGTAATCTGCCCATCTTGGCCTCCCAAAGTGCTAGGATTTCAGCTGTGAGCCACTGTGCCTGGCCCTGGTTGTATATTTTTGAGCCTTGTGGAATTACTAATAACCACAAGTCCCTTAGCAGCTTTTTCTTTTTTCTTTTCTTTTTTTTTTTTGAGATGGAGTCCCCCTCTTTCGCCCAGGCTGGAGTGCAGTGGTGCGATCTCTGCCCACTGCAACTTCCACCCCCAGGTTCAAGCGATTCTCCTGCCTCAGCCCCCCACGTAGCTGGGATTACGGGTGCCCGCCACCGTGCCTGGTTAATTTTTGTATTTTTCGTAGAGACGGGGTTTCACTATGTTTGCCAGGCTGGTCTTGAACCCCTGACCTCAGGTGATCCACCCGCCTTGACCTGCTAAAGTGCTAGGATTACAGGCGTGAGCCACCATGCCTGGCCTTTTTTTTTTTTTTTTTTTTTTTTTTTTGAGACAGAGTCTCACACTATTGCCTATGCTGGAGTTCAGTGGCACGATCTCAGCTCACCTCCTGGGCTCAAGTGATCCTTCCACCTCAGCCTCCCTAGTAGCTAGTACTATAGGTATGCACCACCACACCGAGGTAATTTTTGTAGAGATAAGGTTTTGTTGTGTTGTCAGGCTGCTCTTGAACTCCTGGCCTCAAGCAATGCGCCTGCCTTGGTCTCCTAAAGTGCTGGGATTATAGGCGTGAGCCACCGCACCCAGCCCTTTCTTTAGAAATTAATTATGTATCATACACATCTGTATCATATATCTAAGATGTGTTGTAAACTATCCGGATACTCAGTCTTGAATTCTCTGGCCCCTAATAGTAAGCCCCTTATGTTGCTTGGTCCTATGATGATTCTGTATTCCTCATTATCTTAGGTAGTTGCAGAAGAAAAGATTTTGGCCAGGTGTGGTGGCCTGTAATCCCAGCACTTTGGGTGGCTGAGGTGGGAAGATTGCTTGTACTTGGGAGATTGAGGTTTCAGTGAGCTGTGATCATGCCACTGCATTCCAGCCTGGGTGACAGAGCAAGATCCTATCTCAAAAAATATAAAAATAAGGAAGAAGGCATTGTAAGGGATAAAGGATGCTAACTGTTCCCTGGTACTATGTTACTCCCGTTTCACGTTCCTGTAAAGGCTAATCATTGTTATGTTGGTATGTAGTATGTTACAGTGAAACCCAGCCAGAGCCAGGTACTCAAGGGCATGTTCGTACCATCCTGTTCAGGCTGTCGCACTCCACAGATTGAACAGGCTGTGGGCATCGTGGGAGCTGTCATCATGCCACACAACATGTACCTGCATTCTGCCTTAGTCAAGGTGAGCAAGGCCCTTATCTCCTTCACCTCCTAGACAGTTCATGGGATCTTTTCCTTCAATTGCAAGGGACACAAAGTTAGTTTACAATTATTAGGACCATGAAGGAGCAAGGTATTTTCCAAGCCTGGACATTTATAAACTCCATATACTTAGATGCTGTTTTTATCACCAAATTGACCAGAGATTACTAACTGCATAAAGCAGGTGGGGCTAAAGTTCTTTTTTTTTTTTTTTTTAAATTGAGATGGAGTCTCACTCTATTGCCCAGGCTGGAGTGCAGTGGCGTGATCTCTACTCACTGCAAACCTCTCCCTCCCGGGTTCAAGTGATTCTCGTGCCTCAGCCTCCTGAGTACCTGGGATTATAGGCGTGCACCACCATGCCTGGCTAATTTTTCTATTTTTAGTAGAGATGTGGTTCACCATGTTGGCCAGGCTGGTCTCGAACTCCTGAGCTCAAGCAATCCACCCGCCTTGGCCTCCCAAAGTGCTGGGATTACAGCCGTTAGCTACTGCACCCAGCTGGGGACTAAAGTTCTTCATAAAAAGGTTGGAAGTGCATCAAGTCTCTTGTGTTTAAAATTTCAAAAAGCTCGAGTGGCCTTATGGAGGTCAGGAGTAAAGGAGCCCAAACAGGCTTTTACTGTCAGTATTATGTAATAGTTTGCTGGGAGATTTTAGAAACCTTTATAAATAGGTATATGCACACCTTAGGACTGAAATCAGGTCGTTTTTATAGGTCAGTGGTCCTTCCAGCCACTGAGAGTAACTGAGAGCTCAGTAGTCATTTAGTCTCTGTTCCCTATTTGGGGAATGTACAGTTCAACGAAAGGGCATGAAGTTCTTTTTTCTCCCCCCATATGAAGTTCTTAATTGCTCAGTGAACTAGGATGTAGGTGAGTGTTGGATCTCTCACTTTTCGTCTGGTCAACTTTTGTCCCCTAAATCTCTCAGCTGACTCCAAACTCCTGAAATGTCACAAGGAAACTTGTTCTAACTGGTCAAAAAGTGACTGCTGTTGTTATCTTTCTAGTCTAGACAGGTAAACCGGAACAATAAGCAGGAAGTTCGAGAAGCCAATAAGTACTTTTTCATTGAATCCTGCATTGCACTCTTTGTTTCCTTCATCATCAATGTCTTTGTTGTCTCAGTCTTTGCTGAAGCATTTTTTGGGAAAACCAACGAGCAGGTGGTGAGTAAGCCAGGGTTATGGGTGGTAGTGAATGTGAGGGTAAAGTGAAGACTGCAATGGGATGGGGAAGGAAAATACCTCATCCTAGTGTTAATGTTCAGGAGAAATAATCTCTAGCTTCTCGTCTGCCCCCCAAAATCACTGTGCACCAGTCAGAGTCTACAGTATGGGGCTGACCAAGCCTGGACCCTCTTTCTCAGCTTTTGTTTGGGAGTAGTCAACAAACAGAAAACAGAAACTGTGATGATGACAGACTTTGTCTTGTCATTTTGAATTCTGTATCAATCTTGATTTCTGATTACCTATGTAGTGTTTTTTTTGAGACGGAGTCTTGCACTGTCATCCAAGCTGGAGTGCAGTGGCACAGTCTTGGCTCACTGCCTCCACCTCCTGGGTTCAAGCGATTCTCCTGCCTCAGCCTCCTGAGTAGCTGGGATTACAGGTGCCTGCCACCACACCCAGCTAATTTTTTGTAATTTTAGTAGAGATGGGGTTTCACCATGTTGGCCAGGCTGGTCTCAAACTCCTGACCTCAAGTGATCCACCTGCCTCGGCCTCTCAAAGTACAGGGATTACAGGCGTGAGCTCCTGTGCCTGGCCTGCCTGTGTAGTTTTGATCACCATTTGTTTCCCGTCTATGGAACCTCTGACTCCTCTGTCTGCTTTGACTGAGGATTCTATTCTGGGTGTTCTCTCATGTCTGAAGCCTTCTTCAGAGCCTCTCCTCTTGTCATCATTTAAAGTACCCCAGCGTTTGTACATTATTACCATGCACACTGTAACTCAGTAAAGATTTTTGATGACCTGTGGTGTAGAAGGATTATAGAGGAAGATCCTAGATAACATTGCTGCTAGTCTCTGCCCACATCACAGCATATGTCCAGTGTTTTCCCTCCAGCCTACCTCTTATAGATGATTGTGTATGATATGTAGGAGAGCTCTTATTTGGTCCTTGCTTCTGAAACAAAAGTTGCTGTTGAATTGCTTTGGGTTCTAGGTTGAAGTCTGTACAAATACCAGCAGTCCTCATGCTGGCCTCTTTCCTAAAGATAACTCGACACTGGCTGTGGACATCTACAAAGGGGTAAGCATGTTTGGATTTGTGATCTTTGTTCCTGAATCAGTATTTTTAGCATAGTATGTGGTCTTTTTTGTGACTTCACTTCAGATATGAGCATATCTCCTCTGGAGTGTCATTTATTTCAGAGTTCCAGACACCAGACAAGCATTTTGGATTAAATGGGAAGGAATAGAGGATCAGTTGAAAAGATATATAATACAGGCCGGGTGCGGTGGTTCACGCCTGTAATCCCAGCACTTTGGGAGGCTGAGGCGGGTGGATCACTTGAGCTCAGGAGTTCAAGACCAGCGTGACCAACATGGTGAAACCTGTCTCTACTAAAAACAAAAATACAAAAATTAGCTGGATGTGGTGGTGGGCACCTGTAATCTCAGCTACTCAGGAGGCTGAAACACGAGAATCGCTTGAACCTGGAAGGCAGAGGTTGCAGTGAGCCGAGATTGGGCCACTGCACCTCCCAGCCTGGGCGACAGAATAAGACTCTGTCTTTAAAAAAAAAAGGAAAAAAAAGATGCAGTATACACCCCAGCTTTTTTTTTTTTTTTTTTTTTTTGGAGACAAGGTCTTGCTCTGTTGCCCAGGCTGGGGTACAGTGGCTCGATCATGGCTCACTGCAGCCTCCACCTACCTGGTCCAAGTGATTTTCCCATCTCAGTCTTTTGGGTAATGGGACTGCAGGCAAGCACCACCATGCTTGGCTATTTTTTTTTTCTTTTTGAGATGGAGTTTTGTTCTTGTTGCCCAGGCTGGAGTGCACTGGCGTGATCTTGGCTCACTGCAATCTCTGCCTTCCGGGTTCAAGTGCTTCTCCTGCCTCAGCCTCCCAAGTAGATAGGATTACAGGTGTGTACCACCACACCTGGCTAATTTTGTATTTTTAGTAGAGATGGGGGGTCTCTCCATGTTGGTCAGGCTGGTCTCGAACTCCTGACCTCAGGTGATCCACCCCCCCCTCGGCCTCCCAAAGTGCTGGGATTACAGGTGTGAGCCACCATGCCTGGCCTTGTATTTTTTTTGTAGAGTCAGGGTATTTGCCATGTTGCCTAGGCTTGTCTCAAACTCCTGGGCTCAAGGGATTCTCCAACCCTGGCCTCCCAAAGTGCTGGGATTACAAGCGTGAGCCACCCTACCCAGCCCCAAGAAAGTGTTCTTAGTAAAGTGTTTTTACTGGAGTCTCTCAGTTCTTTTATGCTGGTTACATTGTGATCCCCCAACAGTAGAATATATAGTGTGTAGCATTTCACCAATTTATTTGATATTTCCCTGTACTTCTATTGCCATTTTCCAGAATAGTGTGTAAAGGAATATAATTTGGGGAAAGTGGTGTAGACCTCTTTTTTTTTTTTTTTTTTTAATATTTAAGATGGAGGTTTAGGAGCTTGGAGAAGAGAAAGGACTAGGCAGAGAAACGAAGGAGCATCCAGTAAAGTTTAGACTGAAAGCTTCTGGAATGAGGTCCGGACTTGAGCCTAGCTTCTGGCACAGTGCCCAGCACAGCACTTGGTGTTGGTGGTGCATAGCAAAGAAGGGAGAAATGCCACAGGGAACTGCTGTTTTGGATATTGTCTGAGCAGATTATTGCCACAATCATATCCTTCCTCTTGGCCTCTCACAGGGTGTTGTGCTGGGATGTTACTTTGGGCCTGCTGCACTCTACATTTGGGCAGTGGGGATCCTGGCTGCAGGACAGAGCTCCACCATGACAGGAACCTATTCTGGCCAGTTTGTCATGGAGGTACGTGCTGGTATAGGATAGAGGGAGATAACACAACCCTTTTGCTACTTCTTCTTCTTCTTCTTCTTTTTTTTTTTTTGAGATGGAGTCTCACTCGTCGCCCAAGTTGGAGTGTAATGGCATGATCTCGGCTCACTGCAACCTCCACCTCCCGGGTTCAAGTGATTCTCCTGACTCAGCCTCCCGAGTAGCTAGGATTACAGGCTCTGGCCACCATACTCGGCTAATTTTTTGTATTTTTAGTAGAGATGGCGTTTCACCATGTTGGCCAGGCAGGTCTTGAACTCCTGACCTCAAGTGATCTACCCGCCTTGGCCTCTCAAAGTGCTGGGATTACAGGCGTGAGCCACTGCGCCTGGCCCCTTTTGTCACTTCTTAATCCCATTCTTCTGAGGTCTCTCCTGAACCTCCCCAAAACTTTTTTTTGTTTCCTGTTGCAGACAGTCATCTGCTCCTATGTTTTCTTCCAGGGATTCCTGAACCTAAAGTGGTCACGCTTTGCCCGAGTGGTTCTGACTCGCTCTATTGCCATCATCCCCACTCTGCTTGTTGCTGTCTTCCAAGATGTAGAGCATCTAACAGGGATGAATGACTTTCTGAATGTTCTACAGAGCTTACAGGTGAGGAGGAAGCTGAGGAAACACATCCTAGTTATTCAGGTAGCATTATGTACTGCCCTTGGGTACCAAGCCTAGCTGAGTGCTGGGGGGATATTGAGAGGAAGACAGAGGCATGGTTGTGGTCTGCAGTAAATGTATATGAAATCCTTGGCATCTAAAAGGATTTTAGAAATGGTTGGTTTTTTAAACCTGTTGAATGGGAACTATGAACTTTACTTACATATGGGACACAAAATTGTAGTTCATTAATGCAAGCAAACATTAAATGAACATATAGGACACTGTGCTAGGTCCTGTGGAGGTTAAGAAGACAAGTCACATACAAAGGTTTGTATGCTAGGTTAATGACAGCTCTGCAGAATTCAGCATAATGCCCAAGCATGTTGGGATGATAGGAATAATTATTTCTCATGGAGTAGTTGAGGCAGCATTTATGTTTCCCTTTCATTAATTGTGCTGTTCTCTAGGGTGATACAAGGACCCATAGTAATCCCATCTGATCTTCTTTCTTTTCCAGCTTCCCTTTGCTCTCATACCCATCCTCACATTTACGAGCTTGCGGCCAGTAATGAGTGACTTTGCCAATGGACTGTGAGTGTACTCCTCTTCGTTCCCAAAGGGGATGCTGATATGGGGAAAGGGTATCTTCATGCAGTAGGCCAGTCAGACGTGAGACACAGAGGGAAGCGATATGCTTTGAGAGGTGATTGCTAGCTGCTTCCTCTTTGGCTTAGAGAATGGAAACTGTGAATATAGTAAAGGAAGAGAAAGCACGTCTTTCATATGAAGGGGAGAGAAAGTTCAGCTTTTACAGCATAACTCTTCAGCTTCAGCCACTGAAGTTTGAGGCACCTTAATTCTTTGTTAAATGATCTTAACAAAAAAGGCATAAGTTAGTACCTTTTATATATATCTTTAAAGGATATGAGGTATCTGAAGTGACTTGTTGCATTTTTGGGAACGTTAATAAAATGGCTCATTGCGTTTCTAGGCCTTGTTGCATCTCTAGGGACTTAAATATTAGGGATTATTTGTTGGTGTCTTTTCCCCCCTCTTTCTCCCTGTCTACCAGTATCTAACTTTGGGTGATTTAACTTAGACTTATGAAGAATCATTTTTTTTCAAATTAAGAACAATTTTTCCATTCATTTTGAACTGCCTCTAATTCCCATCCTGTTTCCTTTTCTGTCTGTGGCCAAGTTGGATTATTCCATCAGTGACTGTGCTGATTTCTTTTACAGAGGCTGGCGGATTGCAGGAGGAATCTTGGTCCTTATCATCTGTTCCATCAATATGTACTTTGTAGTGGTTTATGTCCGGGACCTAGGGCATGTGGCATTATATGTGGTGGCTGCTGTGGTCAGCGTGGCTTATCTGGGCTTTGTGTTCTACTTGGTAAGTCTAGCCTGGAAGAGCAGGGGCATAGGTATCAGGGATGGTTGAGGTGGGGTTCACTGACATTCAGAAATGAACAGACCCAGGCTGGGCACAGTGGCTCATGCCTATAATCCCAGTACTTTGGGAGGCTGAGGCGGGAGGATTGCTTGAATCCAGGAGTTAGAGACCAATCTGGGCAACATAGTAAGACTCCATCTCTACAAAAAAAGAGAAATGAACAGACCCAAAAGAGCACATAACAATCTACCTCCAGGTGATCGAGACAATGTATATGGAATTGTCAAATCAGCTGTTTACAAAATAATATTTCTAACCATAAAATTCACTTTGGTTACTAAGATTTGTCATTTTTCAATTTCTGTCACTTCTGTAGTTTCCATTCTTAGTAATTCCTAACAAGAGAGTATAGTATGTTTGAGGAACTAAAAGAAGGGTAGCAGTACAGAGAGTGGAGAACGGTACAAAACAGAGGTGGAGAATAGGGCATGCAGTGTGATTTAGAGATTCGGGGTGGGACACATGTGGCACACAGCCCCACTCAGCTCCATCACTTACTAGCTGTCCAAGGAAATAAGTAAATAGTGATAGTCTCCCCTTGACTCTCATTCTAGAGTCATTTTTTAAAAATCATGGTTATAAAACTATAGCTACATGAAAAAGGTATGTAAAATTTATATTTCAATTATAAAAAATTTTTTAAGAAGTCTAGAATTATATAAAAATGGCAATATAGTTGTTGTAGGAAGCTAGGATTATAGATATATTCTTCTCTATTTTCCAAATCTTCTTTAGCATTGCTTATATTAATGAAAAACAGCCAAAATAACAACAGATCCATTTCCCTGTTCTATACAGGTTTCTTTGAAAAGACACAGGGGTTAGGGATAAGGAATAGTAGAATTTATACCATTTTTGCTGCAGAGAATGGCTACAGATGGAGGCTGGAAACCTGCTGTTAATCTCTAGAACACTTCCCCACACCAGTGTGCCACACATTAGATACTTTATTAAGAAAATCACTTCAGTAAATGTTGAAAAATTATTTCCTAGATCTCTTCTTTTTTTCTTCCCAATAAACTTTGTGCACACAAAGACTGTACTGACCCTATGATCTAGGAACTTAACTTCAAGGAAAACCAAGTAACTGAATGTGTCCTTGACAGGAATTGTTTTTAAAAATTCACTATAGAAGTTAGGGGGATCCTTTCAGAATGCAAATTGGATATGAAGATGCCAGTTTGTCCTCAGTCAGCCTAAGGCTAATGAGCTTGTTGAAGACCCATTATTATTATTATTTTTGAGACAGAGTTTTTCTCTATCGCCCAAGCTAGGGTATAGTGGCATGATCTTAGCTCACTGCAACTTCTGCCTCCTGGGTTCAAGTGATTCGCCTGCCTTAGCCTCCTGAGTAGTTGGGACTACAGCCATGTGCTAACCATGCCTGGCTAATTTTTGTATTTTTAGTAGAGATGGGGTTTTGCCATGTTGGCCAGGCTGGTCTCAAACTCTTGACCTCAGGTGATCCACCTGCCTCAGCCTCCTGAAGTGTTGGGATTACAGGCATGAGCCACCGTGTCTGGCTTGAAGACCCATTTTGAGAGGAGAGGGCTGATTCTAGAGTGGGTTACTGTTGTTTAACTTCAAAACAGGAACTTCATAGAGCAGCTTAGGAGACTACACCAATTGTATTAGTCTGTTAGTCATTCTTATCATGGGGAGGACTGAGGAAAAGTGGACTTCCGAGAACTTACAGTTGGGTAAAAGAAACAAACAACAGGCTGGACGAGGTGGCTCACGCTTGTAATTTCAGTGCTTTGGGAGGCCGAGCCAGGAGGATTGCTTGAGGTTAGGAGTTTCAGACCAGCTTGAGAAATATAGCAAGACACCTTGTCTCTACAAAAAAAAATAAATTAGCTGGGCATGGTGGTGTGCGTCTGTAATCCTGGCAACTCAGGAGGCTGAGGAGGGAGGATTGCTTGAGCCCAGGAATTCGAGGCTTCAGTGAGCTATGATTGCACCACTATACTCCAGCCTGAGCAATAGAGGGAGACCTTGTCTCTAAAATGTAAAATAATAATAAAGATTTTAAAAAAAAGGAAAACCACAGACACAAAGCAGTAAGAACAGAGAAATTCAATATTTAAAATAGTATGGACAAACTTTGTTGAGGAAGGCAGCTGATTTTTTGAAGGGGGAGTGGGGTTGAGAGAATGACTTGTGCAACCCTTGGTGGTAGAAGATGGGCACAGCTGGATGTTCAAGGAAGGGAGCAGGTTTGCATTTGAGAAGTGCTGTGTGAGCAGTCATGGCTCTTCAAAGAGCCTGGTGAGTGATGACCATGTTTTGTCTTTCAGGGTTGGCAATGTTTGATTGCACTGGGCATGTCCTTCCTGGACTGTGGGCATACGGTAAGCATCTCTAAAGGCCTGCTGACAGAAGAAGCCACCCGTGGCTACGTTAAATAACACTGGATTAGTCTGTCTTCTGCAGGTAGCCATCAGAGCCAGTGTGTTTCTATGGTTTACTGTGTGAACATAGCCAAAAGTATGTGCCGTTGCACAGACTGTGTTTATGACTCAACCGTTGGTTGGAAAAGACTTTGTTTCATGTGTATTTGAAAGATGGAATTATTTTTTCCTTCCTGACCTAACCTTAGAACTGGATTAGGGTGGGATCTTTGAAAAGCTGACATTTGCTGCTATCATTCCAACACTAAATTCTTAAGTAGTTGCCCAAGGGCCAGCTCAGTTTATCCTTCGGAGAGACAAGGATATGCATGATTCTTAACCAGGCTATATGTTAAAAAAAAATTGGAAAATGCAATACATTTTTTATTATACAAACTACAGAATGAATATGCAAGTTTTATTTATCAAAATGTAATGGATTTTTAAAGGCTGAGAAATTTTCCTTATACCTACCTTTTCAGTTATTTTAATTATACCAAATTATCAACTAGAATAGCTTCATCCATATGAAATATAAAATGAAGAGACACCTAGCTCTATCAGGCTTAGGATTCTTTGAACTTATTTCCACTTTAATTTCTCAGTGGAAGTTAAGAGGGGTGAGAAAACAAAGAAGGGGAAAAACTGACAACTAACAAAACCAGCACCACATCGCTAGGTGGTGCTTACTAATTACCTTCTCAGGATTTTCCTCAGATTGAAAAGCTTATGAGGATTTCTTGGGAGTCTTAATAACCTGCCTGTTAGTACAGAGCTTTCCTGATGATATTTACTCTTGAGCACATGTGGTTGTAAAACCTTAACTTTCTTTCTCCAGGAGGGTGGTGATAGAAACAGATGGTAGTATTTATGAACTGATGTTCTCGTGAAATGTTGAGGGTGGGGAGAAAAGACTTTAAGGGAGGAGAGCCATCTATTTTGTTCCTAAAGCCACCTCTCAGCAGAATCGTCATGTTTTTCTGATGCACCGCTCTGCTTCATGCCCAAGATGACTTGCGAGGCAATCTCAGGAGCTGTGGACTTAACCATTGCAAAGCACACTGTCTTTCTCAGCGTTCTCTGCAAGTCAGTAGGTGTTAGTATGGTTGCAAAGTTCACTGTCTCAGCAAAGTTGAACTGGGCTACCTCTCTACAGCTGTTTCCTCAGAGGGAAAAATCTTGAGACCAGATGGTGGAGCTCTGGAGTCAGAGGAAATGGGTGTCTTCAGCACAAAGCTGCTGCTTTTACTTCAGCCACTTCTGACATTTTTACATACCGAGCCTGAGATTGTGTGATTATCTCAAATCAAATCACTTTGATGGAGATAAATAATCAAAACTGTTTTATAGTCATTGATTTGGTGAGAACAGTAATGGAAAATGGTGTTGAAGGACTTCTCATTTTTGGAGCTTTCCTTCCAGAGTCCTGGCTGATTGGTGTTCGCTGTTCATCTGAGCCCCCAAAAGCATTATTACTGATACTTGCACACAGTCAAAAGCGCAGACTGGATGGATGGTCTTTTATAAGGCATTTAAGGGTACACTACTGTGTTTCACTGACCATACATTTTTCTTAGCCCCTCAAGTAATATAGCACAGAGTTATGAATGACAATTCCCCTAACCATTCCTCTTCATATCTGCCTCTTCCCCTTACCATCGTAATTCTCCAAACTGGTCATAAAGGCACTCTGTGAAGATATTGGGGACTGACATCTTAAGCTCTCACCTGGCTGCAGTAGGAAAGGCCAAACTGACGACAAAAAAAAAATTCTTTATAAAGATGATATGGTAACATGTATCTTTGCCCTGGGTCTGGGTGGGTCCAGTCAGTCTCAGATTTACAAGCATTTAGGAGCCTAGGTAAAAGCTGCTAGTATTCTTTTAAAAGTTATATTTATGACTTGCAATGATAGAAAACTCCTTCCAATTAAATGGCATTTTATAATATTATGTGTGTACTTCACAGTGTTAAAAATACCCTCATACGTTATTGCATTTGATCTTCACAGAAAGTGCATTTTAACCAGTACTCTGGGTGCAATAAATAATATGTAGAAATTTAAGTCCTCCAATTCCAGCATATCCAGTGAGTTTTGACAGTGTGTTTATGTGGAATGTTTAAGGATATACAATTGTACTTTATATAAATTGGTTCTTGTTCTTCTTAAATGTGACATGAAATAATTGTGCTGCTACATTATACTGGAAATTAACAGGGGAAAAGGGAAGAGCTCTTGGCTCCCTTGAGGTTCTGCTAGTGGTGTTAGGAGTGGTTACAACTGAGCTTTTAGTAACCATTTAACCGTATGTAAACTTGGTTTCTAATTAAAAAAAAATTTCTTTTTCCAATTTGGTTTCCTGGGTATTTTTTTAACCTTGAAATAATTTATTAATAGGGTTACAACAACTTTGATACAAAAATACTGAAACAGCAACTACCACCTGGAATGGCACACTAAGTCCACACTGTTAGGATTTTCTCCTTAGAAAGGATAGAGAAATAAATGGATTTAGTCCTCAGAAAGCTTGGATTAATTGCAGATACCAGGATATTAATTTCCATTTACCCACTTAGTCAAATAGTTTTACCATAGCTAAAGGTCACATCATTACCATGTTGAAACTTGGGAAAAAAATTTTATTCTGCTTTTCTCTAAGCTGACTATTTTCTACCTGTAGCTTATTTCACTGTTTCACTTTTACATTCTATATGTGCTGCCAATGAAAAATTAGTATTTGAAGAGAAACCAAACTCATTTAGCTTAAAGACCAAGGAGCATTTTGGCAGACCTGATATAAATGGAAATATTGACACCATTTATTAAAAACAAAGGCAGAGCTC','1999-07-24 13:27:48');

#
# Dumping data for table 'exon'
#

INSERT INTO exon VALUES ('ENSE00000031523',1,1,'1999-07-24 15:04:20','1999-07-24 15:04:20','2000-07-14 00:24:42',32592,32683,1,1,0,1);
INSERT INTO exon VALUES ('ENSE00000031510',1,1,'1999-07-24 15:04:20','1999-07-24 15:04:20','2000-07-14 00:24:42',33716,33874,1,0,0,1);
INSERT INTO exon VALUES ('ENSE00000031511',1,1,'1999-07-24 15:04:20','1999-07-24 15:04:20','2000-07-14 00:24:42',34872,34958,1,0,0,1);
INSERT INTO exon VALUES ('ENSE00000031512',1,1,'1999-07-24 15:04:20','1999-07-24 15:04:20','2000-07-14 00:24:42',36571,36690,1,0,0,1);
INSERT INTO exon VALUES ('ENSE00000031513',1,1,'1999-07-24 15:04:20','1999-07-24 15:04:20','2000-07-14 00:24:42',37131,37310,1,0,0,1);
INSERT INTO exon VALUES ('ENSE00000031514',1,1,'1999-07-24 15:04:20','1999-07-24 15:04:20','2000-07-14 00:24:42',37828,37901,1,0,2,1);
INSERT INTO exon VALUES ('ENSE00000031515',1,1,'1999-07-24 15:04:20','1999-07-24 15:04:20','2000-07-14 00:24:42',38552,38705,1,2,0,1);
INSERT INTO exon VALUES ('ENSE00000031516',1,1,'1999-07-24 15:04:20','1999-07-24 15:04:20','2000-07-14 00:24:42',41063,41173,1,0,0,1);
INSERT INTO exon VALUES ('ENSE00000031517',1,1,'1999-07-24 15:04:20','1999-07-24 15:04:20','2000-07-14 00:24:43',20958,21026,1,0,0,1);
INSERT INTO exon VALUES ('ENSE00000031518',1,1,'1999-07-24 15:04:20','1999-07-24 15:04:20','2000-07-14 00:24:43',24058,24183,1,0,0,1);
INSERT INTO exon VALUES ('ENSE00000031519',1,1,'1999-07-24 15:04:20','1999-07-24 15:04:20','2000-07-14 00:24:43',24587,24706,1,0,0,1);
INSERT INTO exon VALUES ('ENSE00000031520',1,1,'1999-07-24 15:04:20','1999-07-24 15:04:20','2000-07-14 00:24:43',29081,29187,1,0,2,1);
INSERT INTO exon VALUES ('ENSE00000031521',1,1,'1999-07-24 15:04:20','1999-07-24 15:04:20','2000-07-14 00:24:43',30084,30154,1,2,1,1);
INSERT INTO exon VALUES ('ENSE00000031522',1,1,'1999-07-24 15:04:20','1999-07-24 15:04:20','2000-07-14 00:24:43',30258,30332,1,1,1,1);



#
# Dumping data for table 'exon_transcript'
#

INSERT INTO exon_transcript VALUES ('ENSE00000031523','ENST00000009282',1);
INSERT INTO exon_transcript VALUES ('ENSE00000031510','ENST00000009282',2);
INSERT INTO exon_transcript VALUES ('ENSE00000031511','ENST00000009282',3);
INSERT INTO exon_transcript VALUES ('ENSE00000031512','ENST00000009282',4);
INSERT INTO exon_transcript VALUES ('ENSE00000031513','ENST00000009278',1);
INSERT INTO exon_transcript VALUES ('ENSE00000031514','ENST00000009278',2);
INSERT INTO exon_transcript VALUES ('ENSE00000031515','ENST00000009278',3);
INSERT INTO exon_transcript VALUES ('ENSE00000031516','ENST00000009278',4);
INSERT INTO exon_transcript VALUES ('ENSE00000031517','ENST00000009279',1);
INSERT INTO exon_transcript VALUES ('ENSE00000031518','ENST00000009279',2);
INSERT INTO exon_transcript VALUES ('ENSE00000031519','ENST00000009279',3);
INSERT INTO exon_transcript VALUES ('ENSE00000031520','ENST00000009279',4);
INSERT INTO exon_transcript VALUES ('ENSE00000031521','ENST00000009279',5);
INSERT INTO exon_transcript VALUES ('ENSE00000031522','ENST00000009279',6);

#
# Dumping data for table 'feature'
#

INSERT INTO feature VALUES (1,1,20962,21021,957.0000,1,1,'tblastn',203,262,'AB004857',NULL,NULL);
INSERT INTO feature VALUES (2,1,24058,24183,957.0000,1,1,'tblastn',263,386,'AB004857',NULL,NULL);
INSERT INTO feature VALUES (3,1,24587,24706,957.0000,1,1,'tblastn',387,501,'AB004857',NULL,NULL);
INSERT INTO feature VALUES (4,1,29081,29187,957.0000,1,1,'tblastn',502,603,'AB004857',NULL,NULL);
INSERT INTO feature VALUES (5,1,30084,30154,957.0000,1,1,'tblastn',604,669,'AB004857',NULL,NULL);
INSERT INTO feature VALUES (6,1,30258,30327,957.0000,1,1,'tblastn',670,739,'AB004857',NULL,NULL);
INSERT INTO feature VALUES (7,1,32592,32615,957.0000,1,1,'tblastn',740,763,'AB004857',NULL,NULL);
INSERT INTO feature VALUES (8,1,32619,32681,795.0000,1,1,'tblastn',824,886,'AB004857',NULL,NULL);
INSERT INTO feature VALUES (9,1,33716,33874,795.0000,1,1,'tblastn',887,1043,'AB004857',NULL,NULL);
INSERT INTO feature VALUES (10,1,34872,34958,795.0000,1,1,'tblastn',1044,1125,'AB004857',NULL,NULL);
INSERT INTO feature VALUES (11,1,36571,36685,795.0000,1,1,'tblastn',1126,1240,'AB004857',NULL,NULL);
INSERT INTO feature VALUES (12,1,37131,37175,795.0000,1,1,'tblastn',1241,1285,'AB004857',NULL,NULL);
INSERT INTO feature VALUES (13,1,37203,37310,820.0000,1,1,'tblastn',1283,1388,'AB004857',NULL,NULL);
INSERT INTO feature VALUES (14,1,37828,37901,820.0000,1,1,'tblastn',1389,1457,'AB004857',NULL,NULL);
INSERT INTO feature VALUES (15,1,38552,38700,820.0000,1,1,'tblastn',1458,1606,'AB004857',NULL,NULL);
INSERT INTO feature VALUES (16,1,41063,41173,820.0000,1,1,'tblastn',1607,1715,'AB004857',NULL,NULL);
INSERT INTO feature VALUES (17,1,20962,21021,957.0000,1,1,'tblastn',213,272,'AF046997',NULL,NULL);
INSERT INTO feature VALUES (18,1,24058,24183,957.0000,1,1,'tblastn',273,396,'AF046997',NULL,NULL);
INSERT INTO feature VALUES (19,1,24587,24706,957.0000,1,1,'tblastn',397,511,'AF046997',NULL,NULL);
INSERT INTO feature VALUES (20,1,29081,29187,957.0000,1,1,'tblastn',512,613,'AF046997',NULL,NULL);
INSERT INTO feature VALUES (21,1,30084,30154,957.0000,1,1,'tblastn',614,679,'AF046997',NULL,NULL);
INSERT INTO feature VALUES (22,1,30258,30327,957.0000,1,1,'tblastn',680,749,'AF046997',NULL,NULL);
INSERT INTO feature VALUES (23,1,32592,32615,957.0000,1,1,'tblastn',750,773,'AF046997',NULL,NULL);
INSERT INTO feature VALUES (24,1,32619,32681,795.0000,1,1,'tblastn',834,896,'AF046997',NULL,NULL);
INSERT INTO feature VALUES (25,1,33716,33874,795.0000,1,1,'tblastn',897,1053,'AF046997',NULL,NULL);
INSERT INTO feature VALUES (26,1,34872,34958,795.0000,1,1,'tblastn',1054,1135,'AF046997',NULL,NULL);
INSERT INTO feature VALUES (27,1,36571,36685,795.0000,1,1,'tblastn',1136,1250,'AF046997',NULL,NULL);
INSERT INTO feature VALUES (28,1,37131,37175,795.0000,1,1,'tblastn',1251,1295,'AF046997',NULL,NULL);
INSERT INTO feature VALUES (29,1,37203,37310,820.0000,1,1,'tblastn',1293,1398,'AF046997',NULL,NULL);
INSERT INTO feature VALUES (30,1,37828,37901,820.0000,1,1,'tblastn',1399,1467,'AF046997',NULL,NULL);
INSERT INTO feature VALUES (31,1,38552,38700,820.0000,1,1,'tblastn',1468,1616,'AF046997',NULL,NULL);
INSERT INTO feature VALUES (32,1,41063,41173,820.0000,1,1,'tblastn',1617,1725,'AF046997',NULL,NULL);
INSERT INTO feature VALUES (33,1,20962,21021,957.0000,1,1,'tblastn',203,262,'AF064484',NULL,NULL);
INSERT INTO feature VALUES (34,1,24058,24183,957.0000,1,1,'tblastn',263,386,'AF064484',NULL,NULL);
INSERT INTO feature VALUES (35,1,24587,24706,957.0000,1,1,'tblastn',387,501,'AF064484',NULL,NULL);
INSERT INTO feature VALUES (36,1,29081,29187,957.0000,1,1,'tblastn',502,603,'AF064484',NULL,NULL);
INSERT INTO feature VALUES (37,1,30084,30154,957.0000,1,1,'tblastn',604,669,'AF064484',NULL,NULL);
INSERT INTO feature VALUES (38,1,30258,30327,957.0000,1,1,'tblastn',670,739,'AF064484',NULL,NULL);
INSERT INTO feature VALUES (39,1,32592,32615,957.0000,1,1,'tblastn',740,763,'AF064484',NULL,NULL);
INSERT INTO feature VALUES (40,1,32619,32681,795.0000,1,1,'tblastn',824,886,'AF064484',NULL,NULL);
INSERT INTO feature VALUES (41,1,33716,33874,795.0000,1,1,'tblastn',887,1043,'AF064484',NULL,NULL);
INSERT INTO feature VALUES (42,1,34872,34958,795.0000,1,1,'tblastn',1044,1125,'AF064484',NULL,NULL);
INSERT INTO feature VALUES (43,1,36571,36685,795.0000,1,1,'tblastn',1126,1240,'AF064484',NULL,NULL);
INSERT INTO feature VALUES (44,1,37131,37175,795.0000,1,1,'tblastn',1241,1285,'AF064484',NULL,NULL);
INSERT INTO feature VALUES (45,1,37203,37310,739.0000,1,1,'tblastn',1283,1388,'AF064484',NULL,NULL);
INSERT INTO feature VALUES (46,1,37828,37901,739.0000,1,1,'tblastn',1389,1457,'AF064484',NULL,NULL);
INSERT INTO feature VALUES (47,1,38552,38700,739.0000,1,1,'tblastn',1458,1606,'AF064484',NULL,NULL);
INSERT INTO feature VALUES (48,1,41063,41173,739.0000,1,1,'tblastn',1607,1715,'AF064484',NULL,NULL);
INSERT INTO feature VALUES (49,1,20962,21021,913.0000,1,1,'tblastn',175,234,'MMNRAMPB',NULL,NULL);
INSERT INTO feature VALUES (50,1,24058,24183,913.0000,1,1,'tblastn',235,358,'MMNRAMPB',NULL,NULL);
INSERT INTO feature VALUES (51,1,24587,24706,913.0000,1,1,'tblastn',359,473,'MMNRAMPB',NULL,NULL);
INSERT INTO feature VALUES (52,1,29081,29187,913.0000,1,1,'tblastn',474,575,'MMNRAMPB',NULL,NULL);
INSERT INTO feature VALUES (53,1,30084,30154,913.0000,1,1,'tblastn',576,641,'MMNRAMPB',NULL,NULL);
INSERT INTO feature VALUES (54,1,30258,30327,913.0000,1,1,'tblastn',642,711,'MMNRAMPB',NULL,NULL);
INSERT INTO feature VALUES (55,1,32592,32615,913.0000,1,1,'tblastn',712,735,'MMNRAMPB',NULL,NULL);
INSERT INTO feature VALUES (56,1,32622,32681,747.0000,1,1,'tblastn',799,858,'MMNRAMPB',NULL,NULL);
INSERT INTO feature VALUES (57,1,33716,33874,747.0000,1,1,'tblastn',859,1015,'MMNRAMPB',NULL,NULL);
INSERT INTO feature VALUES (58,1,34872,34958,747.0000,1,1,'tblastn',1016,1097,'MMNRAMPB',NULL,NULL);
INSERT INTO feature VALUES (59,1,36571,36685,747.0000,1,1,'tblastn',1098,1212,'MMNRAMPB',NULL,NULL);
INSERT INTO feature VALUES (60,1,37131,37175,747.0000,1,1,'tblastn',1213,1257,'MMNRAMPB',NULL,NULL);
INSERT INTO feature VALUES (61,1,37203,37310,697.0000,1,1,'tblastn',1255,1360,'MMNRAMPB',NULL,NULL);
INSERT INTO feature VALUES (62,1,37828,37901,697.0000,1,1,'tblastn',1361,1429,'MMNRAMPB',NULL,NULL);
INSERT INTO feature VALUES (63,1,38552,38700,697.0000,1,1,'tblastn',1430,1578,'MMNRAMPB',NULL,NULL);
INSERT INTO feature VALUES (64,1,41063,41173,697.0000,1,1,'tblastn',1579,1687,'MMNRAMPB',NULL,NULL);
INSERT INTO feature VALUES (65,1,20962,21021,910.0000,1,1,'tblastn',182,241,'AF029758',NULL,NULL);
INSERT INTO feature VALUES (66,1,24058,24183,910.0000,1,1,'tblastn',242,365,'AF029758',NULL,NULL);
INSERT INTO feature VALUES (67,1,24587,24706,910.0000,1,1,'tblastn',366,480,'AF029758',NULL,NULL);
INSERT INTO feature VALUES (68,1,29081,29187,910.0000,1,1,'tblastn',481,582,'AF029758',NULL,NULL);
INSERT INTO feature VALUES (69,1,30084,30154,910.0000,1,1,'tblastn',583,648,'AF029758',NULL,NULL);
INSERT INTO feature VALUES (70,1,30258,30327,910.0000,1,1,'tblastn',649,718,'AF029758',NULL,NULL);
INSERT INTO feature VALUES (71,1,32592,32615,910.0000,1,1,'tblastn',719,742,'AF029758',NULL,NULL);
INSERT INTO feature VALUES (72,1,32622,32681,747.0000,1,1,'tblastn',806,865,'AF029758',NULL,NULL);
INSERT INTO feature VALUES (73,1,33716,33874,747.0000,1,1,'tblastn',866,1022,'AF029758',NULL,NULL);
INSERT INTO feature VALUES (74,1,34872,34958,747.0000,1,1,'tblastn',1023,1104,'AF029758',NULL,NULL);
INSERT INTO feature VALUES (75,1,36571,36685,747.0000,1,1,'tblastn',1105,1219,'AF029758',NULL,NULL);
INSERT INTO feature VALUES (76,1,37131,37175,747.0000,1,1,'tblastn',1220,1264,'AF029758',NULL,NULL);
INSERT INTO feature VALUES (77,1,37203,37310,737.0000,1,1,'tblastn',1262,1367,'AF029758',NULL,NULL);
INSERT INTO feature VALUES (78,1,37828,37901,737.0000,1,1,'tblastn',1368,1436,'AF029758',NULL,NULL);
INSERT INTO feature VALUES (79,1,38552,38700,737.0000,1,1,'tblastn',1437,1585,'AF029758',NULL,NULL);
INSERT INTO feature VALUES (80,1,41063,41173,737.0000,1,1,'tblastn',1586,1694,'AF029758',NULL,NULL);
INSERT INTO feature VALUES (81,1,20962,21021,907.0000,1,1,'tblastn',219,278,'AF008439',NULL,NULL);
INSERT INTO feature VALUES (82,1,24058,24183,907.0000,1,1,'tblastn',279,402,'AF008439',NULL,NULL);
INSERT INTO feature VALUES (83,1,24587,24706,907.0000,1,1,'tblastn',403,517,'AF008439',NULL,NULL);
INSERT INTO feature VALUES (84,1,29081,29187,907.0000,1,1,'tblastn',518,619,'AF008439',NULL,NULL);
INSERT INTO feature VALUES (85,1,30084,30154,907.0000,1,1,'tblastn',620,685,'AF008439',NULL,NULL);
INSERT INTO feature VALUES (86,1,30258,30327,907.0000,1,1,'tblastn',686,755,'AF008439',NULL,NULL);
INSERT INTO feature VALUES (87,1,32592,32615,907.0000,1,1,'tblastn',756,779,'AF008439',NULL,NULL);
INSERT INTO feature VALUES (88,1,32619,32681,751.0000,1,1,'tblastn',840,902,'AF008439',NULL,NULL);
INSERT INTO feature VALUES (89,1,33716,33874,751.0000,1,1,'tblastn',903,1059,'AF008439',NULL,NULL);
INSERT INTO feature VALUES (90,1,34872,34958,751.0000,1,1,'tblastn',1060,1141,'AF008439',NULL,NULL);
INSERT INTO feature VALUES (91,1,36571,36685,751.0000,1,1,'tblastn',1142,1256,'AF008439',NULL,NULL);
INSERT INTO feature VALUES (92,1,37131,37175,751.0000,1,1,'tblastn',1257,1301,'AF008439',NULL,NULL);
INSERT INTO feature VALUES (93,1,37203,37310,742.0000,1,1,'tblastn',1299,1404,'AF008439',NULL,NULL);
INSERT INTO feature VALUES (94,1,37828,37901,742.0000,1,1,'tblastn',1405,1473,'AF008439',NULL,NULL);
INSERT INTO feature VALUES (95,1,38552,38700,742.0000,1,1,'tblastn',1474,1622,'AF008439',NULL,NULL);
INSERT INTO feature VALUES (96,1,41063,41173,742.0000,1,1,'tblastn',1623,1731,'AF008439',NULL,NULL);
INSERT INTO feature VALUES (97,1,20962,21021,907.0000,1,1,'tblastn',115,174,'AF029757',NULL,NULL);
INSERT INTO feature VALUES (98,1,24058,24183,907.0000,1,1,'tblastn',175,298,'AF029757',NULL,NULL);
INSERT INTO feature VALUES (99,1,24587,24706,907.0000,1,1,'tblastn',299,413,'AF029757',NULL,NULL);
INSERT INTO feature VALUES (100,1,29081,29187,907.0000,1,1,'tblastn',414,515,'AF029757',NULL,NULL);
INSERT INTO feature VALUES (101,1,30084,30154,907.0000,1,1,'tblastn',516,581,'AF029757',NULL,NULL);
INSERT INTO feature VALUES (102,1,30258,30327,907.0000,1,1,'tblastn',582,651,'AF029757',NULL,NULL);
INSERT INTO feature VALUES (103,1,32592,32615,907.0000,1,1,'tblastn',652,675,'AF029757',NULL,NULL);
INSERT INTO feature VALUES (104,1,32619,32681,751.0000,1,1,'tblastn',736,798,'AF029757',NULL,NULL);
INSERT INTO feature VALUES (105,1,33716,33874,751.0000,1,1,'tblastn',799,955,'AF029757',NULL,NULL);
INSERT INTO feature VALUES (106,1,34872,34958,751.0000,1,1,'tblastn',956,1037,'AF029757',NULL,NULL);
INSERT INTO feature VALUES (107,1,36571,36685,751.0000,1,1,'tblastn',1038,1152,'AF029757',NULL,NULL);
INSERT INTO feature VALUES (108,1,37131,37175,751.0000,1,1,'tblastn',1153,1197,'AF029757',NULL,NULL);
INSERT INTO feature VALUES (109,1,37203,37310,703.0000,1,1,'tblastn',1195,1300,'AF029757',NULL,NULL);
INSERT INTO feature VALUES (110,1,37828,37901,703.0000,1,1,'tblastn',1301,1369,'AF029757',NULL,NULL);
INSERT INTO feature VALUES (111,1,38552,38700,703.0000,1,1,'tblastn',1370,1518,'AF029757',NULL,NULL);
INSERT INTO feature VALUES (112,1,41063,41173,703.0000,1,1,'tblastn',1519,1627,'AF029757',NULL,NULL);
INSERT INTO feature VALUES (113,1,24061,24183,839.0000,1,1,'tblastn',16,136,'HSNRAMP21',NULL,NULL);
INSERT INTO feature VALUES (114,1,24587,24706,839.0000,1,1,'tblastn',137,251,'HSNRAMP21',NULL,NULL);
INSERT INTO feature VALUES (115,1,29081,29187,839.0000,1,1,'tblastn',252,353,'HSNRAMP21',NULL,NULL);
INSERT INTO feature VALUES (116,1,30084,30154,839.0000,1,1,'tblastn',354,419,'HSNRAMP21',NULL,NULL);
INSERT INTO feature VALUES (117,1,30258,30327,839.0000,1,1,'tblastn',420,489,'HSNRAMP21',NULL,NULL);
INSERT INTO feature VALUES (118,1,32592,32615,839.0000,1,1,'tblastn',490,513,'HSNRAMP21',NULL,NULL);
INSERT INTO feature VALUES (119,1,32619,32681,795.0000,1,1,'tblastn',574,636,'HSNRAMP21',NULL,NULL);
INSERT INTO feature VALUES (120,1,33716,33874,795.0000,1,1,'tblastn',637,793,'HSNRAMP21',NULL,NULL);
INSERT INTO feature VALUES (121,1,34872,34958,795.0000,1,1,'tblastn',794,875,'HSNRAMP21',NULL,NULL);
INSERT INTO feature VALUES (122,1,36571,36685,795.0000,1,1,'tblastn',876,990,'HSNRAMP21',NULL,NULL);
INSERT INTO feature VALUES (123,1,37131,37175,795.0000,1,1,'tblastn',991,1035,'HSNRAMP21',NULL,NULL);
INSERT INTO feature VALUES (124,1,37203,37310,798.0000,1,1,'tblastn',1033,1138,'HSNRAMP21',NULL,NULL);
INSERT INTO feature VALUES (125,1,37828,37901,798.0000,1,1,'tblastn',1139,1207,'HSNRAMP21',NULL,NULL);
INSERT INTO feature VALUES (126,1,38552,38700,798.0000,1,1,'tblastn',1208,1356,'HSNRAMP21',NULL,NULL);
INSERT INTO feature VALUES (127,1,41063,41173,798.0000,1,1,'tblastn',1357,1465,'HSNRAMP21',NULL,NULL);
INSERT INTO feature VALUES (128,1,3573,3578,827.0000,1,1,'tblastn',94,99,'AF048761',NULL,NULL);
INSERT INTO feature VALUES (129,1,12017,12041,827.0000,1,1,'tblastn',100,122,'AF048761',NULL,NULL);
INSERT INTO feature VALUES (130,1,20958,21021,827.0000,1,1,'tblastn',123,186,'AF048761',NULL,NULL);
INSERT INTO feature VALUES (131,1,24058,24183,827.0000,1,1,'tblastn',187,310,'AF048761',NULL,NULL);
INSERT INTO feature VALUES (132,1,24587,24706,827.0000,1,1,'tblastn',311,425,'AF048761',NULL,NULL);
INSERT INTO feature VALUES (133,1,29081,29187,827.0000,1,1,'tblastn',426,527,'AF048761',NULL,NULL);
INSERT INTO feature VALUES (134,1,30084,30154,827.0000,1,1,'tblastn',528,593,'AF048761',NULL,NULL);
INSERT INTO feature VALUES (135,1,30258,30327,827.0000,1,1,'tblastn',594,663,'AF048761',NULL,NULL);
INSERT INTO feature VALUES (136,1,32592,32660,827.0000,1,1,'tblastn',664,732,'AF048761',NULL,NULL);
INSERT INTO feature VALUES (137,1,32625,32681,624.0000,1,1,'tblastn',754,810,'AF048761',NULL,NULL);
INSERT INTO feature VALUES (138,1,33716,33874,624.0000,1,1,'tblastn',811,967,'AF048761',NULL,NULL);
INSERT INTO feature VALUES (139,1,34872,34958,624.0000,1,1,'tblastn',968,1049,'AF048761',NULL,NULL);
INSERT INTO feature VALUES (140,1,36571,36685,624.0000,1,1,'tblastn',1050,1164,'AF048761',NULL,NULL);
INSERT INTO feature VALUES (141,1,37131,37175,624.0000,1,1,'tblastn',1165,1209,'AF048761',NULL,NULL);
INSERT INTO feature VALUES (142,1,37203,37310,572.0000,1,1,'tblastn',1207,1312,'AF048761',NULL,NULL);
INSERT INTO feature VALUES (143,1,37828,37901,572.0000,1,1,'tblastn',1313,1381,'AF048761',NULL,NULL);
INSERT INTO feature VALUES (144,1,38552,38700,572.0000,1,1,'tblastn',1382,1530,'AF048761',NULL,NULL);
INSERT INTO feature VALUES (145,1,41063,41161,572.0000,1,1,'tblastn',1531,1629,'AF048761',NULL,NULL);
INSERT INTO feature VALUES (146,1,20959,21021,804.0000,1,1,'tblastn',131,193,'AF048760',NULL,NULL);
INSERT INTO feature VALUES (147,1,24058,24183,804.0000,1,1,'tblastn',194,317,'AF048760',NULL,NULL);
INSERT INTO feature VALUES (148,1,24587,24706,804.0000,1,1,'tblastn',318,432,'AF048760',NULL,NULL);
INSERT INTO feature VALUES (149,1,29081,29187,804.0000,1,1,'tblastn',433,534,'AF048760',NULL,NULL);
INSERT INTO feature VALUES (150,1,30084,30154,804.0000,1,1,'tblastn',535,600,'AF048760',NULL,NULL);
INSERT INTO feature VALUES (151,1,30258,30327,804.0000,1,1,'tblastn',601,670,'AF048760',NULL,NULL);
INSERT INTO feature VALUES (152,1,32592,32660,804.0000,1,1,'tblastn',671,739,'AF048760',NULL,NULL);
INSERT INTO feature VALUES (153,1,32622,32681,623.0000,1,1,'tblastn',758,817,'AF048760',NULL,NULL);
INSERT INTO feature VALUES (154,1,33716,33874,623.0000,1,1,'tblastn',818,974,'AF048760',NULL,NULL);
INSERT INTO feature VALUES (155,1,34872,34958,623.0000,1,1,'tblastn',975,1056,'AF048760',NULL,NULL);
INSERT INTO feature VALUES (156,1,36571,36685,623.0000,1,1,'tblastn',1057,1171,'AF048760',NULL,NULL);
INSERT INTO feature VALUES (157,1,37131,37175,623.0000,1,1,'tblastn',1172,1216,'AF048760',NULL,NULL);
INSERT INTO feature VALUES (158,1,37203,37310,555.0000,1,1,'tblastn',1214,1319,'AF048760',NULL,NULL);
INSERT INTO feature VALUES (159,1,37828,37901,555.0000,1,1,'tblastn',1320,1388,'AF048760',NULL,NULL);
INSERT INTO feature VALUES (160,1,38552,38700,555.0000,1,1,'tblastn',1389,1537,'AF048760',NULL,NULL);
INSERT INTO feature VALUES (161,1,41063,41161,555.0000,1,1,'tblastn',1538,1636,'AF048760',NULL,NULL);
INSERT INTO feature VALUES (162,1,24130,24183,665.0000,1,1,'tblastn',1,52,'AF054808',NULL,NULL);
INSERT INTO feature VALUES (163,1,24587,24706,665.0000,1,1,'tblastn',53,167,'AF054808',NULL,NULL);
INSERT INTO feature VALUES (164,1,29081,29187,665.0000,1,1,'tblastn',168,269,'AF054808',NULL,NULL);
INSERT INTO feature VALUES (165,1,30084,30154,665.0000,1,1,'tblastn',270,335,'AF054808',NULL,NULL);
INSERT INTO feature VALUES (166,1,30258,30327,665.0000,1,1,'tblastn',336,405,'AF054808',NULL,NULL);
INSERT INTO feature VALUES (167,1,32592,32660,665.0000,1,1,'tblastn',406,474,'AF054808',NULL,NULL);
INSERT INTO feature VALUES (168,1,20992,21021,743.0000,1,1,'tblastn',171,200,'MMNRAMP',NULL,NULL);
INSERT INTO feature VALUES (169,1,24058,24183,743.0000,1,1,'tblastn',201,324,'MMNRAMP',NULL,NULL);
INSERT INTO feature VALUES (170,1,24587,24706,743.0000,1,1,'tblastn',325,439,'MMNRAMP',NULL,NULL);
INSERT INTO feature VALUES (171,1,29081,29187,743.0000,1,1,'tblastn',440,541,'MMNRAMP',NULL,NULL);
INSERT INTO feature VALUES (172,1,30084,30154,743.0000,1,1,'tblastn',542,607,'MMNRAMP',NULL,NULL);
INSERT INTO feature VALUES (173,1,30258,30327,743.0000,1,1,'tblastn',608,677,'MMNRAMP',NULL,NULL);
INSERT INTO feature VALUES (174,1,32592,32615,743.0000,1,1,'tblastn',678,701,'MMNRAMP',NULL,NULL);
INSERT INTO feature VALUES (175,1,37203,37310,409.0000,1,1,'tblastn',1224,1329,'MMNRAMP',NULL,NULL);
INSERT INTO feature VALUES (176,1,37828,37901,409.0000,1,1,'tblastn',1330,1398,'MMNRAMP',NULL,NULL);
INSERT INTO feature VALUES (177,1,38552,38700,409.0000,1,1,'tblastn',1399,1547,'MMNRAMP',NULL,NULL);
INSERT INTO feature VALUES (178,1,41063,41173,409.0000,1,1,'tblastn',1548,1656,'MMNRAMP',NULL,NULL);
INSERT INTO feature VALUES (179,1,37203,37310,409.0000,1,1,'tblastn',1243,1348,'MUSNRAMP',NULL,NULL);
INSERT INTO feature VALUES (180,1,37828,37901,409.0000,1,1,'tblastn',1349,1417,'MUSNRAMP',NULL,NULL);
INSERT INTO feature VALUES (181,1,38552,38700,409.0000,1,1,'tblastn',1418,1566,'MUSNRAMP',NULL,NULL);
INSERT INTO feature VALUES (182,1,41063,41173,409.0000,1,1,'tblastn',1567,1675,'MUSNRAMP',NULL,NULL);
INSERT INTO feature VALUES (183,1,20992,21021,753.0000,1,1,'tblastn',102,131,'CEAF5379',NULL,NULL);
INSERT INTO feature VALUES (184,1,24058,24183,753.0000,1,1,'tblastn',132,255,'CEAF5379',NULL,NULL);
INSERT INTO feature VALUES (185,1,24587,24706,753.0000,1,1,'tblastn',256,370,'CEAF5379',NULL,NULL);
INSERT INTO feature VALUES (186,1,29081,29187,753.0000,1,1,'tblastn',371,472,'CEAF5379',NULL,NULL);
INSERT INTO feature VALUES (187,1,30084,30154,753.0000,1,1,'tblastn',473,538,'CEAF5379',NULL,NULL);
INSERT INTO feature VALUES (188,1,30258,30327,753.0000,1,1,'tblastn',539,608,'CEAF5379',NULL,NULL);
INSERT INTO feature VALUES (189,1,32592,32639,753.0000,1,1,'tblastn',609,656,'CEAF5379',NULL,NULL);
INSERT INTO feature VALUES (190,1,32619,32681,305.0000,1,1,'tblastn',693,755,'CEAF5379',NULL,NULL);
INSERT INTO feature VALUES (191,1,33716,33874,305.0000,1,1,'tblastn',756,912,'CEAF5379',NULL,NULL);
INSERT INTO feature VALUES (192,1,34872,34930,305.0000,1,1,'tblastn',913,971,'CEAF5379',NULL,NULL);
INSERT INTO feature VALUES (193,1,37203,37310,413.0000,1,1,'tblastn',1155,1260,'CEAF5379',NULL,NULL);
INSERT INTO feature VALUES (194,1,37828,37901,413.0000,1,1,'tblastn',1261,1329,'CEAF5379',NULL,NULL);
INSERT INTO feature VALUES (195,1,38552,38700,413.0000,1,1,'tblastn',1330,1478,'CEAF5379',NULL,NULL);
INSERT INTO feature VALUES (196,1,41063,41173,413.0000,1,1,'tblastn',1479,1587,'CEAF5379',NULL,NULL);
INSERT INTO feature VALUES (197,1,20992,21021,744.0000,1,1,'tblastn',284,313,'HSNRAMP11',NULL,NULL);
INSERT INTO feature VALUES (198,1,24058,24183,744.0000,1,1,'tblastn',314,437,'HSNRAMP11',NULL,NULL);
INSERT INTO feature VALUES (199,1,24587,24706,744.0000,1,1,'tblastn',438,552,'HSNRAMP11',NULL,NULL);
INSERT INTO feature VALUES (200,1,29081,29187,744.0000,1,1,'tblastn',553,654,'HSNRAMP11',NULL,NULL);
INSERT INTO feature VALUES (201,1,30084,30154,744.0000,1,1,'tblastn',655,720,'HSNRAMP11',NULL,NULL);
INSERT INTO feature VALUES (202,1,30258,30327,744.0000,1,1,'tblastn',721,790,'HSNRAMP11',NULL,NULL);
INSERT INTO feature VALUES (203,1,32592,32639,744.0000,1,1,'tblastn',791,838,'HSNRAMP11',NULL,NULL);
INSERT INTO feature VALUES (204,1,37203,37310,417.0000,1,1,'tblastn',1337,1442,'HSNRAMP11',NULL,NULL);
INSERT INTO feature VALUES (205,1,37828,37901,417.0000,1,1,'tblastn',1443,1511,'HSNRAMP11',NULL,NULL);
INSERT INTO feature VALUES (206,1,38552,38700,417.0000,1,1,'tblastn',1512,1660,'HSNRAMP11',NULL,NULL);
INSERT INTO feature VALUES (207,1,41063,41173,417.0000,1,1,'tblastn',1661,1769,'HSNRAMP11',NULL,NULL);
INSERT INTO feature VALUES (208,1,20992,21021,744.0000,1,1,'tblastn',195,224,'HSNRAMP22',NULL,NULL);
INSERT INTO feature VALUES (209,1,24058,24183,744.0000,1,1,'tblastn',225,348,'HSNRAMP22',NULL,NULL);
INSERT INTO feature VALUES (210,1,24587,24706,744.0000,1,1,'tblastn',349,463,'HSNRAMP22',NULL,NULL);
INSERT INTO feature VALUES (211,1,29081,29187,744.0000,1,1,'tblastn',464,565,'HSNRAMP22',NULL,NULL);
INSERT INTO feature VALUES (212,1,30084,30154,744.0000,1,1,'tblastn',566,631,'HSNRAMP22',NULL,NULL);
INSERT INTO feature VALUES (213,1,30258,30327,744.0000,1,1,'tblastn',632,701,'HSNRAMP22',NULL,NULL);
INSERT INTO feature VALUES (214,1,32592,32639,744.0000,1,1,'tblastn',702,749,'HSNRAMP22',NULL,NULL);
INSERT INTO feature VALUES (215,1,37203,37310,417.0000,1,1,'tblastn',1248,1353,'HSNRAMP22',NULL,NULL);
INSERT INTO feature VALUES (216,1,37828,37901,417.0000,1,1,'tblastn',1354,1422,'HSNRAMP22',NULL,NULL);
INSERT INTO feature VALUES (217,1,38552,38700,417.0000,1,1,'tblastn',1423,1571,'HSNRAMP22',NULL,NULL);
INSERT INTO feature VALUES (218,1,41063,41173,417.0000,1,1,'tblastn',1572,1680,'HSNRAMP22',NULL,NULL);
INSERT INTO feature VALUES (219,1,20992,21021,744.0000,1,1,'tblastn',185,214,'HSNRAMP3',NULL,NULL);
INSERT INTO feature VALUES (220,1,24058,24183,744.0000,1,1,'tblastn',215,338,'HSNRAMP3',NULL,NULL);
INSERT INTO feature VALUES (221,1,24587,24706,744.0000,1,1,'tblastn',339,453,'HSNRAMP3',NULL,NULL);
INSERT INTO feature VALUES (222,1,29081,29187,744.0000,1,1,'tblastn',454,555,'HSNRAMP3',NULL,NULL);
INSERT INTO feature VALUES (223,1,30084,30154,744.0000,1,1,'tblastn',556,621,'HSNRAMP3',NULL,NULL);
INSERT INTO feature VALUES (224,1,30258,30327,744.0000,1,1,'tblastn',622,691,'HSNRAMP3',NULL,NULL);
INSERT INTO feature VALUES (225,1,32592,32639,744.0000,1,1,'tblastn',692,739,'HSNRAMP3',NULL,NULL);
INSERT INTO feature VALUES (226,1,37203,37310,419.0000,1,1,'tblastn',1226,1331,'BAU27105',NULL,NULL);
INSERT INTO feature VALUES (227,1,37828,37901,419.0000,1,1,'tblastn',1332,1400,'BAU27105',NULL,NULL);
INSERT INTO feature VALUES (228,1,38552,38700,419.0000,1,1,'tblastn',1401,1549,'BAU27105',NULL,NULL);
INSERT INTO feature VALUES (229,1,41063,41173,419.0000,1,1,'tblastn',1550,1658,'BAU27105',NULL,NULL);
INSERT INTO feature VALUES (230,1,20992,21021,750.0000,1,1,'tblastn',121,150,'OAAF5380',NULL,NULL);
INSERT INTO feature VALUES (231,1,24058,24183,750.0000,1,1,'tblastn',151,274,'OAAF5380',NULL,NULL);
INSERT INTO feature VALUES (232,1,24587,24706,750.0000,1,1,'tblastn',275,389,'OAAF5380',NULL,NULL);
INSERT INTO feature VALUES (233,1,29081,29187,750.0000,1,1,'tblastn',390,491,'OAAF5380',NULL,NULL);
INSERT INTO feature VALUES (234,1,30084,30154,750.0000,1,1,'tblastn',492,557,'OAAF5380',NULL,NULL);
INSERT INTO feature VALUES (235,1,30258,30327,750.0000,1,1,'tblastn',558,627,'OAAF5380',NULL,NULL);
INSERT INTO feature VALUES (236,1,32592,32639,750.0000,1,1,'tblastn',628,675,'OAAF5380',NULL,NULL);
INSERT INTO feature VALUES (237,1,37203,37310,405.0000,1,1,'tblastn',1174,1279,'OAAF5380',NULL,NULL);
INSERT INTO feature VALUES (238,1,37828,37901,405.0000,1,1,'tblastn',1280,1348,'OAAF5380',NULL,NULL);
INSERT INTO feature VALUES (239,1,38552,38700,405.0000,1,1,'tblastn',1349,1497,'OAAF5380',NULL,NULL);
INSERT INTO feature VALUES (240,1,41063,41173,405.0000,1,1,'tblastn',1498,1606,'OAAF5380',NULL,NULL);
INSERT INTO feature VALUES (241,1,37203,37310,412.0000,1,1,'tblastn',1226,1331,'BBU39614',NULL,NULL);
INSERT INTO feature VALUES (242,1,37828,37901,412.0000,1,1,'tblastn',1332,1400,'BBU39614',NULL,NULL);
INSERT INTO feature VALUES (243,1,38552,38700,412.0000,1,1,'tblastn',1401,1549,'BBU39614',NULL,NULL);
INSERT INTO feature VALUES (244,1,41063,41173,412.0000,1,1,'tblastn',1550,1658,'BBU39614',NULL,NULL);
INSERT INTO feature VALUES (245,1,20992,21021,750.0000,1,1,'tblastn',192,221,'U70255',NULL,NULL);
INSERT INTO feature VALUES (246,1,24058,24183,750.0000,1,1,'tblastn',222,345,'U70255',NULL,NULL);
INSERT INTO feature VALUES (247,1,24587,24706,750.0000,1,1,'tblastn',346,460,'U70255',NULL,NULL);
INSERT INTO feature VALUES (248,1,29081,29187,750.0000,1,1,'tblastn',461,562,'U70255',NULL,NULL);
INSERT INTO feature VALUES (249,1,30084,30154,750.0000,1,1,'tblastn',563,628,'U70255',NULL,NULL);
INSERT INTO feature VALUES (250,1,30258,30327,750.0000,1,1,'tblastn',629,698,'U70255',NULL,NULL);
INSERT INTO feature VALUES (251,1,32592,32639,750.0000,1,1,'tblastn',699,746,'U70255',NULL,NULL);
INSERT INTO feature VALUES (252,1,37203,37310,402.0000,1,1,'tblastn',1245,1350,'U70255',NULL,NULL);
INSERT INTO feature VALUES (253,1,37828,37901,402.0000,1,1,'tblastn',1351,1419,'U70255',NULL,NULL);
INSERT INTO feature VALUES (254,1,38552,38700,402.0000,1,1,'tblastn',1420,1568,'U70255',NULL,NULL);
INSERT INTO feature VALUES (255,1,41063,41173,402.0000,1,1,'tblastn',1569,1677,'U70255',NULL,NULL);
INSERT INTO feature VALUES (256,1,20992,21021,747.0000,1,1,'tblastn',152,181,'GG40598',NULL,NULL);
INSERT INTO feature VALUES (257,1,24058,24183,747.0000,1,1,'tblastn',182,305,'GG40598',NULL,NULL);
INSERT INTO feature VALUES (258,1,24587,24706,747.0000,1,1,'tblastn',306,420,'GG40598',NULL,NULL);
INSERT INTO feature VALUES (259,1,29081,29187,747.0000,1,1,'tblastn',421,522,'GG40598',NULL,NULL);
INSERT INTO feature VALUES (260,1,30084,30154,747.0000,1,1,'tblastn',523,588,'GG40598',NULL,NULL);
INSERT INTO feature VALUES (261,1,30258,30327,747.0000,1,1,'tblastn',589,658,'GG40598',NULL,NULL);
INSERT INTO feature VALUES (262,1,32592,32660,747.0000,1,1,'tblastn',659,727,'GG40598',NULL,NULL);
INSERT INTO feature VALUES (263,1,43504,43329,98.8600,-1,2,'blastn',1,176,'G05939',NULL,NULL);
INSERT INTO feature VALUES (264,1,21279,21089,98.4300,-1,2,'blastn',339,529,'L17670',NULL,NULL);
INSERT INTO feature VALUES (265,1,41179,41389,100.0000,1,2,'blastn',1,211,'G29844',NULL,NULL);
INSERT INTO feature VALUES (266,1,42917,42613,98.6900,-1,2,'blastn',1,305,'G25249',NULL,NULL);
INSERT INTO feature VALUES (267,1,42917,42613,98.6900,-1,2,'blastn',1,305,'G28084',NULL,NULL);
INSERT INTO feature VALUES (268,1,43452,43338,100.0000,-1,2,'blastn',1,115,'G20510',NULL,NULL);
INSERT INTO feature VALUES (269,1,41171,41518,100.0000,1,2,'blastn',1,348,'G26664',NULL,NULL);
INSERT INTO feature VALUES (270,1,3480,3580,-1000.0000,1,4,'genscan',-1,-1,'__NONE__',NULL,NULL);
INSERT INTO feature VALUES (271,1,12017,12041,-1000.0000,1,4,'genscan',-1,-1,'__NONE__',NULL,NULL);
INSERT INTO feature VALUES (272,1,20958,21026,-1000.0000,1,4,'genscan',-1,-1,'__NONE__',NULL,NULL);
INSERT INTO feature VALUES (273,1,24058,24183,-1000.0000,1,4,'genscan',-1,-1,'__NONE__',NULL,NULL);
INSERT INTO feature VALUES (274,1,24587,24706,-1000.0000,1,4,'genscan',-1,-1,'__NONE__',NULL,NULL);
INSERT INTO feature VALUES (275,1,29081,29187,-1000.0000,1,4,'genscan',-1,-1,'__NONE__',NULL,NULL);
INSERT INTO feature VALUES (276,1,30084,30154,-1000.0000,1,4,'genscan',-1,-1,'__NONE__',NULL,NULL);
INSERT INTO feature VALUES (277,1,30258,30332,-1000.0000,1,4,'genscan',-1,-1,'__NONE__',NULL,NULL);
INSERT INTO feature VALUES (278,1,32592,32683,-1000.0000,1,4,'genscan',-1,-1,'__NONE__',NULL,NULL);
INSERT INTO feature VALUES (279,1,33716,33874,-1000.0000,1,4,'genscan',-1,-1,'__NONE__',NULL,NULL);
INSERT INTO feature VALUES (280,1,34872,34958,-1000.0000,1,4,'genscan',-1,-1,'__NONE__',NULL,NULL);
INSERT INTO feature VALUES (281,1,36571,36690,-1000.0000,1,4,'genscan',-1,-1,'__NONE__',NULL,NULL);
INSERT INTO feature VALUES (282,1,37131,37310,-1000.0000,1,4,'genscan',-1,-1,'__NONE__',NULL,NULL);
INSERT INTO feature VALUES (283,1,37828,37901,-1000.0000,1,4,'genscan',-1,-1,'__NONE__',NULL,NULL);
INSERT INTO feature VALUES (284,1,38552,38705,-1000.0000,1,4,'genscan',-1,-1,'__NONE__',NULL,NULL);
INSERT INTO feature VALUES (285,1,41063,41173,-1000.0000,1,4,'genscan',-1,-1,'__NONE__',NULL,NULL);

#
# Dumping data for table 'fset'
#

INSERT INTO fset VALUES (1,-1000.0000);

#
# Dumping data for table 'fset_feature'
#

INSERT INTO fset_feature VALUES (270,1,1);
INSERT INTO fset_feature VALUES (271,1,2);
INSERT INTO fset_feature VALUES (272,1,3);
INSERT INTO fset_feature VALUES (273,1,4);
INSERT INTO fset_feature VALUES (274,1,5);
INSERT INTO fset_feature VALUES (275,1,6);
INSERT INTO fset_feature VALUES (276,1,7);
INSERT INTO fset_feature VALUES (277,1,8);
INSERT INTO fset_feature VALUES (278,1,9);
INSERT INTO fset_feature VALUES (279,1,10);
INSERT INTO fset_feature VALUES (280,1,11);
INSERT INTO fset_feature VALUES (281,1,12);
INSERT INTO fset_feature VALUES (282,1,13);
INSERT INTO fset_feature VALUES (283,1,14);
INSERT INTO fset_feature VALUES (284,1,15);
INSERT INTO fset_feature VALUES (285,1,16);

#
# Dumping data for table 'gene'
#

INSERT INTO gene VALUES ('ENSG00000008215',1,'1970-01-01 01:00:00','1970-01-01 01:00:00','2000-07-14 00:24:42');
INSERT INTO gene VALUES ('ENSG00000008216',1,'1970-01-01 01:00:00','1970-01-01 01:00:00','2000-07-14 00:24:42');
INSERT INTO gene VALUES ('ENSG00000008217',1,'1970-01-01 01:00:00','1970-01-01 01:00:00','2000-07-14 00:24:43');

#
# Dumping data for table 'genedblink'
#


#
# Dumping data for table 'genetype'
#

INSERT INTO genetype VALUES ('ENSG00000008215','ensembl');
INSERT INTO genetype VALUES ('ENSG00000008216','ensembl');
INSERT INTO genetype VALUES ('ENSG00000008217','ensembl');

#
# Dumping data for table 'ghost'
#


#
# Dumping data for table 'meta'
#


#
# Dumping data for table 'repeat_feature'
#

INSERT INTO repeat_feature VALUES (1,1,2162,2318,1885.0000,-1,3,153,291,'Motif:AluJb');
INSERT INTO repeat_feature VALUES (2,1,2319,2613,2459.0000,-1,3,1,296,'Motif:AluSp');
INSERT INTO repeat_feature VALUES (3,1,2614,2760,1885.0000,-1,3,1,153,'Motif:AluJb');
INSERT INTO repeat_feature VALUES (4,1,4066,4207,321.0000,1,3,72,217,'Motif:MIR');
INSERT INTO repeat_feature VALUES (5,1,4830,5107,1799.0000,-1,3,1,308,'Motif:AluSq');
INSERT INTO repeat_feature VALUES (6,1,5517,5726,1203.0000,-1,3,70,281,'Motif:AluJb');
INSERT INTO repeat_feature VALUES (7,1,6037,6341,1875.0000,-1,3,1,306,'Motif:AluJb');
INSERT INTO repeat_feature VALUES (8,1,7078,7215,798.0000,-1,3,1,132,'Motif:FLAM_C');
INSERT INTO repeat_feature VALUES (9,1,7864,8160,2223.0000,-1,3,1,296,'Motif:AluSx');
INSERT INTO repeat_feature VALUES (10,1,8235,8404,1700.0000,1,3,11,146,'Motif:MER2');
INSERT INTO repeat_feature VALUES (11,1,8405,8682,1622.0000,-1,3,1,291,'Motif:AluJo');
INSERT INTO repeat_feature VALUES (12,1,8683,8870,1700.0000,1,3,146,345,'Motif:MER2');
INSERT INTO repeat_feature VALUES (13,1,9207,9447,947.0000,1,3,61,300,'Motif:AluJo');
INSERT INTO repeat_feature VALUES (14,1,9559,9858,2129.0000,1,3,1,303,'Motif:AluJb');
INSERT INTO repeat_feature VALUES (15,1,10714,10990,1413.0000,-1,3,1,307,'Motif:AluJb');
INSERT INTO repeat_feature VALUES (16,1,11080,11390,2259.0000,-1,3,1,313,'Motif:AluSq');
INSERT INTO repeat_feature VALUES (17,1,11528,11576,296.0000,-1,3,7927,7975,'Motif:L1MC4');
INSERT INTO repeat_feature VALUES (18,1,12145,12406,356.0000,-1,3,5612,5874,'Motif:L1ME3A');
INSERT INTO repeat_feature VALUES (19,1,12482,12805,2473.0000,-1,3,288,306,'Motif:AluSq');
INSERT INTO repeat_feature VALUES (20,1,12806,13100,2079.0000,-1,3,1,296,'Motif:AluSg');
INSERT INTO repeat_feature VALUES (21,1,13101,13383,2473.0000,-1,3,1,288,'Motif:AluSq');
INSERT INTO repeat_feature VALUES (22,1,13420,13616,1467.0000,1,3,1,197,'Motif:AluY');
INSERT INTO repeat_feature VALUES (23,1,13990,14309,2273.0000,-1,3,1,311,'Motif:AluSx');
INSERT INTO repeat_feature VALUES (24,1,14328,14624,2276.0000,-1,3,1,295,'Motif:AluSx');
INSERT INTO repeat_feature VALUES (25,1,14627,14933,2161.0000,-1,3,1,306,'Motif:AluSx');
INSERT INTO repeat_feature VALUES (26,1,15262,15366,750.0000,1,3,1,104,'Motif:U6');
INSERT INTO repeat_feature VALUES (27,1,15384,15678,2382.0000,1,3,3,297,'Motif:AluSx');
INSERT INTO repeat_feature VALUES (28,1,15748,15916,1003.0000,-1,3,130,299,'Motif:AluJb');
INSERT INTO repeat_feature VALUES (29,1,15991,16210,1559.0000,1,3,86,298,'Motif:AluSq');
INSERT INTO repeat_feature VALUES (30,1,17641,17948,2297.0000,1,3,1,309,'Motif:AluSg');
INSERT INTO repeat_feature VALUES (31,1,18074,18356,2012.0000,1,3,1,284,'Motif:AluY');
INSERT INTO repeat_feature VALUES (32,1,18440,18501,433.0000,-1,3,1,63,'Motif:U7');
INSERT INTO repeat_feature VALUES (33,1,18971,19262,2132.0000,-1,3,5,300,'Motif:AluSx');
INSERT INTO repeat_feature VALUES (34,1,19283,19601,2027.0000,-1,3,3,313,'Motif:AluSq');
INSERT INTO repeat_feature VALUES (35,1,21287,21527,1384.0000,-1,3,54,289,'Motif:AluJo');
INSERT INTO repeat_feature VALUES (36,1,21571,21861,1893.0000,1,3,14,304,'Motif:AluJb');
INSERT INTO repeat_feature VALUES (37,1,21864,22162,2301.0000,1,3,1,299,'Motif:AluSx');
INSERT INTO repeat_feature VALUES (38,1,22186,22452,3340.0000,-1,3,705,980,'Motif:MER4D');
INSERT INTO repeat_feature VALUES (39,1,22453,22741,1498.0000,1,3,3,312,'Motif:AluJo');
INSERT INTO repeat_feature VALUES (40,1,22742,23118,3340.0000,-1,3,358,705,'Motif:MER4D');
INSERT INTO repeat_feature VALUES (41,1,23117,23167,1284.0000,-1,3,183,234,'Motif:MER4D');
INSERT INTO repeat_feature VALUES (42,1,23168,23482,2165.0000,-1,3,1,310,'Motif:AluSp');
INSERT INTO repeat_feature VALUES (43,1,23483,23669,1284.0000,-1,3,5,183,'Motif:MER4D');
INSERT INTO repeat_feature VALUES (44,1,23675,23714,225.0000,-1,3,145,185,'Motif:Alu');
INSERT INTO repeat_feature VALUES (45,1,25383,25478,658.0000,1,3,6201,6297,'Motif:L1MA3');
INSERT INTO repeat_feature VALUES (46,1,25525,25847,1823.0000,-1,3,1,311,'Motif:AluJo');
INSERT INTO repeat_feature VALUES (47,1,25914,26237,1941.0000,-1,3,1,310,'Motif:AluSx');
INSERT INTO repeat_feature VALUES (48,1,26241,26537,2380.0000,-1,3,1,298,'Motif:AluSg');
INSERT INTO repeat_feature VALUES (49,1,26549,26833,2276.0000,-1,3,1,285,'Motif:AluSg');
INSERT INTO repeat_feature VALUES (50,1,26840,27148,2308.0000,-1,3,1,309,'Motif:AluSx');
INSERT INTO repeat_feature VALUES (51,1,27151,27429,1651.0000,-1,3,11,289,'Motif:AluJb');
INSERT INTO repeat_feature VALUES (52,1,27663,27831,823.0000,-1,3,120,288,'Motif:AluJ');
INSERT INTO repeat_feature VALUES (53,1,27916,27978,405.0000,-1,3,481,545,'Motif:MER41B');
INSERT INTO repeat_feature VALUES (54,1,27979,28178,1480.0000,-1,3,5929,6128,'Motif:L1PA14');
INSERT INTO repeat_feature VALUES (55,1,28179,28309,857.0000,-1,3,1,135,'Motif:AluJ');
INSERT INTO repeat_feature VALUES (56,1,28320,28616,2466.0000,-1,3,1,298,'Motif:AluSx');
INSERT INTO repeat_feature VALUES (57,1,29463,29776,2195.0000,-1,3,1,312,'Motif:AluSx');
INSERT INTO repeat_feature VALUES (58,1,31116,31423,1875.0000,-1,3,1,305,'Motif:AluSx');
INSERT INTO repeat_feature VALUES (59,1,31482,31792,2218.0000,-1,3,1,312,'Motif:AluSx');
INSERT INTO repeat_feature VALUES (60,1,31793,32080,1670.0000,-1,3,1,310,'Motif:AluJo');
INSERT INTO repeat_feature VALUES (61,1,32262,32418,878.0000,1,3,134,296,'Motif:AluJb');
INSERT INTO repeat_feature VALUES (62,1,32900,33206,2156.0000,-1,3,1,304,'Motif:AluSx');
INSERT INTO repeat_feature VALUES (63,1,34187,34474,2168.0000,-1,3,1,290,'Motif:AluSx');
INSERT INTO repeat_feature VALUES (64,1,35156,35465,2161.0000,1,3,1,303,'Motif:AluSx');
INSERT INTO repeat_feature VALUES (65,1,35486,35656,1798.0000,-1,3,132,306,'Motif:AluJb');
INSERT INTO repeat_feature VALUES (66,1,35657,35958,2219.0000,-1,3,1,299,'Motif:AluSp');
INSERT INTO repeat_feature VALUES (67,1,35959,36091,1798.0000,-1,3,1,132,'Motif:AluJb');
INSERT INTO repeat_feature VALUES (68,1,36112,36211,322.0000,1,3,52,156,'Motif:MER103');
INSERT INTO repeat_feature VALUES (69,1,36742,37051,2296.0000,-1,3,1,310,'Motif:AluSx');
INSERT INTO repeat_feature VALUES (70,1,38791,38915,948.0000,1,3,1,125,'Motif:FLAM_C');
INSERT INTO repeat_feature VALUES (71,1,40003,40290,1988.0000,-1,3,1,287,'Motif:AluSx');
INSERT INTO repeat_feature VALUES (72,1,40485,40803,1777.0000,1,3,1,311,'Motif:AluJo');

#
# Dumping data for table 'species'
#


#
# Dumping data for table 'supporting_feature'
#

INSERT INTO supporting_feature VALUES (1,'ENSE00000031523',32592,32615,957,1,1,'tblastn',740,763,'AB004857');
INSERT INTO supporting_feature VALUES (2,'ENSE00000031523',32619,32681,795,1,1,'tblastn',824,886,'AB004857');
INSERT INTO supporting_feature VALUES (3,'ENSE00000031523',32592,32615,957,1,1,'tblastn',750,773,'AF046997');
INSERT INTO supporting_feature VALUES (4,'ENSE00000031523',32619,32681,795,1,1,'tblastn',834,896,'AF046997');
INSERT INTO supporting_feature VALUES (5,'ENSE00000031523',32592,32615,957,1,1,'tblastn',740,763,'AF064484');
INSERT INTO supporting_feature VALUES (6,'ENSE00000031523',32619,32681,795,1,1,'tblastn',824,886,'AF064484');
INSERT INTO supporting_feature VALUES (7,'ENSE00000031523',32592,32615,913,1,1,'tblastn',712,735,'MMNRAMPB');
INSERT INTO supporting_feature VALUES (8,'ENSE00000031523',32622,32681,747,1,1,'tblastn',799,858,'MMNRAMPB');
INSERT INTO supporting_feature VALUES (9,'ENSE00000031523',32592,32615,910,1,1,'tblastn',719,742,'AF029758');
INSERT INTO supporting_feature VALUES (10,'ENSE00000031523',32622,32681,747,1,1,'tblastn',806,865,'AF029758');
INSERT INTO supporting_feature VALUES (11,'ENSE00000031523',32592,32615,907,1,1,'tblastn',756,779,'AF008439');
INSERT INTO supporting_feature VALUES (12,'ENSE00000031523',32619,32681,751,1,1,'tblastn',840,902,'AF008439');
INSERT INTO supporting_feature VALUES (13,'ENSE00000031523',32592,32615,907,1,1,'tblastn',652,675,'AF029757');
INSERT INTO supporting_feature VALUES (14,'ENSE00000031523',32619,32681,751,1,1,'tblastn',736,798,'AF029757');
INSERT INTO supporting_feature VALUES (15,'ENSE00000031523',32592,32615,839,1,1,'tblastn',490,513,'HSNRAMP21');
INSERT INTO supporting_feature VALUES (16,'ENSE00000031523',32619,32681,795,1,1,'tblastn',574,636,'HSNRAMP21');
INSERT INTO supporting_feature VALUES (17,'ENSE00000031523',32592,32660,827,1,1,'tblastn',664,732,'AF048761');
INSERT INTO supporting_feature VALUES (18,'ENSE00000031523',32625,32681,624,1,1,'tblastn',754,810,'AF048761');
INSERT INTO supporting_feature VALUES (19,'ENSE00000031523',32592,32660,804,1,1,'tblastn',671,739,'AF048760');
INSERT INTO supporting_feature VALUES (20,'ENSE00000031523',32622,32681,623,1,1,'tblastn',758,817,'AF048760');
INSERT INTO supporting_feature VALUES (21,'ENSE00000031523',32592,32660,665,1,1,'tblastn',406,474,'AF054808');
INSERT INTO supporting_feature VALUES (22,'ENSE00000031523',32592,32615,743,1,1,'tblastn',678,701,'MMNRAMP');
INSERT INTO supporting_feature VALUES (23,'ENSE00000031523',32592,32639,753,1,1,'tblastn',609,656,'CEAF5379');
INSERT INTO supporting_feature VALUES (24,'ENSE00000031523',32619,32681,305,1,1,'tblastn',693,755,'CEAF5379');
INSERT INTO supporting_feature VALUES (25,'ENSE00000031523',32592,32639,744,1,1,'tblastn',791,838,'HSNRAMP11');
INSERT INTO supporting_feature VALUES (26,'ENSE00000031523',32592,32639,744,1,1,'tblastn',702,749,'HSNRAMP22');
INSERT INTO supporting_feature VALUES (27,'ENSE00000031523',32592,32639,744,1,1,'tblastn',692,739,'HSNRAMP3');
INSERT INTO supporting_feature VALUES (28,'ENSE00000031523',32592,32639,750,1,1,'tblastn',628,675,'OAAF5380');
INSERT INTO supporting_feature VALUES (29,'ENSE00000031523',32592,32639,750,1,1,'tblastn',699,746,'U70255');
INSERT INTO supporting_feature VALUES (30,'ENSE00000031523',32592,32660,747,1,1,'tblastn',659,727,'GG40598');
INSERT INTO supporting_feature VALUES (31,'ENSE00000031510',33716,33874,795,1,1,'tblastn',887,1043,'AB004857');
INSERT INTO supporting_feature VALUES (32,'ENSE00000031510',33716,33874,795,1,1,'tblastn',897,1053,'AF046997');
INSERT INTO supporting_feature VALUES (33,'ENSE00000031510',33716,33874,795,1,1,'tblastn',887,1043,'AF064484');
INSERT INTO supporting_feature VALUES (34,'ENSE00000031510',33716,33874,747,1,1,'tblastn',859,1015,'MMNRAMPB');
INSERT INTO supporting_feature VALUES (35,'ENSE00000031510',33716,33874,747,1,1,'tblastn',866,1022,'AF029758');
INSERT INTO supporting_feature VALUES (36,'ENSE00000031510',33716,33874,751,1,1,'tblastn',903,1059,'AF008439');
INSERT INTO supporting_feature VALUES (37,'ENSE00000031510',33716,33874,751,1,1,'tblastn',799,955,'AF029757');
INSERT INTO supporting_feature VALUES (38,'ENSE00000031510',33716,33874,795,1,1,'tblastn',637,793,'HSNRAMP21');
INSERT INTO supporting_feature VALUES (39,'ENSE00000031510',33716,33874,624,1,1,'tblastn',811,967,'AF048761');
INSERT INTO supporting_feature VALUES (40,'ENSE00000031510',33716,33874,623,1,1,'tblastn',818,974,'AF048760');
INSERT INTO supporting_feature VALUES (41,'ENSE00000031510',33716,33874,305,1,1,'tblastn',756,912,'CEAF5379');
INSERT INTO supporting_feature VALUES (42,'ENSE00000031511',34872,34958,795,1,1,'tblastn',1044,1125,'AB004857');
INSERT INTO supporting_feature VALUES (43,'ENSE00000031511',34872,34958,795,1,1,'tblastn',1054,1135,'AF046997');
INSERT INTO supporting_feature VALUES (44,'ENSE00000031511',34872,34958,795,1,1,'tblastn',1044,1125,'AF064484');
INSERT INTO supporting_feature VALUES (45,'ENSE00000031511',34872,34958,747,1,1,'tblastn',1016,1097,'MMNRAMPB');
INSERT INTO supporting_feature VALUES (46,'ENSE00000031511',34872,34958,747,1,1,'tblastn',1023,1104,'AF029758');
INSERT INTO supporting_feature VALUES (47,'ENSE00000031511',34872,34958,751,1,1,'tblastn',1060,1141,'AF008439');
INSERT INTO supporting_feature VALUES (48,'ENSE00000031511',34872,34958,751,1,1,'tblastn',956,1037,'AF029757');
INSERT INTO supporting_feature VALUES (49,'ENSE00000031511',34872,34958,795,1,1,'tblastn',794,875,'HSNRAMP21');
INSERT INTO supporting_feature VALUES (50,'ENSE00000031511',34872,34958,624,1,1,'tblastn',968,1049,'AF048761');
INSERT INTO supporting_feature VALUES (51,'ENSE00000031511',34872,34958,623,1,1,'tblastn',975,1056,'AF048760');
INSERT INTO supporting_feature VALUES (52,'ENSE00000031511',34872,34930,305,1,1,'tblastn',913,971,'CEAF5379');
INSERT INTO supporting_feature VALUES (53,'ENSE00000031512',36571,36685,795,1,1,'tblastn',1126,1240,'AB004857');
INSERT INTO supporting_feature VALUES (54,'ENSE00000031512',36571,36685,795,1,1,'tblastn',1136,1250,'AF046997');
INSERT INTO supporting_feature VALUES (55,'ENSE00000031512',36571,36685,795,1,1,'tblastn',1126,1240,'AF064484');
INSERT INTO supporting_feature VALUES (56,'ENSE00000031512',36571,36685,747,1,1,'tblastn',1098,1212,'MMNRAMPB');
INSERT INTO supporting_feature VALUES (57,'ENSE00000031512',36571,36685,747,1,1,'tblastn',1105,1219,'AF029758');
INSERT INTO supporting_feature VALUES (58,'ENSE00000031512',36571,36685,751,1,1,'tblastn',1142,1256,'AF008439');
INSERT INTO supporting_feature VALUES (59,'ENSE00000031512',36571,36685,751,1,1,'tblastn',1038,1152,'AF029757');
INSERT INTO supporting_feature VALUES (60,'ENSE00000031512',36571,36685,795,1,1,'tblastn',876,990,'HSNRAMP21');
INSERT INTO supporting_feature VALUES (61,'ENSE00000031512',36571,36685,624,1,1,'tblastn',1050,1164,'AF048761');
INSERT INTO supporting_feature VALUES (62,'ENSE00000031512',36571,36685,623,1,1,'tblastn',1057,1171,'AF048760');
INSERT INTO supporting_feature VALUES (63,'ENSE00000031513',37131,37175,795,1,1,'tblastn',1241,1285,'AB004857');
INSERT INTO supporting_feature VALUES (64,'ENSE00000031513',37203,37310,820,1,1,'tblastn',1283,1388,'AB004857');
INSERT INTO supporting_feature VALUES (65,'ENSE00000031513',37131,37175,795,1,1,'tblastn',1251,1295,'AF046997');
INSERT INTO supporting_feature VALUES (66,'ENSE00000031513',37203,37310,820,1,1,'tblastn',1293,1398,'AF046997');
INSERT INTO supporting_feature VALUES (67,'ENSE00000031513',37131,37175,795,1,1,'tblastn',1241,1285,'AF064484');
INSERT INTO supporting_feature VALUES (68,'ENSE00000031513',37203,37310,739,1,1,'tblastn',1283,1388,'AF064484');
INSERT INTO supporting_feature VALUES (69,'ENSE00000031513',37131,37175,747,1,1,'tblastn',1213,1257,'MMNRAMPB');
INSERT INTO supporting_feature VALUES (70,'ENSE00000031513',37203,37310,697,1,1,'tblastn',1255,1360,'MMNRAMPB');
INSERT INTO supporting_feature VALUES (71,'ENSE00000031513',37131,37175,747,1,1,'tblastn',1220,1264,'AF029758');
INSERT INTO supporting_feature VALUES (72,'ENSE00000031513',37203,37310,737,1,1,'tblastn',1262,1367,'AF029758');
INSERT INTO supporting_feature VALUES (73,'ENSE00000031513',37131,37175,751,1,1,'tblastn',1257,1301,'AF008439');
INSERT INTO supporting_feature VALUES (74,'ENSE00000031513',37203,37310,742,1,1,'tblastn',1299,1404,'AF008439');
INSERT INTO supporting_feature VALUES (75,'ENSE00000031513',37131,37175,751,1,1,'tblastn',1153,1197,'AF029757');
INSERT INTO supporting_feature VALUES (76,'ENSE00000031513',37203,37310,703,1,1,'tblastn',1195,1300,'AF029757');
INSERT INTO supporting_feature VALUES (77,'ENSE00000031513',37131,37175,795,1,1,'tblastn',991,1035,'HSNRAMP21');
INSERT INTO supporting_feature VALUES (78,'ENSE00000031513',37203,37310,798,1,1,'tblastn',1033,1138,'HSNRAMP21');
INSERT INTO supporting_feature VALUES (79,'ENSE00000031513',37131,37175,624,1,1,'tblastn',1165,1209,'AF048761');
INSERT INTO supporting_feature VALUES (80,'ENSE00000031513',37203,37310,572,1,1,'tblastn',1207,1312,'AF048761');
INSERT INTO supporting_feature VALUES (81,'ENSE00000031513',37131,37175,623,1,1,'tblastn',1172,1216,'AF048760');
INSERT INTO supporting_feature VALUES (82,'ENSE00000031513',37203,37310,555,1,1,'tblastn',1214,1319,'AF048760');
INSERT INTO supporting_feature VALUES (83,'ENSE00000031513',37203,37310,409,1,1,'tblastn',1224,1329,'MMNRAMP');
INSERT INTO supporting_feature VALUES (84,'ENSE00000031513',37203,37310,409,1,1,'tblastn',1243,1348,'MUSNRAMP');
INSERT INTO supporting_feature VALUES (85,'ENSE00000031513',37203,37310,413,1,1,'tblastn',1155,1260,'CEAF5379');
INSERT INTO supporting_feature VALUES (86,'ENSE00000031513',37203,37310,417,1,1,'tblastn',1337,1442,'HSNRAMP11');
INSERT INTO supporting_feature VALUES (87,'ENSE00000031513',37203,37310,417,1,1,'tblastn',1248,1353,'HSNRAMP22');
INSERT INTO supporting_feature VALUES (88,'ENSE00000031513',37203,37310,419,1,1,'tblastn',1226,1331,'BAU27105');
INSERT INTO supporting_feature VALUES (89,'ENSE00000031513',37203,37310,405,1,1,'tblastn',1174,1279,'OAAF5380');
INSERT INTO supporting_feature VALUES (90,'ENSE00000031513',37203,37310,412,1,1,'tblastn',1226,1331,'BBU39614');
INSERT INTO supporting_feature VALUES (91,'ENSE00000031513',37203,37310,402,1,1,'tblastn',1245,1350,'U70255');
INSERT INTO supporting_feature VALUES (92,'ENSE00000031514',37828,37901,820,1,1,'tblastn',1389,1457,'AB004857');
INSERT INTO supporting_feature VALUES (93,'ENSE00000031514',37828,37901,820,1,1,'tblastn',1399,1467,'AF046997');
INSERT INTO supporting_feature VALUES (94,'ENSE00000031514',37828,37901,739,1,1,'tblastn',1389,1457,'AF064484');
INSERT INTO supporting_feature VALUES (95,'ENSE00000031514',37828,37901,697,1,1,'tblastn',1361,1429,'MMNRAMPB');
INSERT INTO supporting_feature VALUES (96,'ENSE00000031514',37828,37901,737,1,1,'tblastn',1368,1436,'AF029758');
INSERT INTO supporting_feature VALUES (97,'ENSE00000031514',37828,37901,742,1,1,'tblastn',1405,1473,'AF008439');
INSERT INTO supporting_feature VALUES (98,'ENSE00000031514',37828,37901,703,1,1,'tblastn',1301,1369,'AF029757');
INSERT INTO supporting_feature VALUES (99,'ENSE00000031514',37828,37901,798,1,1,'tblastn',1139,1207,'HSNRAMP21');
INSERT INTO supporting_feature VALUES (100,'ENSE00000031514',37828,37901,572,1,1,'tblastn',1313,1381,'AF048761');
INSERT INTO supporting_feature VALUES (101,'ENSE00000031514',37828,37901,555,1,1,'tblastn',1320,1388,'AF048760');
INSERT INTO supporting_feature VALUES (102,'ENSE00000031514',37828,37901,409,1,1,'tblastn',1330,1398,'MMNRAMP');
INSERT INTO supporting_feature VALUES (103,'ENSE00000031514',37828,37901,409,1,1,'tblastn',1349,1417,'MUSNRAMP');
INSERT INTO supporting_feature VALUES (104,'ENSE00000031514',37828,37901,413,1,1,'tblastn',1261,1329,'CEAF5379');
INSERT INTO supporting_feature VALUES (105,'ENSE00000031514',37828,37901,417,1,1,'tblastn',1443,1511,'HSNRAMP11');
INSERT INTO supporting_feature VALUES (106,'ENSE00000031514',37828,37901,417,1,1,'tblastn',1354,1422,'HSNRAMP22');
INSERT INTO supporting_feature VALUES (107,'ENSE00000031514',37828,37901,419,1,1,'tblastn',1332,1400,'BAU27105');
INSERT INTO supporting_feature VALUES (108,'ENSE00000031514',37828,37901,405,1,1,'tblastn',1280,1348,'OAAF5380');
INSERT INTO supporting_feature VALUES (109,'ENSE00000031514',37828,37901,412,1,1,'tblastn',1332,1400,'BBU39614');
INSERT INTO supporting_feature VALUES (110,'ENSE00000031514',37828,37901,402,1,1,'tblastn',1351,1419,'U70255');
INSERT INTO supporting_feature VALUES (111,'ENSE00000031515',38552,38700,820,1,1,'tblastn',1458,1606,'AB004857');
INSERT INTO supporting_feature VALUES (112,'ENSE00000031515',38552,38700,820,1,1,'tblastn',1468,1616,'AF046997');
INSERT INTO supporting_feature VALUES (113,'ENSE00000031515',38552,38700,739,1,1,'tblastn',1458,1606,'AF064484');
INSERT INTO supporting_feature VALUES (114,'ENSE00000031515',38552,38700,697,1,1,'tblastn',1430,1578,'MMNRAMPB');
INSERT INTO supporting_feature VALUES (115,'ENSE00000031515',38552,38700,737,1,1,'tblastn',1437,1585,'AF029758');
INSERT INTO supporting_feature VALUES (116,'ENSE00000031515',38552,38700,742,1,1,'tblastn',1474,1622,'AF008439');
INSERT INTO supporting_feature VALUES (117,'ENSE00000031515',38552,38700,703,1,1,'tblastn',1370,1518,'AF029757');
INSERT INTO supporting_feature VALUES (118,'ENSE00000031515',38552,38700,798,1,1,'tblastn',1208,1356,'HSNRAMP21');
INSERT INTO supporting_feature VALUES (119,'ENSE00000031515',38552,38700,572,1,1,'tblastn',1382,1530,'AF048761');
INSERT INTO supporting_feature VALUES (120,'ENSE00000031515',38552,38700,555,1,1,'tblastn',1389,1537,'AF048760');
INSERT INTO supporting_feature VALUES (121,'ENSE00000031515',38552,38700,409,1,1,'tblastn',1399,1547,'MMNRAMP');
INSERT INTO supporting_feature VALUES (122,'ENSE00000031515',38552,38700,409,1,1,'tblastn',1418,1566,'MUSNRAMP');
INSERT INTO supporting_feature VALUES (123,'ENSE00000031515',38552,38700,413,1,1,'tblastn',1330,1478,'CEAF5379');
INSERT INTO supporting_feature VALUES (124,'ENSE00000031515',38552,38700,417,1,1,'tblastn',1512,1660,'HSNRAMP11');
INSERT INTO supporting_feature VALUES (125,'ENSE00000031515',38552,38700,417,1,1,'tblastn',1423,1571,'HSNRAMP22');
INSERT INTO supporting_feature VALUES (126,'ENSE00000031515',38552,38700,419,1,1,'tblastn',1401,1549,'BAU27105');
INSERT INTO supporting_feature VALUES (127,'ENSE00000031515',38552,38700,405,1,1,'tblastn',1349,1497,'OAAF5380');
INSERT INTO supporting_feature VALUES (128,'ENSE00000031515',38552,38700,412,1,1,'tblastn',1401,1549,'BBU39614');
INSERT INTO supporting_feature VALUES (129,'ENSE00000031515',38552,38700,402,1,1,'tblastn',1420,1568,'U70255');
INSERT INTO supporting_feature VALUES (130,'ENSE00000031516',41063,41173,820,1,1,'tblastn',1607,1715,'AB004857');
INSERT INTO supporting_feature VALUES (131,'ENSE00000031516',41063,41173,820,1,1,'tblastn',1617,1725,'AF046997');
INSERT INTO supporting_feature VALUES (132,'ENSE00000031516',41063,41173,739,1,1,'tblastn',1607,1715,'AF064484');
INSERT INTO supporting_feature VALUES (133,'ENSE00000031516',41063,41173,697,1,1,'tblastn',1579,1687,'MMNRAMPB');
INSERT INTO supporting_feature VALUES (134,'ENSE00000031516',41063,41173,737,1,1,'tblastn',1586,1694,'AF029758');
INSERT INTO supporting_feature VALUES (135,'ENSE00000031516',41063,41173,742,1,1,'tblastn',1623,1731,'AF008439');
INSERT INTO supporting_feature VALUES (136,'ENSE00000031516',41063,41173,703,1,1,'tblastn',1519,1627,'AF029757');
INSERT INTO supporting_feature VALUES (137,'ENSE00000031516',41063,41173,798,1,1,'tblastn',1357,1465,'HSNRAMP21');
INSERT INTO supporting_feature VALUES (138,'ENSE00000031516',41063,41161,572,1,1,'tblastn',1531,1629,'AF048761');
INSERT INTO supporting_feature VALUES (139,'ENSE00000031516',41063,41161,555,1,1,'tblastn',1538,1636,'AF048760');
INSERT INTO supporting_feature VALUES (140,'ENSE00000031516',41063,41173,409,1,1,'tblastn',1548,1656,'MMNRAMP');
INSERT INTO supporting_feature VALUES (141,'ENSE00000031516',41063,41173,409,1,1,'tblastn',1567,1675,'MUSNRAMP');
INSERT INTO supporting_feature VALUES (142,'ENSE00000031516',41063,41173,413,1,1,'tblastn',1479,1587,'CEAF5379');
INSERT INTO supporting_feature VALUES (143,'ENSE00000031516',41063,41173,417,1,1,'tblastn',1661,1769,'HSNRAMP11');
INSERT INTO supporting_feature VALUES (144,'ENSE00000031516',41063,41173,417,1,1,'tblastn',1572,1680,'HSNRAMP22');
INSERT INTO supporting_feature VALUES (145,'ENSE00000031516',41063,41173,419,1,1,'tblastn',1550,1658,'BAU27105');
INSERT INTO supporting_feature VALUES (146,'ENSE00000031516',41063,41173,405,1,1,'tblastn',1498,1606,'OAAF5380');
INSERT INTO supporting_feature VALUES (147,'ENSE00000031516',41063,41173,412,1,1,'tblastn',1550,1658,'BBU39614');
INSERT INTO supporting_feature VALUES (148,'ENSE00000031516',41063,41173,402,1,1,'tblastn',1569,1677,'U70255');
INSERT INTO supporting_feature VALUES (149,'ENSE00000031516',41171,41518,100,1,2,'blastn',1,348,'G26664');
INSERT INTO supporting_feature VALUES (150,'ENSE00000031522',30258,30327,957,1,1,'tblastn',670,739,'AB004857');
INSERT INTO supporting_feature VALUES (151,'ENSE00000031522',30258,30327,957,1,1,'tblastn',680,749,'AF046997');
INSERT INTO supporting_feature VALUES (152,'ENSE00000031522',30258,30327,957,1,1,'tblastn',670,739,'AF064484');
INSERT INTO supporting_feature VALUES (153,'ENSE00000031522',30258,30327,913,1,1,'tblastn',642,711,'MMNRAMPB');
INSERT INTO supporting_feature VALUES (154,'ENSE00000031522',30258,30327,910,1,1,'tblastn',649,718,'AF029758');
INSERT INTO supporting_feature VALUES (155,'ENSE00000031522',30258,30327,907,1,1,'tblastn',686,755,'AF008439');
INSERT INTO supporting_feature VALUES (156,'ENSE00000031522',30258,30327,907,1,1,'tblastn',582,651,'AF029757');
INSERT INTO supporting_feature VALUES (157,'ENSE00000031522',30258,30327,839,1,1,'tblastn',420,489,'HSNRAMP21');
INSERT INTO supporting_feature VALUES (158,'ENSE00000031522',30258,30327,827,1,1,'tblastn',594,663,'AF048761');
INSERT INTO supporting_feature VALUES (159,'ENSE00000031522',30258,30327,804,1,1,'tblastn',601,670,'AF048760');
INSERT INTO supporting_feature VALUES (160,'ENSE00000031522',30258,30327,665,1,1,'tblastn',336,405,'AF054808');
INSERT INTO supporting_feature VALUES (161,'ENSE00000031522',30258,30327,743,1,1,'tblastn',608,677,'MMNRAMP');
INSERT INTO supporting_feature VALUES (162,'ENSE00000031522',30258,30327,753,1,1,'tblastn',539,608,'CEAF5379');
INSERT INTO supporting_feature VALUES (163,'ENSE00000031522',30258,30327,744,1,1,'tblastn',721,790,'HSNRAMP11');
INSERT INTO supporting_feature VALUES (164,'ENSE00000031522',30258,30327,744,1,1,'tblastn',632,701,'HSNRAMP22');
INSERT INTO supporting_feature VALUES (165,'ENSE00000031522',30258,30327,744,1,1,'tblastn',622,691,'HSNRAMP3');
INSERT INTO supporting_feature VALUES (166,'ENSE00000031522',30258,30327,750,1,1,'tblastn',558,627,'OAAF5380');
INSERT INTO supporting_feature VALUES (167,'ENSE00000031522',30258,30327,750,1,1,'tblastn',629,698,'U70255');
INSERT INTO supporting_feature VALUES (168,'ENSE00000031522',30258,30327,747,1,1,'tblastn',589,658,'GG40598');
INSERT INTO supporting_feature VALUES (169,'ENSE00000031517',20962,21021,957,1,1,'tblastn',203,262,'AB004857');
INSERT INTO supporting_feature VALUES (170,'ENSE00000031517',20962,21021,957,1,1,'tblastn',213,272,'AF046997');
INSERT INTO supporting_feature VALUES (171,'ENSE00000031517',20962,21021,957,1,1,'tblastn',203,262,'AF064484');
INSERT INTO supporting_feature VALUES (172,'ENSE00000031517',20962,21021,913,1,1,'tblastn',175,234,'MMNRAMPB');
INSERT INTO supporting_feature VALUES (173,'ENSE00000031517',20962,21021,910,1,1,'tblastn',182,241,'AF029758');
INSERT INTO supporting_feature VALUES (174,'ENSE00000031517',20962,21021,907,1,1,'tblastn',219,278,'AF008439');
INSERT INTO supporting_feature VALUES (175,'ENSE00000031517',20962,21021,907,1,1,'tblastn',115,174,'AF029757');
INSERT INTO supporting_feature VALUES (176,'ENSE00000031517',20958,21021,827,1,1,'tblastn',123,186,'AF048761');
INSERT INTO supporting_feature VALUES (177,'ENSE00000031517',20959,21021,804,1,1,'tblastn',131,193,'AF048760');
INSERT INTO supporting_feature VALUES (178,'ENSE00000031517',20992,21021,743,1,1,'tblastn',171,200,'MMNRAMP');
INSERT INTO supporting_feature VALUES (179,'ENSE00000031517',20992,21021,753,1,1,'tblastn',102,131,'CEAF5379');
INSERT INTO supporting_feature VALUES (180,'ENSE00000031517',20992,21021,744,1,1,'tblastn',284,313,'HSNRAMP11');
INSERT INTO supporting_feature VALUES (181,'ENSE00000031517',20992,21021,744,1,1,'tblastn',195,224,'HSNRAMP22');
INSERT INTO supporting_feature VALUES (182,'ENSE00000031517',20992,21021,744,1,1,'tblastn',185,214,'HSNRAMP3');
INSERT INTO supporting_feature VALUES (183,'ENSE00000031517',20992,21021,750,1,1,'tblastn',121,150,'OAAF5380');
INSERT INTO supporting_feature VALUES (184,'ENSE00000031517',20992,21021,750,1,1,'tblastn',192,221,'U70255');
INSERT INTO supporting_feature VALUES (185,'ENSE00000031517',20992,21021,747,1,1,'tblastn',152,181,'GG40598');
INSERT INTO supporting_feature VALUES (186,'ENSE00000031518',24058,24183,957,1,1,'tblastn',263,386,'AB004857');
INSERT INTO supporting_feature VALUES (187,'ENSE00000031518',24058,24183,957,1,1,'tblastn',273,396,'AF046997');
INSERT INTO supporting_feature VALUES (188,'ENSE00000031518',24058,24183,957,1,1,'tblastn',263,386,'AF064484');
INSERT INTO supporting_feature VALUES (189,'ENSE00000031518',24058,24183,913,1,1,'tblastn',235,358,'MMNRAMPB');
INSERT INTO supporting_feature VALUES (190,'ENSE00000031518',24058,24183,910,1,1,'tblastn',242,365,'AF029758');
INSERT INTO supporting_feature VALUES (191,'ENSE00000031518',24058,24183,907,1,1,'tblastn',279,402,'AF008439');
INSERT INTO supporting_feature VALUES (192,'ENSE00000031518',24058,24183,907,1,1,'tblastn',175,298,'AF029757');
INSERT INTO supporting_feature VALUES (193,'ENSE00000031518',24061,24183,839,1,1,'tblastn',16,136,'HSNRAMP21');
INSERT INTO supporting_feature VALUES (194,'ENSE00000031518',24058,24183,827,1,1,'tblastn',187,310,'AF048761');
INSERT INTO supporting_feature VALUES (195,'ENSE00000031518',24058,24183,804,1,1,'tblastn',194,317,'AF048760');
INSERT INTO supporting_feature VALUES (196,'ENSE00000031518',24130,24183,665,1,1,'tblastn',1,52,'AF054808');
INSERT INTO supporting_feature VALUES (197,'ENSE00000031518',24058,24183,743,1,1,'tblastn',201,324,'MMNRAMP');
INSERT INTO supporting_feature VALUES (198,'ENSE00000031518',24058,24183,753,1,1,'tblastn',132,255,'CEAF5379');
INSERT INTO supporting_feature VALUES (199,'ENSE00000031518',24058,24183,744,1,1,'tblastn',314,437,'HSNRAMP11');
INSERT INTO supporting_feature VALUES (200,'ENSE00000031518',24058,24183,744,1,1,'tblastn',225,348,'HSNRAMP22');
INSERT INTO supporting_feature VALUES (201,'ENSE00000031518',24058,24183,744,1,1,'tblastn',215,338,'HSNRAMP3');
INSERT INTO supporting_feature VALUES (202,'ENSE00000031518',24058,24183,750,1,1,'tblastn',151,274,'OAAF5380');
INSERT INTO supporting_feature VALUES (203,'ENSE00000031518',24058,24183,750,1,1,'tblastn',222,345,'U70255');
INSERT INTO supporting_feature VALUES (204,'ENSE00000031518',24058,24183,747,1,1,'tblastn',182,305,'GG40598');
INSERT INTO supporting_feature VALUES (205,'ENSE00000031520',29081,29187,957,1,1,'tblastn',502,603,'AB004857');
INSERT INTO supporting_feature VALUES (206,'ENSE00000031520',29081,29187,957,1,1,'tblastn',512,613,'AF046997');
INSERT INTO supporting_feature VALUES (207,'ENSE00000031520',29081,29187,957,1,1,'tblastn',502,603,'AF064484');
INSERT INTO supporting_feature VALUES (208,'ENSE00000031520',29081,29187,913,1,1,'tblastn',474,575,'MMNRAMPB');
INSERT INTO supporting_feature VALUES (209,'ENSE00000031520',29081,29187,910,1,1,'tblastn',481,582,'AF029758');
INSERT INTO supporting_feature VALUES (210,'ENSE00000031520',29081,29187,907,1,1,'tblastn',518,619,'AF008439');
INSERT INTO supporting_feature VALUES (211,'ENSE00000031520',29081,29187,907,1,1,'tblastn',414,515,'AF029757');
INSERT INTO supporting_feature VALUES (212,'ENSE00000031520',29081,29187,839,1,1,'tblastn',252,353,'HSNRAMP21');
INSERT INTO supporting_feature VALUES (213,'ENSE00000031520',29081,29187,827,1,1,'tblastn',426,527,'AF048761');
INSERT INTO supporting_feature VALUES (214,'ENSE00000031520',29081,29187,804,1,1,'tblastn',433,534,'AF048760');
INSERT INTO supporting_feature VALUES (215,'ENSE00000031520',29081,29187,665,1,1,'tblastn',168,269,'AF054808');
INSERT INTO supporting_feature VALUES (216,'ENSE00000031520',29081,29187,743,1,1,'tblastn',440,541,'MMNRAMP');
INSERT INTO supporting_feature VALUES (217,'ENSE00000031520',29081,29187,753,1,1,'tblastn',371,472,'CEAF5379');
INSERT INTO supporting_feature VALUES (218,'ENSE00000031520',29081,29187,744,1,1,'tblastn',553,654,'HSNRAMP11');
INSERT INTO supporting_feature VALUES (219,'ENSE00000031520',29081,29187,744,1,1,'tblastn',464,565,'HSNRAMP22');
INSERT INTO supporting_feature VALUES (220,'ENSE00000031520',29081,29187,744,1,1,'tblastn',454,555,'HSNRAMP3');
INSERT INTO supporting_feature VALUES (221,'ENSE00000031520',29081,29187,750,1,1,'tblastn',390,491,'OAAF5380');
INSERT INTO supporting_feature VALUES (222,'ENSE00000031520',29081,29187,750,1,1,'tblastn',461,562,'U70255');
INSERT INTO supporting_feature VALUES (223,'ENSE00000031520',29081,29187,747,1,1,'tblastn',421,522,'GG40598');
INSERT INTO supporting_feature VALUES (224,'ENSE00000031519',24587,24706,957,1,1,'tblastn',387,501,'AB004857');
INSERT INTO supporting_feature VALUES (225,'ENSE00000031519',24587,24706,957,1,1,'tblastn',397,511,'AF046997');
INSERT INTO supporting_feature VALUES (226,'ENSE00000031519',24587,24706,957,1,1,'tblastn',387,501,'AF064484');
INSERT INTO supporting_feature VALUES (227,'ENSE00000031519',24587,24706,913,1,1,'tblastn',359,473,'MMNRAMPB');
INSERT INTO supporting_feature VALUES (228,'ENSE00000031519',24587,24706,910,1,1,'tblastn',366,480,'AF029758');
INSERT INTO supporting_feature VALUES (229,'ENSE00000031519',24587,24706,907,1,1,'tblastn',403,517,'AF008439');
INSERT INTO supporting_feature VALUES (230,'ENSE00000031519',24587,24706,907,1,1,'tblastn',299,413,'AF029757');
INSERT INTO supporting_feature VALUES (231,'ENSE00000031519',24587,24706,839,1,1,'tblastn',137,251,'HSNRAMP21');
INSERT INTO supporting_feature VALUES (232,'ENSE00000031519',24587,24706,827,1,1,'tblastn',311,425,'AF048761');
INSERT INTO supporting_feature VALUES (233,'ENSE00000031519',24587,24706,804,1,1,'tblastn',318,432,'AF048760');
INSERT INTO supporting_feature VALUES (234,'ENSE00000031519',24587,24706,665,1,1,'tblastn',53,167,'AF054808');
INSERT INTO supporting_feature VALUES (235,'ENSE00000031519',24587,24706,743,1,1,'tblastn',325,439,'MMNRAMP');
INSERT INTO supporting_feature VALUES (236,'ENSE00000031519',24587,24706,753,1,1,'tblastn',256,370,'CEAF5379');
INSERT INTO supporting_feature VALUES (237,'ENSE00000031519',24587,24706,744,1,1,'tblastn',438,552,'HSNRAMP11');
INSERT INTO supporting_feature VALUES (238,'ENSE00000031519',24587,24706,744,1,1,'tblastn',349,463,'HSNRAMP22');
INSERT INTO supporting_feature VALUES (239,'ENSE00000031519',24587,24706,744,1,1,'tblastn',339,453,'HSNRAMP3');
INSERT INTO supporting_feature VALUES (240,'ENSE00000031519',24587,24706,750,1,1,'tblastn',275,389,'OAAF5380');
INSERT INTO supporting_feature VALUES (241,'ENSE00000031519',24587,24706,750,1,1,'tblastn',346,460,'U70255');
INSERT INTO supporting_feature VALUES (242,'ENSE00000031519',24587,24706,747,1,1,'tblastn',306,420,'GG40598');
INSERT INTO supporting_feature VALUES (243,'ENSE00000031521',30084,30154,957,1,1,'tblastn',604,669,'AB004857');

#
# Dumping data for table 'transcript'
#

INSERT INTO transcript VALUES ('ENST00000009282',1,'ENSG00000008215','ENSP00000009282');
INSERT INTO transcript VALUES ('ENST00000009278',1,'ENSG00000008216','ENSP00000009278');
INSERT INTO transcript VALUES ('ENST00000009279',1,'ENSG00000008217','ENSP00000009279');

#
# Dumping data for table 'transcriptdblink'
#


#
# Dumping data for table 'translation'
#

INSERT INTO translation VALUES ('ENSP00000009282',1,32594,'ENSE00000031523',36690,'ENSE00000031512');
INSERT INTO translation VALUES ('ENSP00000009278',1,37131,'ENSE00000031513',41173,'ENSE00000031516');
INSERT INTO translation VALUES ('ENSP00000009279',1,20958,'ENSE00000031517',30331,'ENSE00000031522');

