
#
# Dumping data for table 'analysisprocess'
#

INSERT INTO analysisprocess (analysisId, created, logic_name, db, db_version, db_file, program, program_version, program_file, parameters, module, module_version, gff_source, gff_feature) VALUES (1,'2000-09-08 16:10:03','RepeatMask','','','','RepeatMasker','1','','','RepeatMasker','1','RepeatMasker','repeat');
INSERT INTO analysisprocess (analysisId, created, logic_name, db, db_version, db_file, program, program_version, program_file, parameters, module, module_version, gff_source, gff_feature) VALUES (2,'2000-09-22 10:59:05','Genscan','','','/usr/local/ensembl/data/HumanIso.smat','/usr/local/ensembl/bin/genscan','1',NULL,'','Genscan','1','genscan','similarity');
INSERT INTO analysisprocess (analysisId, created, logic_name, db, db_version, db_file, program, program_version, program_file, parameters, module, module_version, gff_source, gff_feature) VALUES (3,'2000-09-22 15:57:19','SubmitContig',NULL,NULL,NULL,NULL,NULL,NULL,NULL,NULL,NULL,NULL,NULL);
INSERT INTO analysisprocess (analysisId, created, logic_name, db, db_version, db_file, program, program_version, program_file, parameters, module, module_version, gff_source, gff_feature) VALUES (4,'2000-09-28 17:33:27','BlastGenscanPep','sptr','',NULL,'/usr/local/ensembl/bin/wublastp','','','-blast=> blastp, -db => sptr','BlastGenscanPep','','blastp','similarity');
INSERT INTO analysisprocess (analysisId, created, logic_name, db, db_version, db_file, program, program_version, program_file, parameters, module, module_version, gff_source, gff_feature) VALUES (5,'2000-10-09 15:30:14','BlastGenscanDNA_EMBL','embl_vertrna','__NONE__',NULL,'wutblastn',NULL,NULL,NULL,'BlastGenscanDNA','1','wutblastn','similarity');
INSERT INTO analysisprocess (analysisId, created, logic_name, db, db_version, db_file, program, program_version, program_file, parameters, module, module_version, gff_source, gff_feature) VALUES (6,'2000-10-10 15:22:03','MarkerEPCR','mapprimer','1','/usr/local/ensembl/data/mapprimer','e-PCR','1',NULL,NULL,'EPCR','1','blast','similarity');
INSERT INTO analysisprocess (analysisId, created, logic_name, db, db_version, db_file, program, program_version, program_file, parameters, module, module_version, gff_source, gff_feature) VALUES (7,'2000-12-18 15:12:30','tRNAscan',NULL,NULL,NULL,'/usr/local/ensembl/bin/tRNAscan-SE','1.11',NULL,NULL,'tRNAscan_SE','1','tRNAscan','tRNA');
INSERT INTO analysisprocess (analysisId, created, logic_name, db, db_version, db_file, program, program_version, program_file, parameters, module, module_version, gff_source, gff_feature) VALUES (8,'2000-12-18 18:28:03','CpG',NULL,NULL,NULL,'/usr/local/ensembl/bin/cpg',NULL,NULL,NULL,'CPG','1','cpg','cpg_island');
INSERT INTO analysisprocess (analysisId, created, logic_name, db, db_version, db_file, program, program_version, program_file, parameters, module, module_version, gff_source, gff_feature) VALUES (9,'2001-01-15 17:00:00','BlastGenscanDNA_UNI','unigene.seq','__NONE__',NULL,'wutblastn',NULL,NULL,NULL,'BlastGenscanDNA','1','wutblastn','similarity');
INSERT INTO analysisprocess (analysisId, created, logic_name, db, db_version, db_file, program, program_version, program_file, parameters, module, module_version, gff_source, gff_feature) VALUES (10,'2001-02-02 12:50:37','BlastMiniGenewise',NULL,NULL,NULL,'genewise','1',NULL,NULL,'FPC_BlastMiniGenewise','1','genewise','similarity');   

#
# Dumping data for table 'feature'
#

INSERT INTO feature (id, contig, seq_start, seq_end, score, strand, analysis, name, hstart, hend, hid, evalue, perc_id, phase, end_phase) VALUES (1641959,1594,39965,40063,679.0000,1,9,'wublastp',103,134,'IL5_HUMAN',1e-66,100,0,0);
INSERT INTO feature (id, contig, seq_start, seq_end, score, strand, analysis, name, hstart, hend, hid, evalue, perc_id, phase, end_phase) VALUES (1641952,1594,39731,39859,679.0000,1,9,'wublastp',60,102,'IL5_HUMAN',1e-66,100,0,0);
INSERT INTO feature (id, contig, seq_start, seq_end, score, strand, analysis, name, hstart, hend, hid, evalue, perc_id, phase, end_phase) VALUES (1641949,1594,38748,38780,679.0000,1,9,'wublastp',49,59,'IL5_HUMAN',1e-66,100,0,0);
INSERT INTO feature (id, contig, seq_start, seq_end, score, strand, analysis, name, hstart, hend, hid, evalue, perc_id, phase, end_phase) VALUES (1641945,1594,38396,38539,679.0000,1,9,'wublastp',1,48,'IL5_HUMAN',1e-66,100,0,0);
INSERT INTO feature (id, contig, seq_start, seq_end, score, strand, analysis, name, hstart, hend, hid, evalue, perc_id, phase, end_phase) VALUES (1641941,1594,39965,40063,667.0000,1,9,'wublastp',103,134,'IL5_MACMU',1.9e-65,98,0,0);
INSERT INTO feature (id, contig, seq_start, seq_end, score, strand, analysis, name, hstart, hend, hid, evalue, perc_id, phase, end_phase) VALUES (1641938,1594,39731,39859,667.0000,1,9,'wublastp',60,102,'IL5_MACMU',1.9e-65,98,0,0);
INSERT INTO feature (id, contig, seq_start, seq_end, score, strand, analysis, name, hstart, hend, hid, evalue, perc_id, phase, end_phase) VALUES (1641935,1594,38748,38780,667.0000,1,9,'wublastp',49,59,'IL5_MACMU',1.9e-65,98,0,0);
INSERT INTO feature (id, contig, seq_start, seq_end, score, strand, analysis, name, hstart, hend, hid, evalue, perc_id, phase, end_phase) VALUES (1641930,1594,38396,38539,667.0000,1,9,'wublastp',1,48,'IL5_MACMU',1.9e-65,98,0,0);
INSERT INTO feature (id, contig, seq_start, seq_end, score, strand, analysis, name, hstart, hend, hid, evalue, perc_id, phase, end_phase) VALUES (1641925,1594,39965,40063,657.0000,1,9,'wublastp',103,134,'IL5_CERTO',2.2e-64,96,0,0);
INSERT INTO feature (id, contig, seq_start, seq_end, score, strand, analysis, name, hstart, hend, hid, evalue, perc_id, phase, end_phase) VALUES (1641920,1594,39731,39859,657.0000,1,9,'wublastp',60,102,'IL5_CERTO',2.2e-64,96,0,0);
INSERT INTO feature (id, contig, seq_start, seq_end, score, strand, analysis, name, hstart, hend, hid, evalue, perc_id, phase, end_phase) VALUES (1641916,1594,38748,38780,657.0000,1,9,'wublastp',49,59,'IL5_CERTO',2.2e-64,96,0,0);
INSERT INTO feature (id, contig, seq_start, seq_end, score, strand, analysis, name, hstart, hend, hid, evalue, perc_id, phase, end_phase) VALUES (1641911,1594,38396,38539,657.0000,1,9,'wublastp',1,48,'IL5_CERTO',2.2e-64,96,0,0);
INSERT INTO feature (id, contig, seq_start, seq_end, score, strand, analysis, name, hstart, hend, hid, evalue, perc_id, phase, end_phase) VALUES (1641630,1594,1814,2017,1080.0000,-1,9,'wublastp',185,252,'Q92878',2.6e-130,96,0,0);
INSERT INTO feature (id, contig, seq_start, seq_end, score, strand, analysis, name, hstart, hend, hid, evalue, perc_id, phase, end_phase) VALUES (1641626,1594,2380,2562,1080.0000,-1,9,'wublastp',123,183,'Q92878',2.6e-130,96,0,2);
INSERT INTO feature (id, contig, seq_start, seq_end, score, strand, analysis, name, hstart, hend, hid, evalue, perc_id, phase, end_phase) VALUES (1641623,1594,5954,6103,1080.0000,-1,9,'wublastp',72,121,'Q92878',2.6e-130,96,0,2);
INSERT INTO feature (id, contig, seq_start, seq_end, score, strand, analysis, name, hstart, hend, hid, evalue, perc_id, phase, end_phase) VALUES (1641619,1594,22513,22596,1080.0000,-1,9,'wublastp',44,71,'Q92878',2.6e-130,96,0,0);
INSERT INTO feature (id, contig, seq_start, seq_end, score, strand, analysis, name, hstart, hend, hid, evalue, perc_id, phase, end_phase) VALUES (1641614,1594,24135,24140,1080.0000,-1,9,'wublastp',42,43,'Q92878',2.6e-130,96,0,0);
INSERT INTO feature (id, contig, seq_start, seq_end, score, strand, analysis, name, hstart, hend, hid, evalue, perc_id, phase, end_phase) VALUES (1641610,1594,24141,24176,1080.0000,-1,9,'wublastp',29,40,'Q92878',2.6e-130,96,0,0);
INSERT INTO feature (id, contig, seq_start, seq_end, score, strand, analysis, name, hstart, hend, hid, evalue, perc_id, phase, end_phase) VALUES (1641605,1594,24427,24555,220.0000,-1,9,'wublastp',1,43,'Q92878',2.6e-130,89,0,0);
INSERT INTO feature (id, contig, seq_start, seq_end, score, strand, analysis, name, hstart, hend, hid, evalue, perc_id, phase, end_phase) VALUES (1641601,1594,24249,24269,220.0000,-1,9,'wublastp',44,50,'Q92878',2.6e-130,89,0,0);
INSERT INTO feature (id, contig, seq_start, seq_end, score, strand, analysis, name, hstart, hend, hid, evalue, perc_id, phase, end_phase) VALUES (1641391,1594,1814,2017,1076.0000,-1,9,'wublastp',191,258,'O43254',1.8e-127,96,0,0);
INSERT INTO feature (id, contig, seq_start, seq_end, score, strand, analysis, name, hstart, hend, hid, evalue, perc_id, phase, end_phase) VALUES (1641386,1594,2380,2562,1076.0000,-1,9,'wublastp',129,189,'O43254',1.8e-127,96,0,2);
INSERT INTO feature (id, contig, seq_start, seq_end, score, strand, analysis, name, hstart, hend, hid, evalue, perc_id, phase, end_phase) VALUES (1641362,1594,5954,6103,1076.0000,-1,9,'wublastp',78,127,'O43254',1.8e-127,96,0,2);
INSERT INTO feature (id, contig, seq_start, seq_end, score, strand, analysis, name, hstart, hend, hid, evalue, perc_id, phase, end_phase) VALUES (1641358,1594,22513,22596,1076.0000,-1,9,'wublastp',50,77,'O43254',1.8e-127,96,0,0);
INSERT INTO feature (id, contig, seq_start, seq_end, score, strand, analysis, name, hstart, hend, hid, evalue, perc_id, phase, end_phase) VALUES (1641353,1594,24135,24140,1076.0000,-1,9,'wublastp',48,49,'O43254',1.8e-127,96,0,0);
INSERT INTO feature (id, contig, seq_start, seq_end, score, strand, analysis, name, hstart, hend, hid, evalue, perc_id, phase, end_phase) VALUES (1641349,1594,24141,24176,1076.0000,-1,9,'wublastp',35,46,'O43254',1.8e-127,96,0,0);
INSERT INTO feature (id, contig, seq_start, seq_end, score, strand, analysis, name, hstart, hend, hid, evalue, perc_id, phase, end_phase) VALUES (1641344,1594,24427,24540,197.0000,-1,9,'wublastp',12,49,'O43254',1.8e-127,88,0,0);
INSERT INTO feature (id, contig, seq_start, seq_end, score, strand, analysis, name, hstart, hend, hid, evalue, perc_id, phase, end_phase) VALUES (1641340,1594,24249,24269,197.0000,-1,9,'wublastp',50,56,'O43254',1.8e-127,88,0,0);
INSERT INTO feature (id, contig, seq_start, seq_end, score, strand, analysis, name, hstart, hend, hid, evalue, perc_id, phase, end_phase) VALUES (1641112,1594,1814,2017,1006.0000,-1,9,'wublastp',185,252,'Q9JIL8',1.5e-121,88,0,0);
INSERT INTO feature (id, contig, seq_start, seq_end, score, strand, analysis, name, hstart, hend, hid, evalue, perc_id, phase, end_phase) VALUES (1641105,1594,2380,2562,1006.0000,-1,9,'wublastp',123,183,'Q9JIL8',1.5e-121,88,0,2);
INSERT INTO feature (id, contig, seq_start, seq_end, score, strand, analysis, name, hstart, hend, hid, evalue, perc_id, phase, end_phase) VALUES (1641101,1594,5954,6103,1006.0000,-1,9,'wublastp',72,121,'Q9JIL8',1.5e-121,88,0,2);
INSERT INTO feature (id, contig, seq_start, seq_end, score, strand, analysis, name, hstart, hend, hid, evalue, perc_id, phase, end_phase) VALUES (1641095,1594,22513,22596,1006.0000,-1,9,'wublastp',44,71,'Q9JIL8',1.5e-121,88,0,0);
INSERT INTO feature (id, contig, seq_start, seq_end, score, strand, analysis, name, hstart, hend, hid, evalue, perc_id, phase, end_phase) VALUES (1641090,1594,24135,24140,1006.0000,-1,9,'wublastp',42,43,'Q9JIL8',1.5e-121,88,0,0);
INSERT INTO feature (id, contig, seq_start, seq_end, score, strand, analysis, name, hstart, hend, hid, evalue, perc_id, phase, end_phase) VALUES (1641085,1594,24141,24176,1006.0000,-1,9,'wublastp',29,40,'Q9JIL8',1.5e-121,88,0,0);
INSERT INTO feature (id, contig, seq_start, seq_end, score, strand, analysis, name, hstart, hend, hid, evalue, perc_id, phase, end_phase) VALUES (1641082,1594,24427,24555,211.0000,-1,9,'wublastp',1,43,'Q9JIL8',1.5e-121,85,0,0);
INSERT INTO feature (id, contig, seq_start, seq_end, score, strand, analysis, name, hstart, hend, hid, evalue, perc_id, phase, end_phase) VALUES (1641077,1594,24249,24269,211.0000,-1,9,'wublastp',44,50,'Q9JIL8',1.5e-121,85,0,0);
INSERT INTO feature (id, contig, seq_start, seq_end, score, strand, analysis, name, hstart, hend, hid, evalue, perc_id, phase, end_phase) VALUES (1640811,1594,1814,2017,1000.0000,-1,9,'wublastp',185,252,'P70388',1.9e-121,88,0,0);
INSERT INTO feature (id, contig, seq_start, seq_end, score, strand, analysis, name, hstart, hend, hid, evalue, perc_id, phase, end_phase) VALUES (1640806,1594,2380,2562,1000.0000,-1,9,'wublastp',123,183,'P70388',1.9e-121,88,0,2);
INSERT INTO feature (id, contig, seq_start, seq_end, score, strand, analysis, name, hstart, hend, hid, evalue, perc_id, phase, end_phase) VALUES (1640802,1594,5954,6103,1000.0000,-1,9,'wublastp',72,121,'P70388',1.9e-121,88,0,2);
INSERT INTO feature (id, contig, seq_start, seq_end, score, strand, analysis, name, hstart, hend, hid, evalue, perc_id, phase, end_phase) VALUES (1640797,1594,22513,22596,1000.0000,-1,9,'wublastp',44,71,'P70388',1.9e-121,88,0,0);
INSERT INTO feature (id, contig, seq_start, seq_end, score, strand, analysis, name, hstart, hend, hid, evalue, perc_id, phase, end_phase) VALUES (1640792,1594,24135,24140,1000.0000,-1,9,'wublastp',42,43,'P70388',1.9e-121,88,0,0);
INSERT INTO feature (id, contig, seq_start, seq_end, score, strand, analysis, name, hstart, hend, hid, evalue, perc_id, phase, end_phase) VALUES (1640788,1594,24141,24176,1000.0000,-1,9,'wublastp',29,40,'P70388',1.9e-121,88,0,0);
INSERT INTO feature (id, contig, seq_start, seq_end, score, strand, analysis, name, hstart, hend, hid, evalue, perc_id, phase, end_phase) VALUES (1640783,1594,24249,24269,216.0000,-1,9,'wublastp',44,50,'P70388',1.9e-121,87,0,0);
INSERT INTO feature (id, contig, seq_start, seq_end, score, strand, analysis, name, hstart, hend, hid, evalue, perc_id, phase, end_phase) VALUES (1640778,1594,24427,24555,216.0000,-1,9,'wublastp',1,43,'P70388',1.9e-121,87,0,0);
INSERT INTO feature (id, contig, seq_start, seq_end, score, strand, analysis, name, hstart, hend, hid, evalue, perc_id, phase, end_phase) VALUES (1640568,1594,1814,2017,570.0000,-1,9,'wublastp',46,113,'Q9UP86',4.4e-54,100,0,0);
INSERT INTO feature (id, contig, seq_start, seq_end, score, strand, analysis, name, hstart, hend, hid, evalue, perc_id, phase, end_phase) VALUES (1640564,1594,2380,2511,570.0000,-1,9,'wublastp',1,44,'Q9UP86',4.4e-54,100,0,2);
INSERT INTO feature (id, contig, seq_start, seq_end, score, strand, analysis, name, hstart, hend, hid, evalue, perc_id, phase, end_phase) VALUES (120016080,1594,2380,2385,263.0000,-1,11,'wutblastn',5,10,'Mm.118130',8.6e-22,77,0,2);
INSERT INTO feature (id, contig, seq_start, seq_end, score, strand, analysis, name, hstart, hend, hid, evalue, perc_id, phase, end_phase) VALUES (120016114,1594,1814,2017,263.0000,-1,11,'wutblastn',14,217,'Mm.118130',8.6e-22,77,2,0);
INSERT INTO feature (id, contig, seq_start, seq_end, score, strand, analysis, name, hstart, hend, hid, evalue, perc_id, phase, end_phase) VALUES (120016886,1594,24427,24555,216.0000,-1,11,'wutblastn',243,371,'Mm.4888',7.7e-120,87,0,0);
INSERT INTO feature (id, contig, seq_start, seq_end, score, strand, analysis, name, hstart, hend, hid, evalue, perc_id, phase, end_phase) VALUES (120016920,1594,24249,24269,216.0000,-1,11,'wutblastn',372,392,'Mm.4888',7.7e-120,87,0,0);
INSERT INTO feature (id, contig, seq_start, seq_end, score, strand, analysis, name, hstart, hend, hid, evalue, perc_id, phase, end_phase) VALUES (120016954,1594,24135,24140,1000.0000,-1,11,'wutblastn',366,371,'Mm.4888',7.7e-120,88,0,0);
INSERT INTO feature (id, contig, seq_start, seq_end, score, strand, analysis, name, hstart, hend, hid, evalue, perc_id, phase, end_phase) VALUES (120016985,1594,22513,22596,1000.0000,-1,11,'wutblastn',372,455,'Mm.4888',7.7e-120,88,0,0);
INSERT INTO feature (id, contig, seq_start, seq_end, score, strand, analysis, name, hstart, hend, hid, evalue, perc_id, phase, end_phase) VALUES (120017019,1594,5954,6103,1000.0000,-1,11,'wutblastn',456,605,'Mm.4888',7.7e-120,88,0,2);
INSERT INTO feature (id, contig, seq_start, seq_end, score, strand, analysis, name, hstart, hend, hid, evalue, perc_id, phase, end_phase) VALUES (120017052,1594,2380,2562,1000.0000,-1,11,'wutblastn',609,791,'Mm.4888',7.7e-120,88,2,2);
INSERT INTO feature (id, contig, seq_start, seq_end, score, strand, analysis, name, hstart, hend, hid, evalue, perc_id, phase, end_phase) VALUES (120017084,1594,1814,2017,1000.0000,-1,11,'wutblastn',795,998,'Mm.4888',7.7e-120,88,2,0);
INSERT INTO feature (id, contig, seq_start, seq_end, score, strand, analysis, name, hstart, hend, hid, evalue, perc_id, phase, end_phase) VALUES (120017118,1594,24141,24176,1000.0000,-1,11,'wutblastn',327,362,'Mm.4888',7.7e-120,88,0,0);
INSERT INTO feature (id, contig, seq_start, seq_end, score, strand, analysis, name, hstart, hend, hid, evalue, perc_id, phase, end_phase) VALUES (120017507,1594,24249,24269,211.0000,-1,11,'wutblastn',285,305,'Rn.51136',2e-16,85,0,0);
INSERT INTO feature (id, contig, seq_start, seq_end, score, strand, analysis, name, hstart, hend, hid, evalue, perc_id, phase, end_phase) VALUES (120017540,1594,24427,24555,211.0000,-1,11,'wutblastn',156,284,'Rn.51136',2e-16,85,0,0);
INSERT INTO feature (id, contig, seq_start, seq_end, score, strand, analysis, name, hstart, hend, hid, evalue, perc_id, phase, end_phase) VALUES (120017575,1594,24427,24468,1007.0000,-1,11,'wutblastn',102,143,'Rn.51136',2.8e-101,77,0,0);
INSERT INTO feature (id, contig, seq_start, seq_end, score, strand, analysis, name, hstart, hend, hid, evalue, perc_id, phase, end_phase) VALUES (120017609,1594,24186,24278,1007.0000,-1,11,'wutblastn',144,236,'Rn.51136',2.8e-101,77,0,0);
INSERT INTO feature (id, contig, seq_start, seq_end, score, strand, analysis, name, hstart, hend, hid, evalue, perc_id, phase, end_phase) VALUES (120017644,1594,24135,24140,1007.0000,-1,11,'wutblastn',279,284,'Rn.51136',2.8e-101,77,0,0);
INSERT INTO feature (id, contig, seq_start, seq_end, score, strand, analysis, name, hstart, hend, hid, evalue, perc_id, phase, end_phase) VALUES (120017679,1594,22513,22596,1007.0000,-1,11,'wutblastn',285,368,'Rn.51136',2.8e-101,77,0,0);
INSERT INTO feature (id, contig, seq_start, seq_end, score, strand, analysis, name, hstart, hend, hid, evalue, perc_id, phase, end_phase) VALUES (120017708,1594,5954,6103,1007.0000,-1,11,'wutblastn',369,518,'Rn.51136',2.8e-101,77,0,2);
INSERT INTO feature (id, contig, seq_start, seq_end, score, strand, analysis, name, hstart, hend, hid, evalue, perc_id, phase, end_phase) VALUES (120017742,1594,2380,2562,1007.0000,-1,11,'wutblastn',522,704,'Rn.51136',2.8e-101,77,2,2);
INSERT INTO feature (id, contig, seq_start, seq_end, score, strand, analysis, name, hstart, hend, hid, evalue, perc_id, phase, end_phase) VALUES (120017776,1594,1814,2017,1007.0000,-1,11,'wutblastn',708,911,'Rn.51136',2.8e-101,77,2,0);
INSERT INTO feature (id, contig, seq_start, seq_end, score, strand, analysis, name, hstart, hend, hid, evalue, perc_id, phase, end_phase) VALUES (120017810,1594,24141,24179,1007.0000,-1,11,'wutblastn',237,275,'Rn.51136',2.8e-101,77,0,0);
INSERT INTO feature (id, contig, seq_start, seq_end, score, strand, analysis, name, hstart, hend, hid, evalue, perc_id, phase, end_phase) VALUES (120018562,1594,24249,24269,220.0000,-1,11,'wutblastn',518,538,'Hs.41587',1.9e-128,89,0,0);
INSERT INTO feature (id, contig, seq_start, seq_end, score, strand, analysis, name, hstart, hend, hid, evalue, perc_id, phase, end_phase) VALUES (120018593,1594,24427,24555,220.0000,-1,11,'wutblastn',389,517,'Hs.41587',1.9e-128,89,0,0);
INSERT INTO feature (id, contig, seq_start, seq_end, score, strand, analysis, name, hstart, hend, hid, evalue, perc_id, phase, end_phase) VALUES (120018626,1594,24135,24140,1080.0000,-1,11,'wutblastn',512,517,'Hs.41587',1.9e-128,96,0,0);
INSERT INTO feature (id, contig, seq_start, seq_end, score, strand, analysis, name, hstart, hend, hid, evalue, perc_id, phase, end_phase) VALUES (120018658,1594,22513,22596,1080.0000,-1,11,'wutblastn',518,601,'Hs.41587',1.9e-128,96,0,0);
INSERT INTO feature (id, contig, seq_start, seq_end, score, strand, analysis, name, hstart, hend, hid, evalue, perc_id, phase, end_phase) VALUES (120018689,1594,5954,6103,1080.0000,-1,11,'wutblastn',602,751,'Hs.41587',1.9e-128,96,0,2);
INSERT INTO feature (id, contig, seq_start, seq_end, score, strand, analysis, name, hstart, hend, hid, evalue, perc_id, phase, end_phase) VALUES (120018729,1594,2380,2562,1080.0000,-1,11,'wutblastn',755,937,'Hs.41587',1.9e-128,96,2,2);
INSERT INTO feature (id, contig, seq_start, seq_end, score, strand, analysis, name, hstart, hend, hid, evalue, perc_id, phase, end_phase) VALUES (120018761,1594,1814,2017,1080.0000,-1,11,'wutblastn',941,1144,'Hs.41587',1.9e-128,96,2,0);
INSERT INTO feature (id, contig, seq_start, seq_end, score, strand, analysis, name, hstart, hend, hid, evalue, perc_id, phase, end_phase) VALUES (120018794,1594,24141,24176,1080.0000,-1,11,'wutblastn',473,508,'Hs.41587',1.9e-128,96,0,0);
INSERT INTO feature (id, contig, seq_start, seq_end, score, strand, analysis, name, hstart, hend, hid, evalue, perc_id, phase, end_phase) VALUES (120019131,1594,38396,38539,679.0000,1,11,'wutblastn',45,188,'Hs.2247',2.5e-66,100,0,0);
INSERT INTO feature (id, contig, seq_start, seq_end, score, strand, analysis, name, hstart, hend, hid, evalue, perc_id, phase, end_phase) VALUES (120019163,1594,38748,38780,679.0000,1,11,'wutblastn',189,221,'Hs.2247',2.5e-66,100,0,0);
INSERT INTO feature (id, contig, seq_start, seq_end, score, strand, analysis, name, hstart, hend, hid, evalue, perc_id, phase, end_phase) VALUES (120019193,1594,39731,39859,679.0000,1,11,'wutblastn',222,350,'Hs.2247',2.5e-66,100,0,0);
INSERT INTO feature (id, contig, seq_start, seq_end, score, strand, analysis, name, hstart, hend, hid, evalue, perc_id, phase, end_phase) VALUES (120019224,1594,39965,40063,679.0000,1,11,'wutblastn',351,446,'Hs.2247',2.5e-66,100,0,0);
INSERT INTO feature (id, contig, seq_start, seq_end, score, strand, analysis, name, hstart, hend, hid, evalue, perc_id, phase, end_phase) VALUES (120039585,1594,24427,24555,220.0000,-1,12,'wutblastn',322,450,'AF057300',1.6e-83,89,0,0);
INSERT INTO feature (id, contig, seq_start, seq_end, score, strand, analysis, name, hstart, hend, hid, evalue, perc_id, phase, end_phase) VALUES (120039618,1594,24249,24269,220.0000,-1,12,'wutblastn',451,471,'AF057300',1.6e-83,89,0,0);
INSERT INTO feature (id, contig, seq_start, seq_end, score, strand, analysis, name, hstart, hend, hid, evalue, perc_id, phase, end_phase) VALUES (120039650,1594,24135,24140,312.0000,-1,12,'wutblastn',445,450,'AF057300',3.1e-93,88,0,0);
INSERT INTO feature (id, contig, seq_start, seq_end, score, strand, analysis, name, hstart, hend, hid, evalue, perc_id, phase, end_phase) VALUES (120039683,1594,22513,22596,312.0000,-1,12,'wutblastn',451,534,'AF057300',3.1e-93,88,0,0);
INSERT INTO feature (id, contig, seq_start, seq_end, score, strand, analysis, name, hstart, hend, hid, evalue, perc_id, phase, end_phase) VALUES (120039715,1594,6017,6103,312.0000,-1,12,'wutblastn',535,621,'AF057300',3.1e-93,88,0,0);
INSERT INTO feature (id, contig, seq_start, seq_end, score, strand, analysis, name, hstart, hend, hid, evalue, perc_id, phase, end_phase) VALUES (120039745,1594,24141,24176,312.0000,-1,12,'wutblastn',406,441,'AF057300',3.1e-93,88,0,0);
INSERT INTO feature (id, contig, seq_start, seq_end, score, strand, analysis, name, hstart, hend, hid, evalue, perc_id, phase, end_phase) VALUES (120039774,1594,2380,2562,657.0000,-1,12,'wutblastn',623,805,'AF057300',3.1e-93,100,2,2);
INSERT INTO feature (id, contig, seq_start, seq_end, score, strand, analysis, name, hstart, hend, hid, evalue, perc_id, phase, end_phase) VALUES (120039807,1594,1814,2017,657.0000,-1,12,'wutblastn',809,1012,'AF057300',3.1e-93,100,2,0);
INSERT INTO feature (id, contig, seq_start, seq_end, score, strand, analysis, name, hstart, hend, hid, evalue, perc_id, phase, end_phase) VALUES (120040528,1594,24249,24269,216.0000,-1,12,'wutblastn',372,392,'MMU66887',7.9e-120,87,0,0);
INSERT INTO feature (id, contig, seq_start, seq_end, score, strand, analysis, name, hstart, hend, hid, evalue, perc_id, phase, end_phase) VALUES (120040555,1594,24427,24555,216.0000,-1,12,'wutblastn',243,371,'MMU66887',7.9e-120,87,0,0);
INSERT INTO feature (id, contig, seq_start, seq_end, score, strand, analysis, name, hstart, hend, hid, evalue, perc_id, phase, end_phase) VALUES (120040585,1594,24141,24176,1000.0000,-1,12,'wutblastn',327,362,'MMU66887',7.9e-120,88,0,0);
INSERT INTO feature (id, contig, seq_start, seq_end, score, strand, analysis, name, hstart, hend, hid, evalue, perc_id, phase, end_phase) VALUES (120040617,1594,24135,24140,1000.0000,-1,12,'wutblastn',366,371,'MMU66887',7.9e-120,88,0,0);
INSERT INTO feature (id, contig, seq_start, seq_end, score, strand, analysis, name, hstart, hend, hid, evalue, perc_id, phase, end_phase) VALUES (120040649,1594,22513,22596,1000.0000,-1,12,'wutblastn',372,455,'MMU66887',7.9e-120,88,0,0);
INSERT INTO feature (id, contig, seq_start, seq_end, score, strand, analysis, name, hstart, hend, hid, evalue, perc_id, phase, end_phase) VALUES (120040680,1594,5954,6103,1000.0000,-1,12,'wutblastn',456,605,'MMU66887',7.9e-120,88,0,2);
INSERT INTO feature (id, contig, seq_start, seq_end, score, strand, analysis, name, hstart, hend, hid, evalue, perc_id, phase, end_phase) VALUES (120040710,1594,2380,2562,1000.0000,-1,12,'wutblastn',609,791,'MMU66887',7.9e-120,88,2,2);
INSERT INTO feature (id, contig, seq_start, seq_end, score, strand, analysis, name, hstart, hend, hid, evalue, perc_id, phase, end_phase) VALUES (120040740,1594,1814,2017,1000.0000,-1,12,'wutblastn',795,998,'MMU66887',7.9e-120,88,2,0);
INSERT INTO feature (id, contig, seq_start, seq_end, score, strand, analysis, name, hstart, hend, hid, evalue, perc_id, phase, end_phase) VALUES (120047371,1594,39731,39859,679.0000,1,12,'wutblastn',222,350,'HSIL5R',2.6e-66,100,0,0);
INSERT INTO feature (id, contig, seq_start, seq_end, score, strand, analysis, name, hstart, hend, hid, evalue, perc_id, phase, end_phase) VALUES (120047405,1594,39965,40063,679.0000,1,12,'wutblastn',351,446,'HSIL5R',2.6e-66,100,0,0);
INSERT INTO feature (id, contig, seq_start, seq_end, score, strand, analysis, name, hstart, hend, hid, evalue, perc_id, phase, end_phase) VALUES (120047437,1594,38396,38539,679.0000,1,12,'wutblastn',45,188,'E01639',2.6e-66,100,0,0);
INSERT INTO feature (id, contig, seq_start, seq_end, score, strand, analysis, name, hstart, hend, hid, evalue, perc_id, phase, end_phase) VALUES (120047470,1594,38748,38780,679.0000,1,12,'wutblastn',189,221,'E01639',2.6e-66,100,0,0);
INSERT INTO feature (id, contig, seq_start, seq_end, score, strand, analysis, name, hstart, hend, hid, evalue, perc_id, phase, end_phase) VALUES (120047503,1594,39731,39859,679.0000,1,12,'wutblastn',222,350,'E01639',2.6e-66,100,0,0);
INSERT INTO feature (id, contig, seq_start, seq_end, score, strand, analysis, name, hstart, hend, hid, evalue, perc_id, phase, end_phase) VALUES (120047537,1594,39965,40063,679.0000,1,12,'wutblastn',351,446,'E01639',2.6e-66,100,0,0);
INSERT INTO feature (id, contig, seq_start, seq_end, score, strand, analysis, name, hstart, hend, hid, evalue, perc_id, phase, end_phase) VALUES (11413,1594,24427,24555,15.0000,-1,3,'genscan',-1,-1,'Initial Exon',0.866,0,0,0);
INSERT INTO feature (id, contig, seq_start, seq_end, score, strand, analysis, name, hstart, hend, hid, evalue, perc_id, phase, end_phase) VALUES (11414,1594,24135,24278,3.9600,-1,3,'genscan',-1,-1,'Internal Exon',0.926,0,0,0);
INSERT INTO feature (id, contig, seq_start, seq_end, score, strand, analysis, name, hstart, hend, hid, evalue, perc_id, phase, end_phase) VALUES (11415,1594,22513,22596,1.0000,-1,3,'genscan',-1,-1,'Internal Exon',0.664,0,0,0);
INSERT INTO feature (id, contig, seq_start, seq_end, score, strand, analysis, name, hstart, hend, hid, evalue, perc_id, phase, end_phase) VALUES (11416,1594,5952,6103,9.5400,-1,3,'genscan',-1,-1,'Internal Exon',0.997,0,0,2);
INSERT INTO feature (id, contig, seq_start, seq_end, score, strand, analysis, name, hstart, hend, hid, evalue, perc_id, phase, end_phase) VALUES (11417,1594,2378,2563,11.2800,-1,3,'genscan',-1,-1,'Internal Exon',0.997,0,2,2);
INSERT INTO feature (id, contig, seq_start, seq_end, score, strand, analysis, name, hstart, hend, hid, evalue, perc_id, phase, end_phase) VALUES (11418,1594,1814,2018,19.5800,-1,3,'genscan',-1,-1,'Internal Exon',0.482,0,2,0);
INSERT INTO feature (id, contig, seq_start, seq_end, score, strand, analysis, name, hstart, hend, hid, evalue, perc_id, phase, end_phase) VALUES (11419,1594,38396,38539,13.2400,1,3,'genscan',-1,-1,'Initial Exon',0.978,0,0,0);
INSERT INTO feature (id, contig, seq_start, seq_end, score, strand, analysis, name, hstart, hend, hid, evalue, perc_id, phase, end_phase) VALUES (11420,1594,38748,38780,4.4000,1,3,'genscan',-1,-1,'Internal Exon',0.955,0,0,0);
INSERT INTO feature (id, contig, seq_start, seq_end, score, strand, analysis, name, hstart, hend, hid, evalue, perc_id, phase, end_phase) VALUES (11421,1594,39731,39859,6.7700,1,3,'genscan',-1,-1,'Internal Exon',0.987,0,0,0);
INSERT INTO feature (id, contig, seq_start, seq_end, score, strand, analysis, name, hstart, hend, hid, evalue, perc_id, phase, end_phase) VALUES (11422,1594,39965,40063,6.4500,1,3,'genscan',-1,-1,'Terminal Exon',0.997,0,0,0);
INSERT INTO feature (id, contig, seq_start, seq_end, score, strand, analysis, name, hstart, hend, hid, evalue, perc_id, phase, end_phase) VALUES (11423,1594,52448,52480,-2.2800,1,3,'genscan',-1,-1,'Initial Exon',0.119,0,0,0);
INSERT INTO feature (id, contig, seq_start, seq_end, score, strand, analysis, name, hstart, hend, hid, evalue, perc_id, phase, end_phase) VALUES (11424,1594,52611,52750,5.9400,1,3,'genscan',-1,-1,'Internal Exon',0.167,0,0,2);
INSERT INTO feature (id, contig, seq_start, seq_end, score, strand, analysis, name, hstart, hend, hid, evalue, perc_id, phase, end_phase) VALUES (11425,1594,54340,54553,2.5200,1,3,'genscan',-1,-1,'Terminal Exon',0.136,0,2,0);
INSERT INTO feature (id, contig, seq_start, seq_end, score, strand, analysis, name, hstart, hend, hid, evalue, perc_id, phase, end_phase) VALUES (11481,1594,40066,40224,-1000.0000,0,2,'e-PCR',1,158,'RH18076',NULL,0,0,0);
INSERT INTO feature (id, contig, seq_start, seq_end, score, strand, analysis, name, hstart, hend, hid, evalue, perc_id, phase, end_phase) VALUES (11482,1594,40073,40373,-1000.0000,0,2,'e-PCR',1,300,'RH13903',NULL,0,0,0);   

#
# Dumping data for table 'contig'
#

INSERT INTO contig (internal_id, id, clone, length, offset, corder, dna, chromosomeId, international_id) VALUES (1594,'AC004042.00001',20556,57186,1,'',344204,0,'AC004042.1~1'); 


#
# Dumping data for table 'repeat_feature' 
#

INSERT INTO repeat_feature (id, contig, seq_start, seq_end, score, strand, analysis, hstart, hend, hid) VALUES (2102719,1594,463,783,2295.0000,1,1,3,304,'AluSp');
INSERT INTO repeat_feature (id, contig, seq_start, seq_end, score, strand, analysis, hstart, hend, hid) VALUES (2102721,1594,1063,1175,318.0000,1,1,2589,2710,'L2');
INSERT INTO repeat_feature (id, contig, seq_start, seq_end, score, strand, analysis, hstart, hend, hid) VALUES (2102724,1594,1596,1804,980.0000,1,1,6058,6291,'L1MA8');
INSERT INTO repeat_feature (id, contig, seq_start, seq_end, score, strand, analysis, hstart, hend, hid) VALUES (2102725,1594,3052,3359,2315.0000,1,1,1,311,'AluSq');
INSERT INTO repeat_feature (id, contig, seq_start, seq_end, score, strand, analysis, hstart, hend, hid) VALUES (2102726,1594,3381,3767,808.0000,-1,1,1759,2123,'L2');
INSERT INTO repeat_feature (id, contig, seq_start, seq_end, score, strand, analysis, hstart, hend, hid) VALUES (2102728,1594,3768,4077,2550.0000,1,1,1,305,'AluSc');
INSERT INTO repeat_feature (id, contig, seq_start, seq_end, score, strand, analysis, hstart, hend, hid) VALUES (2102732,1594,4078,4294,808.0000,-1,1,1537,1759,'L2');
INSERT INTO repeat_feature (id, contig, seq_start, seq_end, score, strand, analysis, hstart, hend, hid) VALUES (2102734,1594,4395,4906,2011.0000,1,1,1,505,'MLT1D');
INSERT INTO repeat_feature (id, contig, seq_start, seq_end, score, strand, analysis, hstart, hend, hid) VALUES (2102735,1594,5072,5287,350.0000,-1,1,1112,1346,'L2');
INSERT INTO repeat_feature (id, contig, seq_start, seq_end, score, strand, analysis, hstart, hend, hid) VALUES (2102739,1594,5720,5833,654.0000,1,1,6212,6325,'L1MC1');
INSERT INTO repeat_feature (id, contig, seq_start, seq_end, score, strand, analysis, hstart, hend, hid) VALUES (2102740,1594,6424,6773,2283.0000,1,1,1,364,'THE1B');
INSERT INTO repeat_feature (id, contig, seq_start, seq_end, score, strand, analysis, hstart, hend, hid) VALUES (2102742,1594,6774,8339,12336.0000,1,1,1,1580,'THE1B-internal');
INSERT INTO repeat_feature (id, contig, seq_start, seq_end, score, strand, analysis, hstart, hend, hid) VALUES (2102748,1594,8342,8673,2289.0000,1,1,3,364,'THE1B');
INSERT INTO repeat_feature (id, contig, seq_start, seq_end, score, strand, analysis, hstart, hend, hid) VALUES (2102749,1594,8709,8867,488.0000,-1,1,7634,7825,'L1MC4');
INSERT INTO repeat_feature (id, contig, seq_start, seq_end, score, strand, analysis, hstart, hend, hid) VALUES (2102752,1594,8890,9068,523.0000,1,1,1,169,'MLT1D');
INSERT INTO repeat_feature (id, contig, seq_start, seq_end, score, strand, analysis, hstart, hend, hid) VALUES (2102755,1594,9076,9185,561.0000,1,1,6211,6325,'L1MC1');
INSERT INTO repeat_feature (id, contig, seq_start, seq_end, score, strand, analysis, hstart, hend, hid) VALUES (2102757,1594,9441,9602,278.0000,-1,1,1107,1264,'L1MEc');
INSERT INTO repeat_feature (id, contig, seq_start, seq_end, score, strand, analysis, hstart, hend, hid) VALUES (2102758,1594,9662,9799,472.0000,-1,1,3839,3976,'L1M4');
INSERT INTO repeat_feature (id, contig, seq_start, seq_end, score, strand, analysis, hstart, hend, hid) VALUES (2102764,1594,9850,10145,1147.0000,-1,1,7296,7597,'L1MC4');
INSERT INTO repeat_feature (id, contig, seq_start, seq_end, score, strand, analysis, hstart, hend, hid) VALUES (2102767,1594,10148,10373,1394.0000,-1,1,72,297,'AluJb');
INSERT INTO repeat_feature (id, contig, seq_start, seq_end, score, strand, analysis, hstart, hend, hid) VALUES (2102769,1594,10406,10548,438.0000,-1,1,7099,7245,'L1MC4');
INSERT INTO repeat_feature (id, contig, seq_start, seq_end, score, strand, analysis, hstart, hend, hid) VALUES (2102772,1594,10581,11496,6170.0000,1,1,70,1005,'Tigger1');
INSERT INTO repeat_feature (id, contig, seq_start, seq_end, score, strand, analysis, hstart, hend, hid) VALUES (2102773,1594,11768,11885,389.0000,-1,1,3841,3964,'L1');
INSERT INTO repeat_feature (id, contig, seq_start, seq_end, score, strand, analysis, hstart, hend, hid) VALUES (2102775,1594,11899,12413,1796.0000,-1,1,2467,3001,'L1M4');
INSERT INTO repeat_feature (id, contig, seq_start, seq_end, score, strand, analysis, hstart, hend, hid) VALUES (2102777,1594,12480,12594,416.0000,-1,1,2250,2369,'L1M4');
INSERT INTO repeat_feature (id, contig, seq_start, seq_end, score, strand, analysis, hstart, hend, hid) VALUES (2102778,1594,12614,13004,1261.0000,-1,1,862,1264,'L1MEc');
INSERT INTO repeat_feature (id, contig, seq_start, seq_end, score, strand, analysis, hstart, hend, hid) VALUES (2102779,1594,13019,13324,607.0000,-1,1,1671,1979,'L1MEc');
INSERT INTO repeat_feature (id, contig, seq_start, seq_end, score, strand, analysis, hstart, hend, hid) VALUES (2102780,1594,13387,13497,567.0000,-1,1,1147,1259,'L1MEc');
INSERT INTO repeat_feature (id, contig, seq_start, seq_end, score, strand, analysis, hstart, hend, hid) VALUES (2102781,1594,13498,13825,2193.0000,1,1,1,308,'AluSg');
INSERT INTO repeat_feature (id, contig, seq_start, seq_end, score, strand, analysis, hstart, hend, hid) VALUES (2102782,1594,13826,14087,567.0000,-1,1,893,1147,'L1MEc');
INSERT INTO repeat_feature (id, contig, seq_start, seq_end, score, strand, analysis, hstart, hend, hid) VALUES (2102783,1594,14772,15027,200.0000,-1,1,2424,2704,'L2');
INSERT INTO repeat_feature (id, contig, seq_start, seq_end, score, strand, analysis, hstart, hend, hid) VALUES (2102784,1594,15132,15350,338.0000,-1,1,1989,2245,'L2');
INSERT INTO repeat_feature (id, contig, seq_start, seq_end, score, strand, analysis, hstart, hend, hid) VALUES (2102785,1594,16551,16877,1629.0000,-1,1,58,426,'MSTA');
INSERT INTO repeat_feature (id, contig, seq_start, seq_end, score, strand, analysis, hstart, hend, hid) VALUES (2102786,1594,16881,17778,4005.0000,-1,1,1,929,'MSTA-internal');
INSERT INTO repeat_feature (id, contig, seq_start, seq_end, score, strand, analysis, hstart, hend, hid) VALUES (2102787,1594,17779,18148,2327.0000,-1,1,2,426,'MSTA');
INSERT INTO repeat_feature (id, contig, seq_start, seq_end, score, strand, analysis, hstart, hend, hid) VALUES (2102788,1594,18153,19690,3257.0000,1,1,513,2227,'L2');
INSERT INTO repeat_feature (id, contig, seq_start, seq_end, score, strand, analysis, hstart, hend, hid) VALUES (2102789,1594,19747,19846,211.0000,1,1,2324,2438,'L2');
INSERT INTO repeat_feature (id, contig, seq_start, seq_end, score, strand, analysis, hstart, hend, hid) VALUES (2102790,1594,19858,20387,2799.0000,-1,1,1668,2146,'L2');
INSERT INTO repeat_feature (id, contig, seq_start, seq_end, score, strand, analysis, hstart, hend, hid) VALUES (2102791,1594,20388,20684,2117.0000,1,1,1,297,'AluSx');
INSERT INTO repeat_feature (id, contig, seq_start, seq_end, score, strand, analysis, hstart, hend, hid) VALUES (2102792,1594,20685,21446,2799.0000,-1,1,730,1668,'L2');
INSERT INTO repeat_feature (id, contig, seq_start, seq_end, score, strand, analysis, hstart, hend, hid) VALUES (2102793,1594,21958,22084,715.0000,-1,1,1,126,'FLAM_A');
INSERT INTO repeat_feature (id, contig, seq_start, seq_end, score, strand, analysis, hstart, hend, hid) VALUES (2102794,1594,22963,23127,857.0000,-1,1,137,291,'AluJb');
INSERT INTO repeat_feature (id, contig, seq_start, seq_end, score, strand, analysis, hstart, hend, hid) VALUES (2102795,1594,23138,23451,2458.0000,-1,1,1,308,'AluSx');
INSERT INTO repeat_feature (id, contig, seq_start, seq_end, score, strand, analysis, hstart, hend, hid) VALUES (2102796,1594,23452,23597,348.0000,-1,1,3,162,'MIR');
INSERT INTO repeat_feature (id, contig, seq_start, seq_end, score, strand, analysis, hstart, hend, hid) VALUES (2102797,1594,25131,25349,547.0000,1,1,3,226,'Charlie1');
INSERT INTO repeat_feature (id, contig, seq_start, seq_end, score, strand, analysis, hstart, hend, hid) VALUES (2102798,1594,25358,25472,497.0000,1,1,2636,2756,'Charlie1');
INSERT INTO repeat_feature (id, contig, seq_start, seq_end, score, strand, analysis, hstart, hend, hid) VALUES (2102799,1594,26021,26064,1293.0000,-1,1,6145,6185,'L1MB3');
INSERT INTO repeat_feature (id, contig, seq_start, seq_end, score, strand, analysis, hstart, hend, hid) VALUES (2102800,1594,26065,26353,2496.0000,1,1,1,289,'AluY');
INSERT INTO repeat_feature (id, contig, seq_start, seq_end, score, strand, analysis, hstart, hend, hid) VALUES (2102801,1594,26354,26636,1293.0000,-1,1,5842,6145,'L1MB3');
INSERT INTO repeat_feature (id, contig, seq_start, seq_end, score, strand, analysis, hstart, hend, hid) VALUES (2102802,1594,26643,26992,2036.0000,1,1,6,337,'MER1B');
INSERT INTO repeat_feature (id, contig, seq_start, seq_end, score, strand, analysis, hstart, hend, hid) VALUES (2102808,1594,26993,27491,2182.0000,-1,1,5328,5842,'L1MB5');
INSERT INTO repeat_feature (id, contig, seq_start, seq_end, score, strand, analysis, hstart, hend, hid) VALUES (2102810,1594,27492,27791,2474.0000,-1,1,1,299,'AluSg');
INSERT INTO repeat_feature (id, contig, seq_start, seq_end, score, strand, analysis, hstart, hend, hid) VALUES (2102813,1594,27792,27806,2182.0000,-1,1,5315,5328,'L1MB5');
INSERT INTO repeat_feature (id, contig, seq_start, seq_end, score, strand, analysis, hstart, hend, hid) VALUES (2102815,1594,27813,27913,465.0000,-1,1,6066,6163,'L1ME1');
INSERT INTO repeat_feature (id, contig, seq_start, seq_end, score, strand, analysis, hstart, hend, hid) VALUES (2102818,1594,27914,28218,2510.0000,-1,1,1,302,'AluY');
INSERT INTO repeat_feature (id, contig, seq_start, seq_end, score, strand, analysis, hstart, hend, hid) VALUES (2102822,1594,28886,29124,1891.0000,1,1,47,286,'AluY');
INSERT INTO repeat_feature (id, contig, seq_start, seq_end, score, strand, analysis, hstart, hend, hid) VALUES (2102825,1594,29576,29875,2369.0000,-1,1,1,309,'AluSc');
INSERT INTO repeat_feature (id, contig, seq_start, seq_end, score, strand, analysis, hstart, hend, hid) VALUES (2102829,1594,29975,30522,2992.0000,-1,1,2,575,'MER6A');
INSERT INTO repeat_feature (id, contig, seq_start, seq_end, score, strand, analysis, hstart, hend, hid) VALUES (2102832,1594,31253,31548,2394.0000,1,1,1,296,'AluSc');
INSERT INTO repeat_feature (id, contig, seq_start, seq_end, score, strand, analysis, hstart, hend, hid) VALUES (2102835,1594,31652,31758,215.0000,1,1,5680,5787,'L1MC/D');
INSERT INTO repeat_feature (id, contig, seq_start, seq_end, score, strand, analysis, hstart, hend, hid) VALUES (2102838,1594,32521,32814,2531.0000,1,1,1,294,'AluSg');
INSERT INTO repeat_feature (id, contig, seq_start, seq_end, score, strand, analysis, hstart, hend, hid) VALUES (2102841,1594,32838,33402,3236.0000,-1,1,1,604,'MER6A');
INSERT INTO repeat_feature (id, contig, seq_start, seq_end, score, strand, analysis, hstart, hend, hid) VALUES (2102844,1594,33630,33723,645.0000,-1,1,37,130,'FLAM_A');
INSERT INTO repeat_feature (id, contig, seq_start, seq_end, score, strand, analysis, hstart, hend, hid) VALUES (2102848,1594,33803,34086,2041.0000,-1,1,1,285,'AluSx');
INSERT INTO repeat_feature (id, contig, seq_start, seq_end, score, strand, analysis, hstart, hend, hid) VALUES (2102851,1594,34109,34793,2579.0000,-1,1,7035,7739,'L1MC3');
INSERT INTO repeat_feature (id, contig, seq_start, seq_end, score, strand, analysis, hstart, hend, hid) VALUES (2102856,1594,34837,35130,2408.0000,-1,1,1,293,'AluY');
INSERT INTO repeat_feature (id, contig, seq_start, seq_end, score, strand, analysis, hstart, hend, hid) VALUES (2102859,1594,35256,35728,2432.0000,1,1,5686,6162,'L1MB2');
INSERT INTO repeat_feature (id, contig, seq_start, seq_end, score, strand, analysis, hstart, hend, hid) VALUES (2102863,1594,35927,36111,1317.0000,-1,1,126,312,'AluSg/x');
INSERT INTO repeat_feature (id, contig, seq_start, seq_end, score, strand, analysis, hstart, hend, hid) VALUES (2102866,1594,36278,36503,1325.0000,-1,1,1,229,'AluJo');
INSERT INTO repeat_feature (id, contig, seq_start, seq_end, score, strand, analysis, hstart, hend, hid) VALUES (2102870,1594,39585,39666,381.0000,-1,1,6207,6287,'L1MA8');
INSERT INTO repeat_feature (id, contig, seq_start, seq_end, score, strand, analysis, hstart, hend, hid) VALUES (2102872,1594,40625,40712,181.0000,1,1,2649,2747,'L2');
INSERT INTO repeat_feature (id, contig, seq_start, seq_end, score, strand, analysis, hstart, hend, hid) VALUES (2102875,1594,41177,41239,201.0000,-1,1,2673,2749,'L2');
INSERT INTO repeat_feature (id, contig, seq_start, seq_end, score, strand, analysis, hstart, hend, hid) VALUES (2102877,1594,41632,41744,362.0000,-1,1,2605,2728,'L2');
INSERT INTO repeat_feature (id, contig, seq_start, seq_end, score, strand, analysis, hstart, hend, hid) VALUES (2102880,1594,42636,42929,1739.0000,1,1,1,310,'AluJo');
INSERT INTO repeat_feature (id, contig, seq_start, seq_end, score, strand, analysis, hstart, hend, hid) VALUES (2102882,1594,43097,43394,1802.0000,-1,1,7,299,'AluJo');
INSERT INTO repeat_feature (id, contig, seq_start, seq_end, score, strand, analysis, hstart, hend, hid) VALUES (2102885,1594,43434,43730,2131.0000,-1,1,1,297,'AluSx');
INSERT INTO repeat_feature (id, contig, seq_start, seq_end, score, strand, analysis, hstart, hend, hid) VALUES (2102888,1594,43753,44050,2299.0000,-1,1,3,299,'AluY');
INSERT INTO repeat_feature (id, contig, seq_start, seq_end, score, strand, analysis, hstart, hend, hid) VALUES (2102893,1594,44055,44184,603.0000,-1,1,2,131,'AluJb');
INSERT INTO repeat_feature (id, contig, seq_start, seq_end, score, strand, analysis, hstart, hend, hid) VALUES (2102894,1594,44667,45419,615.0000,-1,1,1071,1837,'HERVL');
INSERT INTO repeat_feature (id, contig, seq_start, seq_end, score, strand, analysis, hstart, hend, hid) VALUES (2102899,1594,45513,45687,415.0000,1,1,1,174,'LTR41');
INSERT INTO repeat_feature (id, contig, seq_start, seq_end, score, strand, analysis, hstart, hend, hid) VALUES (2102902,1594,47707,48006,2389.0000,1,1,1,301,'AluSq');
INSERT INTO repeat_feature (id, contig, seq_start, seq_end, score, strand, analysis, hstart, hend, hid) VALUES (2102906,1594,48021,48138,330.0000,1,1,3880,4001,'L1M4');
INSERT INTO repeat_feature (id, contig, seq_start, seq_end, score, strand, analysis, hstart, hend, hid) VALUES (2102909,1594,48226,48314,395.0000,1,1,29,114,'MER91B');
INSERT INTO repeat_feature (id, contig, seq_start, seq_end, score, strand, analysis, hstart, hend, hid) VALUES (2102912,1594,48708,48856,684.0000,1,1,4,165,'FRAM');
INSERT INTO repeat_feature (id, contig, seq_start, seq_end, score, strand, analysis, hstart, hend, hid) VALUES (2102915,1594,48932,49133,476.0000,1,1,4501,4717,'L1M4');
INSERT INTO repeat_feature (id, contig, seq_start, seq_end, score, strand, analysis, hstart, hend, hid) VALUES (2102919,1594,49136,49451,1969.0000,1,1,1,312,'AluSx');
INSERT INTO repeat_feature (id, contig, seq_start, seq_end, score, strand, analysis, hstart, hend, hid) VALUES (2102922,1594,49535,49745,1179.0000,1,1,1,217,'MER20');
INSERT INTO repeat_feature (id, contig, seq_start, seq_end, score, strand, analysis, hstart, hend, hid) VALUES (2102924,1594,49815,50293,1022.0000,-1,1,5,505,'LTR33');
INSERT INTO repeat_feature (id, contig, seq_start, seq_end, score, strand, analysis, hstart, hend, hid) VALUES (2102926,1594,50379,50910,1017.0000,1,1,5182,5732,'L1ME3');
INSERT INTO repeat_feature (id, contig, seq_start, seq_end, score, strand, analysis, hstart, hend, hid) VALUES (2102929,1594,50911,51007,903.0000,-1,1,7640,7737,'L1MC3');
INSERT INTO repeat_feature (id, contig, seq_start, seq_end, score, strand, analysis, hstart, hend, hid) VALUES (2102933,1594,51008,51312,2058.0000,-1,1,1,306,'AluSg');
INSERT INTO repeat_feature (id, contig, seq_start, seq_end, score, strand, analysis, hstart, hend, hid) VALUES (2102935,1594,51313,51427,903.0000,-1,1,7529,7640,'L1MC3');
INSERT INTO repeat_feature (id, contig, seq_start, seq_end, score, strand, analysis, hstart, hend, hid) VALUES (2102939,1594,51428,51471,1017.0000,1,1,5732,5776,'L1ME3');
INSERT INTO repeat_feature (id, contig, seq_start, seq_end, score, strand, analysis, hstart, hend, hid) VALUES (2102941,1594,51472,51783,2241.0000,1,1,1,301,'AluSq');
INSERT INTO repeat_feature (id, contig, seq_start, seq_end, score, strand, analysis, hstart, hend, hid) VALUES (2102942,1594,51784,51997,1017.0000,1,1,5776,5947,'L1ME3');
INSERT INTO repeat_feature (id, contig, seq_start, seq_end, score, strand, analysis, hstart, hend, hid) VALUES (2102943,1594,52860,53067,452.0000,-1,1,2539,2750,'L2');
INSERT INTO repeat_feature (id, contig, seq_start, seq_end, score, strand, analysis, hstart, hend, hid) VALUES (2102944,1594,53066,53213,427.0000,1,1,29,185,'MIR');
INSERT INTO repeat_feature (id, contig, seq_start, seq_end, score, strand, analysis, hstart, hend, hid) VALUES (2102945,1594,53211,53752,1067.0000,-1,1,2127,2750,'L2');
INSERT INTO repeat_feature (id, contig, seq_start, seq_end, score, strand, analysis, hstart, hend, hid) VALUES (2102946,1594,53753,54043,2011.0000,-1,1,2,292,'AluJb');
INSERT INTO repeat_feature (id, contig, seq_start, seq_end, score, strand, analysis, hstart, hend, hid) VALUES (2102949,1594,54044,54192,1067.0000,-1,1,1995,2127,'L2');
INSERT INTO repeat_feature (id, contig, seq_start, seq_end, score, strand, analysis, hstart, hend, hid) VALUES (2102951,1594,55661,55765,211.0000,1,1,2594,2710,'L2');
INSERT INTO repeat_feature (id, contig, seq_start, seq_end, score, strand, analysis, hstart, hend, hid) VALUES (2102954,1594,55858,56168,1679.0000,-1,1,1,312,'AluJb');
INSERT INTO repeat_feature (id, contig, seq_start, seq_end, score, strand, analysis, hstart, hend, hid) VALUES (2102957,1594,56586,56640,409.0000,-1,1,142,195,'MIR');
INSERT INTO repeat_feature (id, contig, seq_start, seq_end, score, strand, analysis, hstart, hend, hid) VALUES (2102959,1594,56641,57018,2258.0000,-1,1,1,371,'THE1C');
INSERT INTO repeat_feature (id, contig, seq_start, seq_end, score, strand, analysis, hstart, hend, hid) VALUES (2102960,1594,57019,57112,409.0000,-1,1,44,142,'MIR');

#
#
#

INSERT INTO fset_feature (feature, fset, rank) VALUES (11413,194643,1);
INSERT INTO fset_feature (feature, fset, rank) VALUES (11414,194643,2);
INSERT INTO fset_feature (feature, fset, rank) VALUES (11415,194643,3);
INSERT INTO fset_feature (feature, fset, rank) VALUES (11416,194643,4);
INSERT INTO fset_feature (feature, fset, rank) VALUES (11417,194643,5);
INSERT INTO fset_feature (feature, fset, rank) VALUES (11418,194643,6);
INSERT INTO fset_feature (feature, fset, rank) VALUES (11419,194644,1);
INSERT INTO fset_feature (feature, fset, rank) VALUES (11420,194644,2);
INSERT INTO fset_feature (feature, fset, rank) VALUES (11421,194644,3);
INSERT INTO fset_feature (feature, fset, rank) VALUES (11422,194644,4);
INSERT INTO fset_feature (feature, fset, rank) VALUES (11423,194645,1);
INSERT INTO fset_feature (feature, fset, rank) VALUES (11424,194645,2);
INSERT INTO fset_feature (feature, fset, rank) VALUES (11425,194645,3);            

#
#
#

INSERT INTO fset (id, score) VALUES (194643,10.0600);
INSERT INTO fset (id, score) VALUES (194644,7.7150); 
INSERT INTO fset (id, score) VALUES (194645,2.0600);    



INSERT INTO clone (internal_id, id, embl_id, version, embl_version, htg_phase, created, modified, stored) VALUES ('20556','AC004042','AC004042','1','1','-1','2000-11-30 13:05:37','2000-11-30 13:05:37','2000-11-30 13:05:37');



INSERT INTO dna (id, sequence, created) VALUES ('344204','','2000-11-30 13:05:37');
