INSERT INTO clone (id, embl_id, version, embl_version, htg_phase, created, modified, stored) 
VALUES ('pog', 'pog', 1, 1, 3, '0000-00-00 00:00:00', '0000-00-00 00:00:00', '0000-00-00 00:00:00');

INSERT INTO contig (internal_id, id, clone, length, dna, offset, corder, chromosomeId, international_id) 
VALUES (1, 'contig1', 'pog', 5, 1, 0, NULL, 'chromosome1', 'international-a');
INSERT INTO contig (internal_id, id, clone, length, dna, offset, corder, chromosomeId, international_id) 
VALUES (2, 'contig2', 'pog', 6, 2, 0, NULL, 'chromosome1', 'international-b');
INSERT INTO contig (internal_id, id, clone, length, dna, offset, corder, chromosomeId, international_id) 
VALUES (3, 'contig3', 'pog', 5, 3, 0, NULL, 'chromosome1', 'international-c');
INSERT INTO contig (internal_id, id, clone, length, dna, offset, corder, chromosomeId, international_id) 
VALUES (4, 'contig4', 'pog', 6, 4, 0, NULL, 'chromosome1', 'international-d');
INSERT INTO contig (internal_id, id, clone, length, dna, offset, corder, chromosomeId, international_id) 
VALUES (5, 'contig5', 'pog', 5, 5, 0, NULL, 'chromosome1', 'international-e');

INSERT INTO contigoverlap (dna_a_id, dna_b_id, overlap_type, contig_a_position, contig_b_position, type, overlap_size)
VALUES (1, 2, 'right2left', 4, 1, 'TEST', 1);
INSERT INTO contigoverlap (dna_a_id, dna_b_id, overlap_type, contig_a_position, contig_b_position, type, overlap_size)
VALUES (2, 3, 'right2left', 5, 1, 'TEST', 1);
INSERT INTO contigoverlap (dna_a_id, dna_b_id, overlap_type, contig_a_position, contig_b_position, type, overlap_size)
VALUES (3, 4, 'right2left', 3, 2, 'TEST', 1);
INSERT INTO contigoverlap (dna_a_id, dna_b_id, overlap_type, contig_a_position, contig_b_position, type, overlap_size)
VALUES (4, 5, 'right2left', 5, 2, 'TEST', 1);
 
INSERT INTO exon (id,contig,seq_start,seq_end,rank,phase,strand) VALUES ('exon-1',1,2,4,1,0,1);
INSERT INTO exon (id,contig,seq_start,seq_end,rank,phase,strand) VALUES ('exon-1',2,2,4,2,0,1);
INSERT INTO exon (id,contig,seq_start,seq_end,rank,phase,strand) VALUES ('exon-2',2,5,6,1,0,1);

INSERT INTO exon_transcript (exon,transcript,rank) VALUES ('exon-1','transcript-1',1);
INSERT INTO exon_transcript (exon,transcript,rank) VALUES ('exon-2','transcript-1',2);

INSERT INTO transcript (id,gene,translation) VALUES ('transcript-1','gene-id-1','trl-1');
INSERT INTO gene (id) VALUES ('gene-id-1');
INSERT INTO translation (id,start_exon,seq_start,end_exon,seq_end) VALUES ('trl-1','exon-1',2,'exon-2',6);

INSERT INTO genedblink (gene_id,external_db,external_id) VALUES ('gene-id-1','swissprot','P000123');
INSERT INTO transcriptdblink (transcript_id,external_db,external_id) VALUES ('transcript-1','embl','AC000012');


INSERT INTO dna (id, sequence, created) 
VALUES (1, 'AAAAA', '2000-04-27 08:31:59');
INSERT INTO dna (id, sequence, created) 
VALUES (2, 'CCCCCC', '2000-04-27 08:31:59');
INSERT INTO dna (id, sequence, created) 
VALUES (3, 'TTTTT', '2000-04-27 08:31:59');
INSERT INTO dna (id, sequence, created) 
VALUES (4, 'GGGGGG', '2000-04-27 08:31:59');
INSERT INTO dna (id, sequence, created) 
VALUES (5, 'AAAAA', '2000-04-27 08:31:59');

INSERT INTO feature (id, contig, seq_start, seq_end, score, strand, analysis, name, hstart, hend, hid, evalue, perc_id)
VALUES (1, 1, 2, 3, 10, 1, 1, 'silly', 100, 120, 'P30002', 0.0, 0);
INSERT INTO feature (id, contig, seq_start, seq_end, score, strand, analysis, name, hstart, hend, hid, evalue, perc_id)
VALUES (2, 1, 2, 3, 10, 1, 2, 'genscan', 0, 0, 'genscan', 0.0, 0);

INSERT INTO fset (id, score)
VALUES (1, 100);

INSERT INTO fset_feature (feature, fset, rank) 
VALUES (2, 1, 1);

INSERT INTO analysis (id, db, db_version, program, program_version, gff_source, gff_feature)
VALUES (1, 'swissprot', 12, 'blast', 12,  'blast', 'similarity');
INSERT INTO analysis (id, db, db_version, program, program_version, gff_source, gff_feature)
VALUES (2, 'genscan', 12, 'blast', 12, 'blast', 'similarity');


