# MySQL dump 7.1
#
# Host: localhost    Database: genetype
#--------------------------------------------------------
# Server version	3.22.32

#
# Dumping data for table 'analysis'
#

INSERT INTO analysis VALUES (1,'swir','1','blastp','1','blastp','similarity');
INSERT INTO analysis VALUES (2,'PfamFrag','1','hmmpfam','1','hmmpfam','similarity');
INSERT INTO analysis VALUES (3,'vert','1','tblastn','1','tblastn','similarity');
INSERT INTO analysis VALUES (4,'dbest','1','tblastn','1','tblastn','similarity');
INSERT INTO analysis VALUES (5,'','','RepeatMasker','1','RepeatMasker','repeat');
INSERT INTO analysis VALUES (6,'','','Genscan','1','genscan','exon');

#
# Dumping data for table 'chromosome'
#


#
# Dumping data for table 'clone'
#

INSERT INTO clone VALUES (1,'AB000381','HSAB381',2,1,4,'1999-05-15 20:50:03','2000-06-24 19:44:00','2000-09-01 16:48:16');

#
# Dumping data for table 'contig'
#

INSERT INTO contig VALUES (1,'AB000381.00001',1,35863,1,1,1,25,NULL);

#
# Dumping data for table 'contig_orientation'
#


#
# Dumping data for table 'contigoverlap'
#


#
# Dumping data for table 'db_update'
#


#
# Dumping data for table 'dna'
#

INSERT INTO dna VALUES (1,'GCGGCCGGAATTAACCCTCACTAAAGGGATCCCTCGATCATACACTATGTGGCCTCTGTGTCTGGCTTCTGTCCCTGAGCACCAAGTTCTCAAGGCTCACTGCCTTGTTGCCTATGTCAGTGCTTGATTCCACGGAATGTACTCCATGTGGATAGAGCACATTTGTCTATCGGTTCATCAGTTGAAGGACATTTGGGTTGTGGAAGACCATGTGGGGCCAGAAAAGAAGAAAATCCTAAAAAAAAGACCCAAAATGATGCGGACTGTGAAGGAATAGATCAGACAGCTGAAAACCCTTCCAATGGCCAGAGCTGGAACAATTTGAGCAGCAAAATAAATAACAGTATTGGATTATACTCCTGTGCATAAAATAAATGTTTACAAGTCCATAATGATATCAATAAATGATTGAAGAAAGAAGGATATTGGAGAGAAAAGACCAATCTTCTGCATAAGAATTCAAATAATTTACATAGATACTTTGCTTGAAAAGGTGGAGCTTAAATTGCCACTCCTCAGATGTGGCTGCACTTAGTGACTTCCTTCCAACCATGACAGCATGGAAATAGGGTGGGGGAATGTATGAGTGTGTTTTCACGCTGCTTAGAAGGCATACCAGAGACTGGGCAATTTACAAAAGAAAGAAGTTTAATGGACTTACAGTTCCACGTGGCTGGGAAGGGCTCACAATCATGGCAGAAGGCAAGGAGGAGCAAGTCATGTCTTACAGGGCTGGCAGCAGGCAAAGCGAAAGACCTTGCGCAGGGAAACTCCCATTTTTAAAACCACCAGATTTCATGAGACTTATTCACTCTCATGAGAGCAGCATGGGAAAGACCTGCCCCCATGATTCAATCACCTCCCTCCAGGCACCTGCGACAACATGTGGGAATTCAAGATGTGATTTGGGTGGGGGACACAGTGAAACCGTATCGGGGAAAAAACATTACCAGGAGAGAAGCCTGGCAGATACAACACCATGGAAGTGGTCAAGGTCAGCATCAACAGTGGTGAATCCAGTGTCAGTGCCTACTGTTGATGTGGTGACAGAACAGTGATTCACTTCTGCTTCAGTCTTCTCAAAACGACCATCCCAGGCTAACCACCAGGAAAACACCAGGCAAATTGAGAGACACGCCACAAAATATTCAACCAGTACCTCTGAAACCTGTCGAGGTCACGAAAAACAAGGCAAGTCTGAGAAACTGTCACCGCCCAGAGGAGCCTCTGTAAACATGAGTATGTCCCACACAGGCTCTTGGGGGGTGCTAGATGAGAAAAGGACATTAGGGGAGAATGAAGCCAATCTGAATCAAGTGTGGATTCAGCTCATAATAATGGGTCAATATTGGTTCATTAATTGTGACAAATGGACCACAGGAATATAAGATGTTGAAATAGGGATTTCGGCCTGGGTGAGGTGGCTCACGCCCATTATCCCAGCACTTTGGGTGGCTGAGGTGGGAAGATTACTTGAGCCCAGGAGTTTGAGACAAGCCTGGGCAACATAGTGAGATCCCATCTCTACAAAAAAATGGCAAATTAGCCAGGCATGGGGGTGCATGCCTGTAGTCCCAACCACTTGGCAAGCTGAGGCGGGAGGATCACTTGAGCCCAGGAGGTTGAGGCTGCAGTGAGCTGTGATTGCACCACTGCACTCCAGCCTGGGCAACAGAGTGAGACCTTGTCGAGGAAGAAGAAAAAGAAGGAGAAGGAGAAGATAGCAATAAGGCTCTCTGGGTGTGGGGAATATAGGAACTGTCTGTACTATCTTGGGCAACTTNGCTGTAAGTCTAAAACAATTATAAAAGTAATAAGCTCCTCTAAAAAATGTGGAAATGCCTATAGAAGTGAGGGGCTCGATGGTGGGGTTCGTGTGGCTGGCAGAGCTCTGCAGGGAAATCGCCACACTGCCTAGGCCACATGCTTAGAGAAGTTGTTCTCCTGGTCCCCAGAAGACCACATCTTGGGTCTTGTTCGCCATGCAGGCAGTAACATTCTGTCTTTGGTAACCTGAAGAAGACTGCGAATAGCTTGTCTCAGGAGATAAAATGCCAAGATAATGAAGCTAAGGCCACAGGTCACGCCCTTCAGTCATCATTGCACAGGAGACGTTCTCACAGGCATGGCTTGCACCTAGACCCTGGTCACACCCTGAGCCCTGCCCCTAGACACACACTTAGGTCTGACCCTGGCTACACACTGAGCCCTGATCGTGCTTCCACTCTGTGGGGCCTCTGGACATACATTGAGCCCTGATCCTGGATATATATTGAGCCCCGCTCCTGGTCACACACTGAGCCCTGATCTGACACTGAGCCTGGATTCTGATCACATACTGAGACCCATCCCCACACTTGGGGTCATGCTGTCACACTATTTTTGACTCTGGACAAACATGGATCTCTGATTGTGGTGCACAGGCTGAGTCCTGANTGTGACCCCACACTGTGACCTGANTCTGGACATAAATTAATGCTGATCTTGCTGTGAAATTAAGTAATTCGAAATCAAAGCTGTTGGAACTTTAAATTATTTTGAGACTTAGAGGAGTGTGACTATAAGACCTGAATCATGTAAACAGGCAGCTGTAACCTTTGTTCTTCTCATTATAGATTAGCCTCTTCTTTACCTGCATCATTGTGCAGTATGTTGTAAAAGACAACAGGGTGCCAAAGAAGACCACTTTCCCTCTTCACTGTTGATCTCTTTATACACTGACTTCCCTTTTACTTCTCCCAGACAAAGACTTCACGACTATCACGTTGTCTAAGATGGAATGTTAAATATACTTTTAAACTGGAAAAGGTAAACAAGTTGTAATCAAATTGCTGTATCTCATAAACTGGCCTTGTGCGAAAAAAGAAACATAAGCCTGTTAAATGTCTTTGTTTTATCTGTCTAGAAAAGCAAGACCTTAACTTTCCAGCTTCGGAGCACTGACCTCATTCTTCTAGGGTCTGTGTTACCTGGATGGTCATTCTTAGCTTTGCACTTGAATAAATTTAGACTGGATTCTGATCCTTTCTATTATTTCGGGTTGCCATGGCTCACATTCTCAACCCTGGCCCTGGTCATAGTGATTGGAAGATGCAGTAAGAGCTAGGAACAGAGTTTGGGGGAAGCAAAGGAATGCCAGTTTGCTCAGAGAGAGAGAGCACTTCACGAAGGGATCAGAGAACAGCTGGGGGCTCAGGCTGATGGGGCTCTTAAAGGGGCATGAGCCGGGAGGCACCGGGAAAAAGCTGGGCATTGCAAGGTGCCCCAGCACCTGCTCTTGGCCATCCTGCTTCTTTCCCTCTTTCCTTCCCACCCAGAACCTTGCCCTGCAACCCCTTTTCTCCCTGCTGCCTCTGGCCTCCTGGAGCAGGGAGTACACCAGCTTTTGGAAACCCATTTTGAAGGATCCCAGCCTCTGGGCTCCAGGCTCACTGAGTGTGGCACACAGCTGCACCATGAATGCTTGCCCAGGCATGTCCAGGCTGGTCCCTCCCTGAGCTGTGCTGGCTCCTTTGGGAGCAGAGACTGGGGCGGGGAGGTGGAGGACACAGATGATTCACTCTGGGTTCCCAGGCAGGCTGGGTGCACATGTTTCCAGCTGATCTGGCTAGCCAGGAGCCAGGATGCAAGGATGCCTGTGTTCCTGAGCGTCGGGTGTGGCTGGTTTTTGCCAGGAGCAAGGAGGTGGCAAACTGGCTAAACAAGGGTGTCTAGGCTTCTGCCTCAGCTCCCAGCAGGCTGCAGGGCTCACCCGGCACAGCTCAGCTCGCCTGCCCTGCAGACTGGGGCTGAGCCATGGTTTGCTCCTGCAGGGCCTACAGCTGGGGGCACTGGAGGTGGCCCGGCAAGGGTCATTAGGAGCTCACCAGCCAGGCAACACCCGCAAGGGCTTCCTTCTCCGAACACACTGTCTTGAAGTTCTCTGCCCGCGAAGTGGGGTGGAAATTCAGCACCCCCCCGAGCAGAGCCTGGCCGCGAGATAGATGACTTGCCCTGTTTAAAGCGGTGCCCAGGGACAGCCTCCACGTCACCATCACTCAGGCTCCCTCTTGCAGCCCCTGCTGGCAAAGTGGAAATGTGGCTTGCAGAGTTGCGTCTGAAGCCAAGCAGAGGGTGGGAACGGAGCCAAACTCATAACTGAACCACCAGCACCCCCGTTGGGCAGCCCCGGAAGTGCACCCTCGGGGTCCTGCAGCGGAGAGGAGCTGGCCCCACCTGCCAGCCCCATGGTGCTCCCAGCCAGTGATGAGGCATGGCGGGGGCTGCTCCTCTGTGGCCTCCTCTTAGGGAAGCTTCGGCTGGGATGTCTCTGAGGCCAGCCGACATCTCAAAATGGCCCCGCCATCCAGGAGGCCCCCTCCTTCCGCAACTGTCAGAGCTATGCGGAGTCCCACAGCTCTCGCCTCCCACTCCTGTTCCCTCTCATCCTTCACAGGCTTTTCTGGCAAAATGTTCTTGCACATAGAGTCCTGCCTTGGCATCTGGTGTGGACAACAGGATCCAGTACACCCAAAGCCCCTCTACAAGACAGCCCCCATCTGCTTGCAGACGCCCCGGCCTCAGCCCTGCACCTTTCCTGTCTCACACACATATACGATACACACACACTCACACACACACAAAATACACTCACACACACAAAATACACTCACATACACAAGACACACAGACGTGTACTCACACACAAGCACAGGGACACACGTACACACATACCCACACATGTTACACGCACACATTCACACCTTATACACACAGACACACATTCACACACATAGACGTTACTTACACAAGCACATGCACACATGTACACACACTCCCACACTTGCACACTNACACACAGACATGCACTCACAGGCGTATGCGTACATGTGCACACGTATGCACACTTACTGATGTGCAGTCACACGCTATACACCGACACACACACGCAGTCACACACGACACACACACGGCCTGCACTCACATGCACATTCACACACATTCACGATACAGACATACACATGCACACAGGTACATTCCCGCAGACGCACACTCACACAGTGCATTCATACAGTACACTCACACTCGGACAAGCACTCACACAAGCATATTCATACGTACATCTACTCACACACGTACACACACAAGCACACTCACATCAGTGACACACACTGGCTCACATGTGCACTCACACATAACACATCCTCTTTCACACATGCACTGACATTCACTCTCAAACAGTTGCACACACACACATTTACATTTACTCACACACACAATTACAGTTACTCACAAACAGTCACAATCACACTCACATTTGCATGTGGACACACCTGTAAGCACACAAACACTTGTGCACACACCTGCACACTGTTTGGACTGCACTCACACACCAACCCCAGAGTGCACCAGGCTTGGTCCAGCCCCCCGGCGCTTCCCCCGCGACTGACCGAGGCTGGTGTAGGAGGGAGGGAGGAATCTGTCCCCCCTCCGGAGGGGAGATGAGGGCCATTCCAGAGCTTAGCTGCTCCGCTGCCTCTCATCAAGAGCAGGGCCAGGGAGGCCCAACGGCTTCGGGGAGTCAGAGTCGGTGGACCAGGCAGGAGGAGGGTAGGACCTGTGGCTCCCCTTCCACGACCACACTGTGTCCTGAGGTGCCTGGCTCTGGGCTCTGGCAGACCAGGTTTTTCAGTGTGGGCTGCATGGCCATCTCCTTCCTCTCCTTAACATTCTTTTTCCATGAAGTGGGAATCATGATCCCTCCAGCCCTAAGTTGTCCCCAGAATTAAAGGGGCATGTGTGTGTCTAACAGAGTCCTGGGACCAAGGAAAACCCCAGAGAAACAGGGGGACGGTGCTGTGAAAAGGAAGAGTTGGCTGTGAGGGCCTGATCCAAGTCACCTAGGAAGATGGGGGCAAGAGGGACCCGGGCCCAGGGAGCCGCGGAGCCGGGGAGGAGTGGGGCGAGGTCTGTGGCCGGCTTCACCGGGCCTCCTCTGCTGCCTGCCCACTGCTCCCCAATGCTGGGCAGGACCTCGAGTTTCCTCACCTGCAGGACCTCGACTTTCCTCACCTGCAGGATGGGTCCTCCCCTCCGGCCTCTGCTCGCCTCTCCTTCTCCTTCCCAAACTGCGCAGCTCTCAGCACCCTCTTCGGGCCACTCCCAGCACCCAGCAAACACATCTAAAACAGTGTAGCACAGCTCACAGGCCCTGGCACGCTGTGGGGGCTGTGACGGGGCCCAGCAGACCACGGGGACGACGAGCATCATCAGAGAGTAACCTGCAACCTGGCCATGCTGGGTCCTCCTGGGGACCTGACTAGCAGGAGGCACCCTTGAGGTCTCGGTGGTTCTGGGGCCCACAGGCTTCAGATCTGGCCCGTCTCCCATCTTCCACTCTTCTCCACGGCTCACTTTGCCTGAAAAATAGGCTAATGCTGCCTGCTCTACTGGCCAGCTGGGGAGGCTCTGTTGGTGAAATGAGAGCCCATAGGCTGGAAAGTGTTTGAAACATTTGAAGGCCCAAGTCTGGAGGGGAGGTCCCAAGGTCCACTCAGATCCTGAGTTCATTGGCTCAGCCTTGGGGCGGGGCTCTCGCTCCCGGAAGGGGATCTGCCTGGTGAAGCCCAGGGGAGTGGATTCAAGTCTAAGTCCGCCGCTGTGGATGTGGGGGCTGAGCAAACCACTCAGCCCTCTCAGAGGGCCTCATGAGGGTCCCAATTTCTGGCCTGCCAGGGCATGACCTCCCTGGAGACCTCACTCCAGACGCCTAGAAGTCAGTGACCCTCCAGCAAGAGGGAGAGGAGCCCGCAGCCAGGGCTGCTCTGATGGACGCCACAGGGCCGTTCCGACCCATGTCCCAGACTCCTTTTAACACAGGCCTCCTCTAGAAGTGTTTTCCAAGTGCTGGGGGTGGTAAGAAGGGGGTTCCAAGAACTGCCCAGTTTGGGAACGAGAGGGGGTGGGAGAACTGAGAGGGGCTGGGTCCCCAGGGCCAGTTGTACTGAGGAGGAGGCTTCCGACAGCCCTGGGCCCCCAACCCTCTGCTGGGCTTCTGGGAAGCAAACGCCTAAGTGTCCTGTTCCCTGTAGCCCAGCTAAGAAAGACCCTTGAGGGAAGCAGGCAGCCACAGAGGCTGTACAGTCTTGGGAGCCGTGGCACAGCCCAGGGTGGGCCAGGACAGTCCCCGTCCCCCTCACAGCCCTGGGGAGGGTAAGGCAGAGCCCATCAGGCTGTCCCCAGAGACGCCAGCTACCTCCTGGGCCAGGAGACAGGAGTCGTAGTCCTTGTTTAGAGGTTGCCTAGGGGAAGCCCTGGGGGAGATGGACAGGAGGAGGACGTGGCTAAGAGCTGGGGTGGGTGTTGCGGCCTCTCCAGGAGTATTCTGGAGAGAATTTCCTAAACAGAACAGGCTCTGTGAGGCCACCCACACTTGCTGCCTGCTGGCGACCCCTGGAGTGGCATCCCCCCTCCCCACTTCTGTGGGACCCTCAGACACAGCCGTCGCCATTGCTGAATGACCGTCGCTGCCACACGGCCAGCTGGACCATGCCCACAACTCACCAAAGGGCCAGAGGCACGACTCACCGAAGGGGTAGAGGTGGGATCCTGCCCACTGGTGGGAGGAGAGTACAGAGATGGACTCTACCCAGTTGCGACAAATTCAGGAGTTTCCCGAAGGGACTGCGACCTCTGTAGGCAAGCCCAAAACATCTAGGGGAGGCCGGGCGCACACCCCCTGGGACCAAGGGTGTGAGCCCAGGGCTGGCGAGTGGGTACCTGGGTGGGTCTGCCAGGTGGGGAGCCGGCTCTGTCTGCCAAGGGCCCTGAGGGCAGGATGTGGTCTGCCGGACAGCACGTCTGCTCACAGAGGGACCACCTCAGGAGGGCTTTCTTCTGAGCAGTTGTGCGTCCTGTGCTGAGCACCTTGGGGAAACTGAGACAGGAGGTAGTGTGGAGCGGTGAGTATCGTGGCAGGGGTGCCTCTTCACCAGCTNACGCCGCAAAGCCAGCCTACCCCAGCCTCCAGCCCTCATGGGCCTTGGAACCCCTCCGGGCATTTCCACAGCCCACTCCCAGGAAAGCCTGGCTCACAGGTAACCAGAGCACACTCCTATCACAGTGAGTCCCACAGCACCCATGCCTGGATGCTGGCCAAGCTCAGGCGCCTGCCACTGCCACTGCCACTGGCTGTGCCCTGCCTGCAGGTCTCCCTCATTCTACCCTCTCCTCAGATTCTCTCCTCTGCCTCTTCCAGGAAGCCTCCCGTACTCCACCCAGAGCCCTCTTGTCCTGAATTCCTGGGGTTCTTTGGGCTTCGGGGATAAGTGGGTGTGCAGCTGTCGTGTCCCTAGGTGAAAGCTGGACCAGTGCCCAGCCTCCCCGATGGCCTTCTTAGGGCCCACCCTGCAAACCTCTGCTTTATCTTCCAGATACAACCTCACCCATGAAGGGAAGGCCACGCCTGCATCCCTTAGGGTCAGAAGCCAAGACGCCCTGCAGGCTCTGCACCTGACTCTGGAGCCTAAGATCCCTAGAAGCAGGGCAGTGCTGCCTCCCTACAGCTTAGTCCTGCCCATGGTGGGTCCTTGGTTCAGACATTCATTCATTCCCTCCCCTCCCCCCTGCCCCATGTTATAGACAGGCTGGCTGGGCCCTATGCCGGGGGTGGGCCAAATCCTGCATGTGCAGAAGGATCCCGTGAGAGCCTGCCCACAGCAAGGTCGGTCAGAAGGGATGGCTGAGGCACAAGGGGCGGGGTTTACACCCCAGGTGGGGGCAGCACCGTGGGGTGCAGGAGCCCACAGGGAGGGTGCAGGGCCATCCAGCAAGGCCAGCCTGCACAAGGCCGTTCCTGCCCAGTCCAGGTGCAGAGCCTTACTAGGACCTGGGAGAGCAAAGGGACAGGCAAGGTCATACCTGCGGGGGTGTGGGGCTCCTCTGCTGGGCCTAGACGTTGAGTTCATACCCCTTTGCCAGGTTGGGAGAGGGCATCGGCTGGGGACAAAGCGGGTCAAGCAGGTATGAGATTACCCTTGGATCTCTTCCTCCTGCAGCTTGGAGGATGCCAGCAGGGGCCGGCGTTGAGGAGGCCCTCGGGTGGCATCACCAGCATGGCTCTGAGGGTCTCTATTTCCAGAGCTCTGCATCTGTGAGCTCAGGCACCCCACCCAGTCAGCGAGGGAGAAGGCAGGCCGCTCCTCAGTGGACACATGCCAGTGGCCTCAGGTCCCATTGCTCCACCTCTCGCAGTGGAAGGCCACCCCCAATGTGCTGAGTCCACTCAGCAGAAGGGAAGCGCTTTCCCTGAGCTTGCAGGACTCGGCCCAGAGCCCGGTGCTTAGAGGGCTCTGTGAGCCTTTGGGCCCAGGGGGCCTGTAGACGCCTTTGGAGGCTGGAATGTCCGTGGAAAGCACCACCTTGCTGATTCTGCCGCAGAGGCTGGGCTGGCATGTGGGCTGGGGCTTGTCCTAACACTGGGACCCTGGCAGGTCTCTGGGGTTGCAGGCAGGAAGCAGGTAAGGCTTCCACACTACAGCCTGTATGAGGTTGTATAAGGTAAAGCATTCATGTATTCATTTGCTCGGCAAGTATTCATTTACTTCCTACATGCTGGACACTGTGCTGGGTATTTGCCACAGTGGCCTTGACTGGCATCCACAGGGCCAGCAGCTTAAGGGCACACAGCCTGGGGGCCATGGGGGTGGTAAGAATGTGGGCCTGAGATGGTGGGAAATGCCTCCTGCACGGAAAACATGCTTCCCGTAGTCCCAGGCAGCTTAGAAGACCTACTGATGAGCATCGAAACAGAATCCTGCTCCTAAGCCTGGCTGTGCTCTCCCAGTGTGAGGTCTTTGGTTGCCGTCCATGTCATTGTCCTCCTCCTTACCACAGGGGCCCTGGGCAGCCAACCTTGGCAATATTCATGCAGATCTAATGAAACCATGCCCACAGACACCGTCTGTGCCCCTGCCTGGATACCTCATGCCTGTGCCTGGTTGGAGGCTGCACATCTTTGGCTGGGGTTTGCTCTTGGCGTGGATTCCATTTTCTCCCAGCAAGGTAGGTGTGTAGAGGGGGTGTTTTTCTAGCAAGCAGCCAGTGGTTCGCATGTTTTTTCATACATGGCATGTGGCATTAGCAATTTAAATCTCCACCTTTGGCTTTGATTTTTAGCATTAAAAGGAGGAAGGGGTAAGTCCAGGTTGAAATTTAGGTCTAAAGAGACATGTGGGGGTTNAGGGAAGTCCCTAGCCCCGTGCTTCAGGGGGCTGATTCGATGCAAGTTAGCTGAGCAAGAGCTCGAGTAAGGGGATTTGTTATTATCCCTTAGGCCAGATCACCACAGAAGCCAGCCAGCCTGCTTCATTCCCCCTGAGAGATTTCATCTTCATTTTAAGGGGTTTTGGGGCAAAGGTCTCTTCTTCTGGAGCTACTTCCTGCTGAGGCGAGTGTCATTCCTATATCCTTTACCTTTACCTGAGAGGAATGGAACTCCTTTCAGCTTAAGGGGACAATCTGCTAGGGCTGAGGGCTTCTGGAACACACTGGAAGCACTGCACGGTCAGTAACATTGTTGCAATCTAGAAGACAAAAGTTTTCCCAGGAAGTTAAACAAGCATGGTCCAAAAATCAAAAGAAGGATAGCCGCTGATGGTCCTAAGGAAGGAAGAAACCAACTTGTAGAGAGAGAGGTGATGAGGCAGCATTCGGAACTGACTCCTCTGCTGGGCTCCCTTTACCAGAGAGTGTGGCCACATTGTCTGATTGTAGATTGCTTGGATGTTCACCTCTGCTTGCCCTGTAGTATTTATCTAAGCATGGCAGGAGGTGTTGGTGACTATGCATACACCTCCTTGTTCTGCCGTTAGGTAATCAAGGGCCAATGGTTACCCAACACCACGTTATCGAAAGAACTGAGGGAAGGCTTCACACCTTCTAGAGCCTGCCCAGTCTGATCCACTACATGACCGATCTGCCATGTCAGGCCTCCCCAAGGGGCTGGTAAACCAATACTCAGGCCTATTCCCACTGGCGCCATGCCAAGGCCTTACCTTGCTCACACAGTGGCCTGATGTTGGGAGGTGCAGTTGTGGTTACTCCGTTTATCCCCATCGATCCCAAGGCACATTCACCTGTGAATCACACATTGGCTCTGCAGGAATAGGCCTGAGCCAACAGAGGAAAAGTATAAGGAAAGCAGGCAGTGGACCACAAGAGGTTATTAGGGTGGCCTCGAGGGATAACAATTCCAAGAGGAGCCCAAATTCGAATGTCCCTGGTGTCATTGAGAATGGAGAGGTTCAGGTTATGAATTGTGCAGCTGGGGGTATCAAGCCAGGGTCCTGATGATGGTCTGCATATCCCCTGGTGTCATTGAAAATGGAGAGTTCACGTTATGAAATGTGCAGTCGGGGGTATCAAGCCAGGGTCCTGAAGATAGTCTGCATATCCCCTGGTGTCATTGAAAATGGAGAGTTCAGGTTATGAAATGTGCAGTTGGGGGTATCAAGCCAGGGTCCTGAAAATAGTCTGCATATCCCCTGGTATATATCATTTATATAAGGATGTTACTTAACTATTGCTGTCTTCCAGAGGCAGCTTCTTGAACAAATACTTGAGGTCCGCTATAGGTTTATGGGAGTAGACTGTTTTCTCCAAGCAGGCCTGTCGTCCATCAGGAAAAGCAAAAGGTTTTATTCTAAAAACAATTCCTTCCAACTGTACAGCTGATGGAGTGGCCACGGAAACCTGGTATGGACCCGCTCATTTCTCAGTGAACTGAGCCTCTGGGCTTCCTTTTCCGCCATGTCTTGAGTAGGACCTGTGCACCTGGGCTAGCAGGGCAAATGATCTGAAACTCCATGACCCGGCTGAGGTCACATCTTATTATCATATTGGAAGATGGCCTGCTGAACTTGTCCCAAGTTAATGATGTATTTTACAGCCTGATTTAGCTCTTCGTCTAGAAGAAAGTGGCTAGGAAGAGGCTAGCAATAAGAGGAGTGGGTTGGGATCCTGTCGGCATCCTATGTCACGCTTAGACAACGATGCTCGCCTAGAAACTCAGGTTAGAGGCTCGGCCCACAAGGTTATATGCCCTGGGGTATATCTGGACCAATGGAATCTCTTTGCAAGATGTTTGTCCGTGTGTGATCTGAACTAATCCACCTTGTGCCCTCTGCTGGGGATGGGAAAGCTCTACTTCTCATCATTTCCCAGCTCATTGCTTTGCTGTACAGCAGCCTTGGGGCAGCCCCGAATGGCTGGTCCAGAGGTTTCCACCTTCCAGTGGTGGATTCTAATGTTCTTTATGTGTTTCTCTCTGTTCTTCTCTGCCTGCTTTGGATCGGCTGTTACTAAGCTGCTGCCGAGTGGCAACTCTGCTTATCTCACGGTGTTGAGGTGAGACTCACTGCTTTTGGTATTACTGATTCAAGGCTACTTAGAGATTGTCTTTTCTTGTACAGTTCAGCCAGTTCTGGCTAAAATGTATACATTAAAAACTCATTTAAAACTGAAGAAAAAAGTGATGAAAAGGTTTTTTTTTTTTTCTTAAAACCAAACTTCCTTAAAGACTACTTTACCAAAACTTTGGTCCACAGCTTTCCTTGGATTGCTTGTATGTCTGGGTCAATTAAGAAAAGTTTATGCTCTGGGAAACATGTTTCTAGAATTGCGGGTCTTATCTATAAAGTGCTAACATCTGGCAAACAGTGTAGGATCTCTTGCTTCCTCGGTTTTCAGACTCACAGATGAATGAATGCCCTTAACTGTCCCTTCCCATCCCTTCCCATCCCTTCCCGCTCCGGTTTCCTGTATGCAATGGGTTCAGCCTTCCGAGCCCTGGGAGAAGCAGGGATTCTCATGCTTCTTTATGTTCCCCTAGGGACTAGGGGTTAGCAGTCCTCACCCCAATGTGTGAGGTCCTTTGGGCTTTATTTGCTGGGGAGCCTGGAGCCAGGGATCCTCCAGGTCAGCCACTACCCGGTTGCATGGGGCTTTTCGGCCTTTAGGGGCCCAGGGTTGCAGTGACACCCCAATGGAGAGCCTGTTTGAGTCTCAGAGGGATATTTGCCAGCACATACTGCTAGGTCCCTCTTGTCCCCTTTGTCAGCTGTGTATTTGCTGTCTGTGCCTCATTAGTGACATCTGTCATCCTGAGCTTGCATGCTCTGAAGTTTACACCTGCCATTTTCCTTCTGGTCCTGGTGATTTTCATTCTTTGGGCTATTTAATTTGGCATCTCTCTGGGCAATGTTGGAGGCCAAAAGCCTCCCAGGAACTAGTCTTATTGAGAAGAAAAATAATTTTGTCTAATTCAGAAGTTATCTAAAGGTCAATTCAAATGATGAACTTGAAAACAGTTACTTACAAAACAAGTTAGAAAAGAGCCAGTAAGTAGGGGAGCGAGAGATGTGAATAAAAGTTATGAATATGAAGATGTATTTTTGGTAAGGAAGGTTATCAAGAAAAGAGAATAACGTTGTATGAAAAAGGATCTTGTATGGTAAATTTTTGTCCTAAAATAAAATGGCTGATTATTTAGGAAAGAGGGAAAGTTTGGGCAAGGCAGAAAGTCCAAGCATGTCTTCAATGATCTGTGTATGTCAGGGTCAAGTTCATGAAGGGGAATTTATGAAAGAAATTTCGTATGTAATTAAGTTGGTTATTATTAAAAGGAAGCCACTTATAATAGTCTTTCTAAAAATTGGTCTCCTATGTTAAAACAAAATGTTCTTAAGGCACTGATTTGCTCTTAATGACATTACAAGAAATTTTACTTTCACTTTTTTTTTGTTTGTTTTGTTTTTTTGAGATGGAGTCTTGCTCTGTCGCCCAGGCTGGAGTGCAGTGGCGCAATCTCGGCTCACTGCAAGCTCCGCCTCCCGGGTTCACACCATTCTCCCGCCTCAGCCTCACGAGTAGCTGGGACTGCAGGAACCCGCCACCACACCTGGCTAATTTTTTGTATTTTTAGTAGAGACAGCGTTTCACCATGTTAACCAGGATGGTCTCAATCTCCTGACTTCCTGATCCACCTGCCTCGGCCTCCCAAAGTGCTGGAATTACAGGCATGAGCCACCACATCTGGCCAACTTTCACTTTTATAAACTGTTTCTCTCGAAAACTTCTCTTTTTTTTTAAATTTTTTTAGTATTTATTGATCATTCTTGGGTGTTTCTCGGAGAGGGGGATTTGGCAGGGTCATAGGACAATAGTGGAGAGAAGGTCAGCAGATAAACATGTGAACAAAGGTCTCTGGTTTTCCTAGGCAGAGGACCCTGCGGCCTTCCGCAGTGTTTGTGTCCCTGGGTACTTGAGATTAGGGAGTGGTGATGACTCTTAACGAGCATGCTGCCTTCAAGCATCTGTTTAACAAAGCACATCTTGCACCGCCCTTAATCCATTTAACCCTGAGTGGACACAGCACATGTTTCACAAAGCACGGGGTTAGGGGTAAGGTTATAGATTAGCAGCATCCCAAGGCAGAAGGATTTTTCTTAGTACAGAACAAAATGGAGTCTCCTATGTCTACTTCTTTCTACACAGACACAGTAACAATCTGATCTCTCTTTCTTTTCCCCACATTTCCCCCTTTTCTATTCGACAAAACCGCCATCGTCATCATGGCCCGTTCTCAATGAGCTGTTGGGTACACCTCCCAGATTTCTGGGGATGGTGGCCGGGCAGATGGGGCCCCTCACTTCCCAAAAGTGGCGGCCGGGCAGAGGGGCCCCCCACCTCCCAGACGGGGTGGCTGCCGGGCGGGGGCGCCCCCCACCTCCCAGACGGGGTGGCCGGGCAGAAACGCTCCTCACTTCCCAGACGGGGCAGCTGCCGGGAGGAGGGGCTCCTCGCTTCTCAGACGGGGCAGCCGGGCAGAAGGAGCTCCTCAGTTCCCAGACGGGGTGGTGGCCAGGTAGAAGACGCTCTTCACTTCCCAGACAGGGCGGCCGGGCAAAGGCGCTCCTCACTTCCCAAACGGGGCAGCTGGGCAAAGGTGCTCCCCACATCCCAGAAGATGGGTGGCCAGGCAAAGATGCTCCTCACTTCCTAGATGGGACGACGGCAGGGACAGAGGCGNTCCTCACTTCCCAGACTGGGCGGCCGGGCAGAGGGGCTCCTCACATCCCAGACGATGGGCGGCCAGGCAGAGACGCTCCTCACTTCCTAGACGGGGTGGCGGCCGGGCAGAGGCTGCAATCTCAGCACTTTGGGAGACCAAGGCAGGTGGCTGGGAGGTGGAGGTTGTAGCGAGCCGAGATCACGCNCTGACACTCCCAGCCCTGGGCAACATTGAGCACTGAGTGAGCGAGACTTCTGTCTGCAATCCCCGGCACCTTCGGGAGGCTGAGGCAGGCAGATCAACTCGAGTTCAGGAGCTGGAGACCAGCCCGGCCAATAGGGCGAAACCCCGTTTCCACCAAAAAAATACAAAAACCATTCAGGCGTGGTGGCGGCGCGCCTGCAATCCCCAGGCATTCGGCAGGCTGAGGCAGGAGAATCAGGCAGGGAGGTTGCAGTGAGCCGAGATTGCGGCAGTACAGTCCAGCCTTGGCAACAGAGGGAGACCGTTGAAAGCGGGAGACGGAGACGAGGGAGAGGGGGAGACCGTGGAAAGCGGGAGATGGAGACGACGGAGAGGGAGAGGGAGAAGGAGAGGCAGAGGCTCAAAAATTTTCAGATCCATATTTCAGTATTTCAGACATTCCATTTTTTCTGTTTCACTGCTTTCAGCTTTTTCCCCCTTGAGCAGGCCTGAGATGATGACCTTCTCCTTCAGCATTTTTTTGTCGGCTCCTGCACCCCTTTTTTCCTCCAGTTTTAACTGTTGGAATGACCTGATGCTAATGTTTTAGTTTGAAGGTTTAGAAAAGCAATGTTTTCTTTTAGTATAAGTTGATTTTATATTTCTTGGCTTTTCTTGCTGTGTCTAAATTTTCAGTGTAATCAGAAAACTTCTCATGCTGTTCCTAAGGGTCACATATGCTCATAGACCTTAAACACTGTTCCTGTGTCTGATTGCATTCAAGCACTTCTTTCCTCAAGTTTGTCTTCCAGGTTATCTAAATGGGCTTCCTGTAAGAAGCAGCGGTCTCACTGCAGAAGGTTTTCTCTGCCTTTTTATCAGCTGGCTTTACTTTTTTTTTTTTTTTTTTGCAACTGGGTCTCACTTTGTTGCCTAGGCTGGAGTGCAGTGACACAATCTCAGCTCACTGCAACCTCTGCCTCCCGGGTTCAAGCCATTCTCTTGTCTCAGCCTCCCCAGTAGCTGGGACTACAGGCACCTACCACCATGCTCAGCTAATTTTTGTATTTTTTTGGTAGAAATGGGGTTTCACCATGTTGGCCAGTCTGGTCTTTAACTCCCTGACCTCAAGTGATCTGCCCACCTCGGCCTCCCAAATTTCTGGGATTACAGGTGTAAGCCACCACACCCAGCCTATCAGCTGGCTTTTTTTAAAAATGCAAGATTTTATATTTTATCAAGATAATTTCTTATGCTGTCTTTATTAGGTTTTCTATTGAAAAAAAAACCCTGAAATTTAAAAGGCTTAAGGTTTTTACATCCATATGACTTTCTGTATTGCTCGTAATGTCTTCTTTATTATTACTCTTGGTTAAATGTGTGGGGAAAAGAAAGAGAGATCAGACTGTTACTGTGTCTATGTAGAAAGAAGTAGACATAAGAAGCTCCATTTTGTTCTGTACTAAGAAATATTCTTCTGCCTTGAGATGCTGTTAATCTGCAACCCTACCCCCAACCCTGTGCTCACAGAGACATGTGCTGTATCGACTCAAGGTTTAATGGATTTAGGGTGCAGGATGTGCTTTGTTAAACAAGTGCTTGAAGGCAGTTTGCTTGTTAAAAGTCATCACCACTCTCTAATCTCAAGTACCCAGGGACACAATACACTGCGGAAGGCCGCAGGGACCTCTGCCGAGGCAAACCAGGTATTGTTCAGGGTTTTTCCCCACGTGATAATTTGAGAGATTGCCTTGTGGGAAGGGAAAGACCTGACCGTCCCCCAGCCCGACACCCATAAAGGGTTTGTGCTGAGGAGGATTAGTAAAAGAGGAAGGCCTTTTTGCAGCTGAGATAAGAGGAAGGCATCTGTTTCCTGCTCGTCCCTGGGCAATGGAAGGTTTCGGTGTAAAACCCGATTGTATGTTCCACCTACTGAGATCGGAGAAAACCGCCTTAAGGCAGGAGGTGAGACATGCTGGCAGCAATACTGCTCTTTAATGCACTGAGATGTTTATGTATGTGCACATCAAAGAACAGCACCTATTCTTAAACTTGTTTATGACACAGAGACATTTGTTCACATGTTTTCCTGCTGACCCTCTCCCCATTATCGCCCTATTGTCCTGCCACATCCCCCTCTCCGAGATGGTAGAGATAATGGTCAATAAATACTGAGGGAAGTCAGAGACCGCAGGTGCGGGTCCTCCTTATGCTAAGCGCCGGTCCCCTGGGCCCATTATTGTTTCTCTATACTTTGTCTCTGTGTCTCTTTCTTTTCTCAGTCTCTCATCCCATGTGACGAGAAACACCCACAGGTGTGGAGGGGCAGGCCACCCCTTCAAAATGAATAACTGTCACAATGACCTGTGATTCTGTTTTGATCAAATGTTTTGAGCCTTTTAACATCTTTAACAAATATTCTCAAAATCAAAATCCTAAATTAAGTCTCCGATTTAGTGTCCTCGCTGGGGCTTATTAAACCTATAAAAATTAATCTCTGTGAGGTTATAAAATCTTTGTCTAGCTTCCAGGTAGACCATGAACTCCAGTATCACCACCTCCAGCCTGATAATTATATATTGGAAGAAAATTAGTTAAAGGATTCCCTTCAGCCCCCTTGAAACTGCCCTTATCAGGAGTTGTTAGCTAATCCTTGTGCTCAGTTAATAACCTGTTGCAGGCCCTTGACTCCTGGGCACACATGTCTAAAGAAGGCACTGACTTCCACCAGTATCTGACAAAAACTCAAGTTAACTGAAGGCTCGTCTTTAGACCTGGGCAAAGGGGACAACGTAAACTGCTTTCATGAGACACAAGGACAGGCCTGTATTCCAAAACATTATGATTCATTTCATAATTTTGCCTTTATCTGAAATAATATAATTTGTTCTATGCCTTTATACTAAATAATTTAAATGTTTAACTTATTTCCTGGCATTCTCAAAATTAGATAGGGCTTATGACCTTTTCTTTAAAATGTTGTTAATTCTTTATGTTTTCTTTTACCTCCAAAATTTACTCCCACCAGGCCCAGGGAGTGTCATAAGTGTTTTCAGGGCCAGTTTTGAGGAATAAAATGAGTGCAAACCTTCCAAATAAAGGACAGGCACACAAATGCCTAAATGGCTGAACAAAGTGCTTGTGTTTTGTGTAGCTAATTGCCGCAAACCATGATGACAGTAGCTCATACACAGAATGTATAAAGAAGCCAATTTTGTAACCTTGCCTTTTGGCTTTTGATTTTTGGTTCTCATGTTGCTGAAGGGGGTTTAAGATTAATGAGTGCCTGCCCACCTACATTCCCATCTGGCCTAGAGTACTTCATTGGCTCTAAGTCTTTTGACTCAAAGTCCCTTGGCCACAGGAATTCCCACCAAGGGGCATGATGGACCCGGGGCAGGCTGCCCACCACTCCGACTCCAGTGTCGACATGGGCCGCAATAGAAGCATGGCTGTTGACACTGCCGCTGGCATACGTTGACCACAAAAGGAGGAAAATAAACGTAAATAAATAAATAAAATCCTAAGCACCCCCATCCCCAGCAGAATGGGGCCCCCTTAGGCCACAGAACCTGAGAAACTAGTTTAGGCCAGAGAGGGGGGAAGTGGAGCTGGTAGTCAGAGGGCGGGGAAGGCATGGACAAGCCTCACTATACCTTTCCCCCACCTTGGAATTCAGGCACAACTGACCAGCATTAAAATTAAAAGAGGTCATAAGACTGACAAAACAGACTGGATCGAAGGCCCTGCCAGGCAGGATTGAAGTTTGCACCCCAGGGTAGACAGAGGTGTAAGTTACAGGAACGTTTTAAAATATGTTTGCGTCAGGACCACCTTCATGAATATTCATAGCTCCTCTGTTCAACCAGAAGACTTCATCTTATTAAAAACCTGGAAAGAAGGATCCTCTGAGGATCAGTTACAGCCCAGATGGAGGGGCTCATCAGGTATTGTTAAGCACCCCCATTGCCGTTAAACTTCAAGGACTCACTAGCTGGATACACCTGTCTAAGATTAAGCCCGTTTCTTATGAGTCCCCACAGGCACCTGAGAAAGACACTATGGCCAACACCTGTGAACTCTTAGAATACCTAAAGCTGTTGTTTTGGAAATAAACAGATAACTAGCATCTTAGTATCTCCCTCCTACTCAGCCTCCTTAACAACTCTCATCCCATACAGGTTTGCACCCCCAGTGGATACCTATGGTCATGTGGTCACCTATTCAATCAGCATATAAATAGCTTATCTCTCATTTGGGACCATGAACTCAATGGTTACCAGCATATTGACAACATTTGGTCAGGGGTCAATGTACAACACCCTATAATGTACAATTATATACCATCACTTACCTGAGAGCTAAGTGGGCAATTCCCCTTATATTGGCTGGGGTTGAGCCTGCCATTGGCTTACCCACCCCATGGGGAAAATTTGCCTATTATGAGGCAACTCTTCAAAACTTTACTTCTTCATTCTACGCACTGTCTCATAAAACAGGAGACACTTTAGAAACATTAAAACTCTCCCTTGATTCCTTTGCAGATATAATAATTGATGACAGATTAGCACGAGAGTATTATACTTATGGGTTGAACAAGGAGTATGCACTATAAGTAATAAAACCTGCTGCACTTACGTAAACACCTCAGGTCAAATAGAAGAAGATGAACGTAAAATATATGAGCGAGCTGCCCAGTGCATAAATACAACCAAGGCTGTGATCCTAACTATAGCTGGTCAACAATAAAAAGCACCCTCCTGAGTCTCACTTGGTTTTTGCCCTTCCTAGGACCTTTGATATTTATCTCATTATTAGTAATCTTTCGCCTTTGCTTGTTTAACTTAATGGTAAAGTTTGTGTCTTCTAGATTACAACAATTCCACATAAAGATTATTCTGGCAACCCATCCCGTCTTCTGACCTTGGAAATAAAGACATCCTGCCTCAGGCCCCTTAGATCAGGCATCCAGAGATTTTTACACCTCCAATACTAGGCAAAGCATAAGCCCATAGAATCATCAGTCAGGCTGGAGTTAGAACGTATATGACTATGTGATCGTAAACCCCAGACACAAAAACCACTTGCAAGTGGTCATGAGTCATCCTCACCCTGGGAAGCGAACAGAAACCATCACTGGAGGGGGACATACCCTCCACTCAGACCCCCAGCCTCTGGTTTACTAATGACAAATACAGATATGCCACAGATAACCAGAGGCACAGAAGTGATTAAGCCCCCAGGAGCAAAGGCAGAAGAAACAAAGTCTCCAAGTTAGACTCCCAAGGAATTCCCATAGGAATGATTGGAGGCAAATGTAAACATACAGCCTTGAAAAGCAGGAAAAAATCAGGTCACTTCCACTTCTACATGGGATGCAGTAGGTTGTGGCTGCTCAGAATGTGACAACCAGGCAAATCAATCCACAGAGTTAAAAGTCACATTTGAAAGGCCCTTGGACAGATGTGGAAGCACCAAGGCCTGCATGAACTGAAATTCCGCAGAGGGCGAGCCCTTCCAGGGTACCTTTGTCATTGCAAATACATTTGTCACTTTGGGCACCAGCTGAAAGCCAGGCTGGCTACAGACAGGGACTCCAGTAGGGAATGCAAACCAGTAGTGCCGTCTTGGCTCACGGGGAACCAAAGTGGCCCAGAATCTCCAGGTACCTAAAGATCAAGACAGTTTTCCCATGGAAGAGCCTCCAAGTGCTGTGGTGGGAGGGACCCTGGGGAGTCAGAGAAGGCCAAGTAGAATCCCCCCCAGTGTGGCAGATCCCAGGAGACAGAGTGCCCCTAGAAGGAGCCTGCCACAGTCATACCACTGGTCTCCATCATAAGCCAGTGGCCCCGATGGAACAGGTGTGTGGGATGAGGTTCAAGGGGAAAGTCAAAGCCTAGACAGGGAAACCTGTCCGAGCTGAGGATTCGGTGTGAAAGGTGAGCATACAAATTGGGTCACCCTTGTCACACCCAACTAAGGAAGAGTGCCAGGTAGGGAGACCATCCAGAACTCAGGATAGAAAACATGGTTCCAAGAATGTACTGCTCTGAGGCCTGATTGTTGAAACTGCCTGGGGCAACCTGAAACCAGTTTTATCTGATGGTTACTGAGACCACCTGCTGAAACTCTAAGCCTCGGTTCACCCACTGTTGTCACTGATTCACTCATCACCCAGCGTTCGCCAGCTCCCCAAATGCCTACTAGTGCCAATGAAACTCAGACAGGAATATGTACTATTTCTCTTCTTTATAAAAAAGAGACATAGTTCCTTTTTTTTTGAGACAGAGATCTTGATCTTGTCGGGCGGGTGGGAGCACAATGGCAGGATCTCGGCTCACTACAACCTCCACCTCCTGGGATTCAAGGGATTCTCCCTGCCGTCAGCCGTCCCTGAGTAGCTGGGATACTGGCACACACCACCACACCCAGCTAATTTTTGTATTTTTAGTAGAGACGGGGTTTCACGATGTTGATCCACTCTGGTCTTGAACTCCTGACCTCAAGTGATCTGCCGGCCTCAGCCTCCCAAAATGCTGGGATTACAGGTGTAAGCCACCGCGAATTTAAAAAAAGCCTTTTCTTTGTTCTTTGGACATACTGAAGGCCAGCCAGTCTGCCCCCGTGCCCCTAATTGCAGTTATTTCCTCCCAAATAAAACATTTCAGAAATTCACCTATTTTATATGACTTCGACAAGAGCCAAGCCACACTGTGTAGGAGATGCTCGGGTGAAGCCAGCTGTCCCTGGCCACACACAGCTTGAAGGCAAAATGGCGGGAGCTCAAGCGAAGCCAGGCAGGTCTCCCCCTGAAACCTCTGCACAGGTGGGCGCTGGCGGGGCTGAAGGGCACCGCTCAAGCTGGCTTTGGTCAGGGTTAGGGACAGGGCCGGCTCCAGAGCGACGGGGTCGCACCCTGAGCGGAGGGGCTCCCGGGGTCCCCAGGGGTTATGGTGATGGCGGGACCCCCTAGAGGGAGGGTCCAGGAACGAGGCAGGTGGACTGGGACCTTGAGGGCAGGGTGGGCCTGGGCGGTGCCAACAGGCTGCCGAGGGTGGCTGCTGTCCCGTTTCTCCAGCAGCCAGGGCCGTGCGCTTCTAGAACATTCCCCGTGGCTTTCCTAAAGGGAGCGTGGATGGAGCCAGGGTGTGCAGATTTCTGTGAGAAATATTTTCACCTGGGAGCCCCAAGGGGGACCCTGCCCACCTTTGAACACTGGCAGATGGGCTGGAGGCCTGGAGCCTGGGGACGGGGCTTTGAGGGTCCGGAAGGAGGGCGGGGCTGTGCGGCCGGCGGAGGCCCCCGAAAGTTCCAGAAAGCGGGTGGGGAGGTCGGCGCGGGAGGCTCAAATGGCTGGAGGCGGCGGGCACGCACACTGCGGGCTCCGAGGGGCACAGGTCAGTTTCCTGAGGCGGGTCGGGACCCAGGCGTGAGACTGGAGTCTGCCCAGGGGCCCAGCTGAGCCAGCCTCCTCGTCAGCTGCTTGGGCCGCCAGGACGCCGCCGGGGGTGCGCCGCGCTTCCCTGGATGGGGTGCCCCCACTCCCCTCGGAGCCCCAGGGAGACCCCCCGAACTCAGCTCCTCTCAGGGGTGCCAGGGGGACCCCTCAAACTCCACTCCCCGCAGGTTCCTGGGGAGACGCCCCCTGCTCGATTCCCCTCAGGGTCCCAGGGAGACCCCCTAATTCAGCTCCTCTCAGGGGTACTGGGGGACCTCTCGAGCTCCACTCCCATCAGGGTCCCAGGGAGACCCCCCAACTATGCTCAGGGGTCCCAGGGAGATGCCAGCACCCCAACTCCGCTTCCCTGGGGCCCCCCTCCCCTTACAGCTCAACTTCCCTCGAGAGTCTGGGGCTGGGGCTCCGTTCAGTTCTTGAGTCCCCTTCCCTCGGGGTGTCCCGGGGCCGCCCACCCCCACACTGTCTGTGATTCCCCAAGGCGCGGGTCTCGGGCCGCAGCCTGTTCCACGTTCTGCTGCTCGTTCTTTTCTGGCTCCTTGCTTTCGAAGGAGAGAAGGAGGCCTTCGTTTCCAGTCTTTTTGCCTTTTCTAATGGAGCCCTGCTTTTCCTTCCGTGTCCCTTCAGGCTACTTCTGCCAGGTTTCTATTTTTCATTCTTTATTATGACTTCGCCCAAAATATTCTTGACTTCTATTGAGAAGGATTCGGGGGTCTATTTCTTATTCGGAGGCGTGTGCTTAAGTTCCAAACAGATGAGGATTTTCCAGTTAATCCTTCTGGGGTGACTTATTGCTTAATGCCACCATAGCCAGAAAATGGACTCTCAGTGTCCGAAACTGCATTCGGCTCTGAAGTGTCTGTCCTTGTCACCTCTTGCAATGTTTCGCGGCGGGAAGCCTGCACTCGCCGACGCTGACGTAACTGTTTCTGTCTTTCAGGTCTACAGCCTCCTGTGGGTGGGCGATATTGACATATACTTTATTTCTATATATGTTATGAACTCAATATTTCTTGCAGCGGGTCTGCTGATAATAAGATATGCCTACTCTGCGAGTCTGGAAGCCATCTTAAGCTTACCCTGTATGTGCCCCATGCATCTCTTCCGTTACACGGCTCCTGAGTTGACACCTGTGTGATAAACTGGTAATAGCAAGTAAACTGTTTTCTTGTGCTCTGTAAGCTGCTCTAGCAAATTATCTAGGAGGAGGTGGTCTTGGAAACCCCTGATTTATAAGCGGGCAGTCAGCAGTACACGTGGCCCAGAATCGTGATTGGCATTTGAAGTGGGGGCAGTAGGGTGGGACTGAGCCCTTCACCTGTGGGGTCTGCCCTGCTCAAGGCAGTGTCAGAATTGAAGTGAAATGTTGGACGGTCGGTGTCCAGAGAGTTGGAGAACTGGTTTGTGTGTAAAAACTNACATATTTAGGGTCAGAAGTATGGTGGTGTAGAAATAATTCGTAGTATAGTCCCTTAGTTCTGCCTCTTACACATCCTGTTATTTTTNAAATTTTTTCATCTTTAAGAAATCAATTTAGTAATCTTTTTATCTTTAATGCTCTCATTAGAATTTTTAAAGTACTTGTATGCTAATGTCAACATTTGAGTGAACTGTGGGTTTATTTCTATTGTTGTTTTATTGATTAGCAATAATTTATTCCTAATTCTTACATATCCTGTGATGTTTTTATTGAACATCTTGCGTTGCGTACAAAATAGCTGGAAAGCTTGGAGGTGGTTGTATGTTACTACTGGGGATGTGTGCCCTCTCCTCTCTCCAGGAGCCTGTGGGAAGGCCTGGACTACTGGCTTGCTCAAAGGTGGAGGCCAAGTGGGATGCTTGCAGCTTCAACCTGACCCTGGCCGCCTCTGGAGCCGGCCCTGTCTCTAACCCTAACTGAAGCCATCTTGAGCGGTGCCCTTCCCCTTCTCCTACAGAGTGTGGCTTGTCTCGTGTTGAAGCCAAATAAAAAAGATGACTTTCTGAAATTGAAATCTTTTCTTTCGGAGGAAATAATTGTAATTAGGGGCATGGGGGCAGACGGGCTGGCATTCAGTATGTCCAAAGAGCAAAGAGAAGGATTTTTGAAATTTGCAGTGGCTCACACCTGTAATCCCAGCACTTTGGGAGGCTGAGGCAGGCAGATCACTTGAGGTCAGGAGTTCAAGACCAGCGTGGCCAACATAGTGAAACCCCGTCTCTACTAAAAAGCCAAAAATTAGCTGGGCGTAGTGGCGTGCACCCATAGTCCCAGCTACTCAGGAGGCTGAGGCAGGAGAACTTGCTTGAACCCTGGAGGTGGAGGTTGTAGTGAGCCGAGATCACGCCATTGCACTCCAACTCCAACCTGCAGGACAGAGCGAGACTCTGTGTTGCCAGAAAAGAAACTATGTCTCTTTTTTATAAAGAAGAGAAATAGTACATATTCCTGTCTGAGTTTCATTGGCACTAGTAGGCATTTGGGGAGCTGCCGAACGCTGGGTGATGAGTGAATCAGTGACAACAGTGGGTGAACCGAGGCTTAGAGTTTCAGCAGGTGGTCTCAGTAACCATCAGATAAAACTGGTTTCAGGTTGCCCCAGGCAGTTTCAACAATCAGGCCTCAGAGCAGTACATTCTTGGAACCATGTTTTCTATCCTGAGTTCTGGATGGTCTCCCTACCTGGCACTCTTCCTTAGTTGGGTGTGACAAGGGTGACCCAATTTGTATGCTCACCTTTCACACCGAATCCTCAGCTCGGACAGGTTTCCCTGTCTAGGCTTTGACTTTCCCCTTGAACCTCATCCCACACACCTGTTCCATCGGGGCCACTGGCTTATGATGGAGACCAGTGGTATGACTGTGGCAGGCTCCTTCTAGGGGCACTCTGTCTCCTGGGATCTGCCACACTGGGGGGGATTCTACTTGGCCTTCTCTGACTCCCCAGGGTCCCTCCCACCACAGCACTTGGAGGCTCTTCCATGGGAAAACTGTCTTGATCTTTAGGTACCTGGAGATTCTGGGCCACTTTGGTTCCCCATGAGCCAAGACGGCACTTCTAATTTGCATTCCCTACCGGAGTCCCTGTCTGTAGCCAGCCTGGCTTTCAGCTGGTGCCCAAAGTGACAAATGTATCTGCAATGACAAAGGTACCCTGGAAGGGCTCGCCCTCTGCGGAATTTCAGTTCATGCAGGCCTTGGTGCTTCCACATCTGTCCAAGGGCCTTTCAAATGTGACTTTTAACTCTGTGGATTGATTTGCCCGGTTGTCACATTCTGAGCAGCCACAACCTACTGCATCCCATGTAGAAGTGGAAGTGACCTGATTTTTTCCTGCTTTTCAAGGCTGTATGTTTACATTTGCCTCCAATCATTCCTATGGGAATTCCTTGGGAGTCTAACTTGGAGATTTTGTTTCTTCTGCCTTTGCTCCTGGGGGCTTAATCACTTCTGTGCCTCTGGTTATCTGTGGCACATTTGTATTTGTCATTAGTCAACCGGAGACTCGGGGTCTGAGTGGAGGGTATGTCCCCCTCCAGTGATGGTTTCTGTTGGCTTCCCAGGGTGAGGATGACTCATGACCACTTGCAAGTGGTTTTTGTGTCTGGGGTTTATGATCACACAGTCATACACGTTCTAACTCCAGACTGACTGTTGAGAAAGCCTCTGGGTAAGGGAATTCCTGGGAAACACACTGTTTTCATGCATCCTCTGGAAGATGAGGCCTGAAGTTACCAGGGTCTCTGTTTGCTGATGCTGATGATCCACATTTTCTAGCCCACTCTGCTTCTCTGACACCTTTAGTCTTGAGGATCCATGNTCTGTGAAGGAATCCAAGCTCTCATTTCGCACTCACCTTGGCCCTGGCTCTGTCTCCAGGACCTCTTCTACTACAAAATCCTAAAGCTCTGGGAGCTGGGTGTCAACCTGTGCCCGAGGAAATCATACAGTTACTGTGGACTTTCCAGTTTGCTGTCTTCTAGTATTCCATTGTAGCTCTTGGGTATTTTCCCATCCACCCCAAGATCCAGCTGGAAATCAGTGAACACACTTGATGGGAGTTTTCCTGCATGTGCTCTGGGCATTGACAGTAGAAGGGTGTTCAGAATGTCTGCTGTGCCCTCATGGAGGAAGAGNGCTCAGTGTACATGCTCTGGGTCAGTAGGTGCCCTTGAGCCCAGCTTTGGGAGCAATGTTGGATGAGTGAAGGAGGGATCCAGGGCAAAGCAGGCACGACAGAGTGGAGACGGCGCTGCTGGCTCTCAGGGGAATGGGCATGGAGTGGGTAGGAGATCCACCTAAGGAGGCTGGCTGGCTGGACGAGTCAGGAGCCCCTTCCAAGGGTGGACACTGACAGGCCCCCAGTCTTGGTCTCCTGCATGCCAGAGGTACCAGCCCATCTTTTTTCCTAAACTTGATGACCTAGGGCTAGGGGCATGTTGAATCTCAGCCTCGCCCACTGGCGCTGGACTTGGTACACAGGGTGGGGCAAAGTGGGTACTGGATCCTGATCATCCCTATCCCTGGGGTGTGGCTTCTTGCTGCACAGTCAGCTTCTAGTTCTGTAGCCCCAGCTGCTCCTGCGGTGGAGGGAGCTACACATCAGGCTCTGACCCCCTCCAGGTGGGGCCTTCGCGTGAGGGGAGTCAGCACGCATCAGCAGCTGGGCCCAGGGAGTTGCCCCACTGAGCACTGCGGGCTGACCTGCTCCCAACCAGGGAGATGGAGCTTCCCCCTTGAGTCGGGCTGCTGAAGGGGGGTAGGGGATGGAAACAGTGCGTTTGCAGGAGTAAGGGTGCAGTTGGGTCCCTGCGAGAAAATGTCTCAGTTGTGGCAACTGATTGGTGACCTGGGGGGCGTTTCTGAGCCCACAGTGCTGGCATCAGGACTCAGGTGTGAGGTGCCCCAGACCCTCCCCTTGCCAGTAATTAGCTGATGGCTCGGTGATGCCCAGGGTGAAGGAAGACTTGATTTTGGGAGGGGAGTTCTCTCGTAATGACACTGAGGATGCCTTCAAGTTGGGCTTCTGGCATGTTCTGCCCTCGCTCCCCTTCTGTAGTCACCTTGGCCCTCGTGTTGCTGAGCTGTGTGTGGGAGCGGGAAGCGCGTCAGTGGGCGGAGGGAGCGGGAAGCGCGTCAGTGGGCGGAGTATTTGAGAACATTTCACAAGCCGCTGTTGAGGTTCAGAATCAACCAGCAGATACAGAAACATATTTCGGAGCGTGGGGACCCTTGGGTGAGCTGCCACATGAAGCAGCCCCAGGACCTCCCTGGCTCAAGGAGTGACAGCGAGTTTGTCTGAGGTGAGGGCACAGGCCTGGCGAAGCCTCGTGTGTGGGTGAGACCTGCCCGACCCCAGTGCCTTACCCGAGGAGCTACTGGCCCAGTGGGGGAGGCATTCAGGTGGGCAGAGTCAGGGAGACTCATGAGGCCGTTGAGGCCAGGGGCATAGAGCTGGCCAAGGAGCCATGGCTCACTAACGTGTTGTATGGGGCTCCTTCCCTTCAGGTCCAGGCTCCTGCGTGAAGTGATGCTCCTCTTTGCCTTACTCCTAGCCATGGAGCTCCCATTGGTGGCAGCCAGTGCCACCATGCGCGCTCAGTGTAAGTATCATTCCCTCTCACTGTCCTGGAGAGGACGAGAATTCCACCTGGGGTGCTGGGGGTCACTGGGATGATTGGCTGCAACGTGGAGCAAGCCTCCGTTAGCTGGGGCCTGCATTGTCTGTGTAATCAGGGGTGGGCACTAGGGCAGTCCAGGAGTAGTCATGAGCAAGGAGAGGGTTAGGATGAAGGAGCAGCTGACCAGGGACCAAGGGGGAACCTTGATGTGGCCCTTCCCCATCAGCGCCAGGCAGGAGGGGCTCTGTCCAGGGAAACCCAGGAGGATGGCGGACCCCTGTGAGTATCCAGTCTTCCTTGGCGAGGTGAGCCAGGTCTGCAGAGCATAGCAATCCCGTATGTGACCACCAAGTGGCGCTCTCTGGAGCCTGCGTTGGAGAGCAGGGAAAGCTCTCCTTGTGCCTGGCCTCCCTCCCAGGAGCTAGCCTGGGCCAGACTCAGACTGCATAGAGAGCTGAGCTGTGCAGGCTAGGAGAAGTCCTTGGAAGCAGAGGGGAAGGGCTGGCCGCTGAAGAAGGGTGGAGTGAGCTGGTAATGGGTGGAAAAGGCGTAGTGGAGCAGAAGCCTGAAGCCTGCTTTCTCCCCTCTCAGGGACTTACAGTTTGAGATGCCATGACTGTGCGGTCATAAATGACTTCAACTGTCCCAACATTAGAGTATGTCCGTATCATATTAGGCGCTGTATGACAATCTCCATTCGTAAGTACCTCTTGGTCATTTGGACACATTGTAGATTAGTCCCCTACCTGGGTAGTTTCTGGGGCCAGGGCCAGTCTGCTTTCTTCTCTGAACCCAGCTCTGTTTCCCCTTCCCTCATGTCCTCCCATCCTGAGTGCGTTTCTGCACGCTTGGGTCTCAGCCTCATGATAGGCCAGCATGCATCATCTTGTGGAGCCAGGTACTCTGCAAAGTAGTACAGTCTGTCCACACATCTGCAGCGTCTCCAGGGGGTGGGAGCATTGTTGGACCGCAGAGCCTCTACTGTCCCTGGTTGTGTGTGTAGACACCCCATGCTGCCTGGGTGAGTCCTCACTGGCCATTCAATTTCTGGTAGTTTAGAGAGTGCTTCCAGTTCGGAAGGTCAAAGAAGTGGTTGGGCCATGGCACTCCCCCCAGGGAAAAACCTACCACACACAGTTGGGAGACAAGCATGAGGTCAGGGCACAGCCTGCACTTCCAGGATGCTCTTGCTTTTTCCTCAGAGCCCTCTGGTGCCCTCTCTCCCCAGGGCCCTAACCTGCAGAAGATGTATGGCCAGAGGCCAGTGACCAATGGAGCAAGCAGGGAGGGTGCAGCCAGTGTATGCCCTGGCGCACAGGTGGAGCCTCGTCTGGGGCTCTGCTCAGGGCCTTTCCTGTAGCCCTTTTGTCCCCGGAGTCTGTGGTTGTGCTTGCAACTTCACATGTCATTCTGTGTTCTAAGCTTTGTGCAGAAATAATCCCCTGATTACCACCTCGGTGTGGTTGGGTTATGTCCCCACCCAGATCTCATCTTGAATTGTAACTCCCATAATCCCCGTGTGTCATGGGAGGGACCTGGTGGGAGGTAATTGATTCATCTGGGTGGTTACCCTCATGATGTGCTCGTGATAGCGAGTGCCCACAAGGGCGAAACCTGCCACACACAGATGGGCCGGACAAGCATGCGGTGCAGGGCACAGACTGCACTTCCAGGATGCTCTTGCTTTTTCCTCAGAGCCCGCTGGTGCCCTCTCTCCCCAGGGCCCTAACCTGCAGAAGATCTGATGGTTTTCTAAGGAGGGTTTTCCCCGGAACTTCTCCTGCCTGCCATCATTCGAAGAATGTGTTGGTTACCCCTGCTGTTGTCATCGTAAGTTTCCTGAGGCCTCCCCAGCCACGCGGAACTGTGAGTCAGTTAAACCGCTTGCCTTTATAAATTGCCCAGTCTCGGGCAGTTCTTATAGCAGCGTGAGAAGAGATCATACACACCTCTTCTTCAGACCAACTGCTGATTTGGGACATGGGCAGGAGGCTGAGAATCTGGGCTTTGTCTCCACAGTGGCCACTGCTGGGGACCTTGATGGCATGGTTTTGTCATGTTGGGATTACTGCCTCTAAATGAGGCTGAGAACTATCTTTCCCATAACTCCCTCGTGGGGTAATAGTTGGCAAAAAGAGGAACTTGAGTGAGATTCGCAAGGTATGGGTGAAGCAGAGATCACTCTTCTGGAAGGTCACGATGGTTTAGTGAAGTGAAGGACACTGGTGGACTCCAATCTGTCCTCCTTCATGTCCACCCCATCTTCTCCACTTTGTGAGCCTTTGACTGAAAGCAATTCTAAGACTCCAGCAGGCATTTGGCCACTGGCCTGCCTAGGTGATGGGTTCTCCAGTGGCGCAGGTTAAATGTCTCTGCAAGAGACTCCTCTGCACAGCCTTACTTGAGAGGATAACGGTGCATGGCCTTTGATATTGCCCTGCAGAGTTGGGCTGTGCCAGCCTGCCCCAGTGTAAGTGACCTAGCTCTGGACTGTTGCTCCTCTGATCTTCAGCCTTACCTGACTGACTTCCTCTCTTGGCTCCCCCATGGTCATGGCAGCTGCAACACTTTTATTTAATAACTTAGACCTAGACTGTTTTAGAGGCTCCATTTTCCTGAATGAACCCTGATGGATATTAGGACAAAGAAATTGGGAATGCTGGAATGCTGGGACATTTTTCCTTTCAGGAGATTTGCTGATTTCTGGGGCTGTGCAGGATGGTAAGCAAAAGACCTCTATGGAAAGAAACGCAGGCAGTGTCCTGAGACAAGGGGCCTGGGTATGAGGCATATAGGAACTCTGCACTATCTCTGCAACTTTTCTGAAAACCTAAAACTATTTTTAAAATAAAAGGTTCATACACACACACACACACACACACACACACACACACCATAACCCCACTACCTTGTGGATTCAATAACAGAATTGCAATGTGGTTTACAATTTGAAACCCATCAGTTTAATTCACCATATTAACAAAGAAAAGGGCAGAGATGATTGTAGATGCTGAAATGTTTTGATAAAATCCAACACCCTTTCCAAATCTCTGAGGGAAATGTCTACCATCACCACTTCTATTCCCAATGGAACTGGAGTTGTTAGGTAGTTCAGTTAGGCGAGGGGGAGTATTAAGTCTCATGGAGCGGAGGAAGCAAGAATTTAACCTGCTTACTATTCATNAGAGACAACCAACTTCGAATAACAAATATCTTTAGGCAAGCTCCTGGAGACAAGATAAGTATTCCGAAATCAGTTTACCAAATCAGTTCTCCTTTTGTACATCAAGAAACAGATTGGAAATGAAATCCGAGGCATGGTGCTCTTTAAAGTATNGCCAAATCAAGTACCACAAATCTAGCTGGAGTTGTGCAAGATTTCAACACTCAACCTGCAAGAACACTATTGAAGACTTAAAACACCATTAAAGACTTAAACACATGGAATTGTACACGATACTTATGGATCATGAGAATCNAACAGAGTAAGGATATCTCTTCTCCAATTAACCTACAAATCCAACAGAATTTCAGTCAAAGTCTCAGCAGGGGTATGTTTGTGTTTTGACAAGTTGGTGCCGAATGCTTTTTGAAAATATGAAGGGCTAGGAATAACCAAAGCAGTCTTGGGGAAAAAGAAAAAAGCTCGAGGACTTGTGCTCTGAACTATAAAACCGGTTTCCTTAATCAAAACGGTTTGGTGTTGGATCCTGTGGTCAGGATTGAAAAATAACAACATTAGAAGAGAAATAATTCAGAAAAAGCCACATACTTCTGGTTTCTTGATCTCTGACAAAGTTGTCCCTGCAGTGCAGCAGGTAAAGACACTTCTCTGCGCTGAGCAGTAGTGGATATGTTAGATATTTATACACAATATCTGCACCATATAAAAGAAGCAGTTTCAGGTGGTTTGTAGATCTCAATGTAAATATTAAACCAATAAAGTTTTTAGAGAAAAATGTAAGTTGCTGTCTTTATGACTTGTAGGAATTAAGAATTTAAAAAATCGAACAAAATAGTGCTAGTCACATAAGAATGAAATTGATAGGTTGAATTACCTCTAACTTCAAAACTTCTGTTCCTAAGAAGATACCTGTGAAATAGTATAACCGCAAGCCACGGATGAGGAGAAAGCATTTCAAAACATGTATTTACTAAAGTACTTGTGTTCATAATATAATGAACTTATTCCTATGAATTAATAAAAAACTGATCAATGGAAATTTAAAGAAAAGGTTTAAAGGGAATTGGCCAGAAAATGGTGTCTGGATGTGTAACAGACATAAGCGCAGTTGTTCCCTGTCGTTCTTCTTGAAAGGAATGCAGCTTAAAACCACAACACAATAACGCCACAGGAAATGACTCAGTATCCTAAAGTGATCATACCAAGTGTTGTCAGGGTTCTGAACTGTGCACAATCCCTCAGACTATAGATAAGTTCAACCCAGTGTAGAAAACTCTTCGATGTTGTCGGCTAAAGCTGCGTATCCAACACTGAGACTCAGCGCTTCTACTCCTAGGTACATAGCTAATTATAAAAAAGCTTATACAGGCTCACCTTAAGGCGAATACAAGACAAGAGTATTCATTGCAGCACTATTTGGAGTAGACAAAAACCAGAAACAACCTCAATGTCCATCAACAATAAATTGTGGTATGTTCACCAATGTAATGCTATGCAATTTTGAGAATGAACAATATACAACAGTGTGCAACAATAGGGATAAATTTCATAAACACAGATTAGAGCAAAAGAAGCCATCCACAAAAGCAGATGTAATGTATAATTTCATTTCATAAAGTTCAAAACCAAACAGAACTAACCTATAGGTTTAGAAGCCCATACATTTCCTGTCTTTGGCCTGGGCTGCTCACAGCAGTGTCTGCATGGAGGAACAGAGTGAAGAATCCTGGGGCTCTCTCTTGCAGCTCTGTTTCTGATGCTGCATGCTGAGTACTGCCTGTGGGCACTTGGTGACAATCCATTGAGTTGTGGACGTATGGTCAGGCACATTTCTGTAGAATGGTGAACCCCAATAAACTTTTTAAATGGAAAATAACAGAAAACAAGTGACTGGTTCGTATTCATCATTTGTTTCTGGTGTTATAGAGGAGACAAGACCCAGACCCATGAATAGATAAATCAATTATGGTAAGTTCCAGAATAAAGTATTTGTGTAAACACTGGATAGACTTCAAGGGGAACAGAAGTAGTGATGAGGGCCAAGGTATTTAACCCTGGGATTCTTGAAGGAGGTCTNAGATGGAACTTTGGTCAGGTGCCATTGGTCAACTGAGGCCCCTGGACAAGCCCTCTAGTGAAGATTATTGATCACATTAGTCGTGATCACATTAGTTGCGATCGATAACCTTCACCAGAGGGCTTGTCCATCGGATAACACGTACCTAGTTGGAAAGGTGCATCAAGTCTGTACTGGGGAGGAGGTTGGCACCAAGGGTCAAGAGCATTTATATGTTGGTCCAGGAGAGCTGAAACACCAGGCTGAGGGTCCCAGGAAGGAGTTTACCCGAGAGGGGTCTTGCCAACTGCAGAAAATCTAGTTAAGGCTACATTAATAGGGACACCTCTGTTAAAGGTCCATGTGATCTCTAGACCATAAGTGAAACATGATTTCTGGTCTGCATTTAATTTCTCGGGCTCTAGAATTCTTACCATAAGAAATGAACAGGACATTTCATTGCGTGTAGCTACATGANCAAGGTACCATGATACCATTTTGGGAGGGCCAGAGNCAANNAGAATGGGCAGCTCTAGNATAGAAAACTATCTCCAGAAGAAGTTGTTCTGGGAGTGATGAGAGCCCGCTAGTGGACTTGGATGTTCTCTCTTAGTCAAGTGTTCTAGACAATTTTATCACAGCGTGGGAGTGTAGAATGTGTACATGGAGCTAATTATGGTTGAATGTGAGGTGTATGTGCCTCAATATTTACAAGCAGAAAATGTGAAATCAATTATTTTCATTGCTGCTTCTTTTTTTAGGCATAAATTCTCGTGAACTACTTGTTTATAAGAACTGTACAAACAACTGCACATTTGTATATGCAGCTGAACAGCCTCCTGAAGCCCCAGGAAAAATCTTCAAAACTAATAGCTTCTACTGGGTTTGTTGTTGTAATAGCATGGTTTGCAATGCAGGAGGACCTACTAATCTTGAAAGGGACATGTTACCCGATGAAGTAACTGAGGAGGAGCTTCCAGAAGGAACTGTGAGGCTGGGGGTATCAAAACTGTTGCTGAGTTTTGCCTCTATCATAGTCAGCAATATATTGCCATGAGGACCCCACCTTGGAGGGTCTGACCATCTTCACCTGTTCCGCAGAGAAATGTTGCTCTCCATTATTCCCTTCTAAGCCAGAGACCCTTATCCACTGCTCCTCTAGGTGGCCCATTTATGGTTTGTTGTAAGAGAAAAATTAAAAAAATATTGTTTAGTGGAGATGTTCATGAGCATTTGTTTGCCTGCATGTACTTGAGCACTCATAGTGGAGTCTCTATTCATATCTGTTCTTCCCTCCCTTGCTCTGTATTCAGGGATTACTTTGTGGTTTTATTATAATCAGTTGCTGTAGCTATTAATTGATTTTGGTAGTTTTGTCTTTGTGCTTCATACTAAAGTTATGAGTGGGTTGCACACTGCAGTTATAGCATTGCAATATTTTGGTTTGTCTGTGTACTTAATTTTACCCTAGGTTTTATACTTTCAGATGTTTTCTTTTTATACGTGAGTGTTTTTTTCTTTCAGTTTGAAGAGCTCCCTTTAGCATTTCTTGTAAGACAGATGTGGTGGTGGTGAATTCTCTCAGCTTTTGTTTGGGAGAGATTTATTTCTCCTTCATATTTGAAGTTCAGTTTTGCTGGATACATTATTCTTGGATGACAGTTGAGGATTTTTTTTTTCTGTTCAACACTTTCAAAATGTCATACCACTCACTCCTGGCCTGTTGAGTTTCCCTTAAGAATTCTGTTGCCAGATGAACTGGAGCTGCTTTACATGTCTGCCTATTTTCTCTTGCCACTTTTAGGGTCCTCTTTTTGTCCTTGACCTTTAAGAGTTTTGATTATTATATGTGTCAGGGTAGTCCTATTTGGGTCAGATCTCTTTGGTGTTCTCTAACTTTCCTGTATCTGAATATTTATCTCTTCTTCAAGTTTTGGAAATTTTTCTGTTATTATTTTTTGAACAGCTTCCTACCCCTGGTGCTTGCTTAACTCCCTCTTAAACACCAGTAATTCTTAGATTTGGTCTTTTGAGGTAATTTTCTATATCTTATAGGTTATCGTCATTCCTTTTCATTCTTCTCTCTTTTTTCTCCTTTGTGTACTTTCAAATAGCTGTCTTCAGGTTCATTGATTCTTACCTCTGCTTTATTTATTTTGCTGTTGAAAGCCTGTAATGAATTTTTCAGTTCAGCAAATATATCTCTCATTTCCAAGGTTTCTATTTGACTTTTTAGATTATTTCAATGTCTTCGTTAATTATTTCTCCTAAATTTCTGAATTGCTTTTCTTTGTTATCTTGGAGATCACTGAGTTTCCTTAAAACTACTATTTT','1999-05-15 20:50:03');

#
# Dumping data for table 'exon'
#

INSERT INTO exon VALUES ('ENSE00000012499',1,1,'1999-05-19 00:40:15','1999-05-19 00:40:15','2000-09-01 16:48:18',28177,28271,1,2,1,1);
INSERT INTO exon VALUES ('ENSE00000012500',1,1,'1999-05-19 00:40:15','1999-05-19 00:40:15','2000-09-01 16:48:18',28881,28988,1,1,1,1);
INSERT INTO exon VALUES ('ENSE00000012501',1,1,'1999-05-19 00:40:15','1999-05-19 00:40:15','2000-09-01 16:48:18',34291,34517,1,1,0,1);

#
# Dumping data for table 'exon_transcript'
#

INSERT INTO exon_transcript VALUES ('ENSE00000012499','ENST00000003984',1);
INSERT INTO exon_transcript VALUES ('ENSE00000012500','ENST00000003984',2);
INSERT INTO exon_transcript VALUES ('ENSE00000012501','ENST00000003984',3);

#
# Dumping data for table 'feature'
#

INSERT INTO feature VALUES (1,1,28210,28271,749.0000,1,1,'blastp',1,20,'SW:GML_HUMAN',NULL,NULL);
INSERT INTO feature VALUES (2,1,28881,28983,749.0000,1,1,'blastp',20,54,'SW:GML_HUMAN',NULL,NULL);
INSERT INTO feature VALUES (3,1,34291,34515,749.0000,1,1,'blastp',55,129,'SW:GML_HUMAN',NULL,NULL);
INSERT INTO feature VALUES (4,1,28914,28983,83.0000,1,1,'blastp',101,124,'TR:O15227',NULL,NULL);
INSERT INTO feature VALUES (5,1,34291,34359,83.0000,1,1,'blastp',125,147,'TR:O15227',NULL,NULL);
INSERT INTO feature VALUES (6,1,34423,34470,49.0000,1,1,'blastp',168,183,'TR:O15227',NULL,NULL);
INSERT INTO feature VALUES (7,1,28902,28923,35.0000,1,1,'blastp',19,26,'SW:THYB_MOUSE',NULL,NULL);
INSERT INTO feature VALUES (8,1,28935,28983,81.0000,1,1,'blastp',28,44,'SW:THYB_MOUSE',NULL,NULL);
INSERT INTO feature VALUES (9,1,34291,34380,81.0000,1,1,'blastp',45,74,'SW:THYB_MOUSE',NULL,NULL);
INSERT INTO feature VALUES (10,1,28249,28271,37.0000,1,1,'blastp',12,18,'TR:Q63317',NULL,NULL);
INSERT INTO feature VALUES (11,1,28881,28932,37.0000,1,1,'blastp',18,35,'TR:Q63317',NULL,NULL);
INSERT INTO feature VALUES (12,1,28962,28983,32.0000,1,1,'blastp',53,60,'TR:Q63317',NULL,NULL);
INSERT INTO feature VALUES (13,1,34291,34347,32.0000,1,1,'blastp',61,79,'TR:Q63317',NULL,NULL);
INSERT INTO feature VALUES (14,1,28249,28271,34.0000,1,1,'blastp',6,12,'SW:E48A_HUMAN',NULL,NULL);
INSERT INTO feature VALUES (15,1,28881,28923,34.0000,1,1,'blastp',12,26,'SW:E48A_HUMAN',NULL,NULL);
INSERT INTO feature VALUES (16,1,28944,28983,67.0000,1,1,'blastp',31,44,'SW:E48A_HUMAN',NULL,NULL);
INSERT INTO feature VALUES (17,1,34291,34380,67.0000,1,1,'blastp',45,74,'SW:E48A_HUMAN',NULL,NULL);
INSERT INTO feature VALUES (18,1,28926,28983,51.0000,1,1,'blastp',28,47,'TR:O43653',NULL,NULL);
INSERT INTO feature VALUES (19,1,34291,34359,51.0000,1,1,'blastp',48,70,'TR:O43653',NULL,NULL);
INSERT INTO feature VALUES (20,1,34432,34485,46.0000,1,1,'blastp',84,101,'TR:O43653',NULL,NULL);
INSERT INTO feature VALUES (21,1,28902,28920,32.0000,1,1,'blastp',20,26,'SW:CX7A_NAJAT',NULL,NULL);
INSERT INTO feature VALUES (22,1,28959,28983,39.0000,1,1,'blastp',34,42,'SW:CX7A_NAJAT',NULL,NULL);
INSERT INTO feature VALUES (23,1,34291,34359,39.0000,1,1,'blastp',43,65,'SW:CX7A_NAJAT',NULL,NULL);
INSERT INTO feature VALUES (24,1,28908,28983,47.0000,1,1,'blastp',4,29,'SW:LY6G_MOUSE',NULL,NULL);
INSERT INTO feature VALUES (25,1,34291,34314,47.0000,1,1,'blastp',30,37,'SW:LY6G_MOUSE',NULL,NULL);
INSERT INTO feature VALUES (26,1,34438,34476,44.0000,1,1,'blastp',75,87,'SW:LY6G_MOUSE',NULL,NULL);
INSERT INTO feature VALUES (27,1,28905,28983,6.0000,1,2,'hmmpfam',26,52,'UPAR_LY6',NULL,NULL);
INSERT INTO feature VALUES (28,1,34291,34362,6.0000,1,2,'hmmpfam',53,76,'UPAR_LY6',NULL,NULL);
INSERT INTO feature VALUES (29,1,34348,34383,0.7000,1,2,'hmmpfam',242,253,'adeno_fiber',NULL,NULL);
INSERT INTO feature VALUES (30,1,28184,28271,785.0000,1,3,'tblastn',66,148,'HSD2901',NULL,NULL);
INSERT INTO feature VALUES (31,1,28881,28983,785.0000,1,3,'tblastn',149,251,'HSD2901',NULL,NULL);
INSERT INTO feature VALUES (32,1,34291,34515,785.0000,1,3,'tblastn',252,476,'HSD2901',NULL,NULL);
INSERT INTO feature VALUES (33,1,28912,28983,83.0000,1,3,'tblastn',556,627,'HSJ001348',NULL,NULL);
INSERT INTO feature VALUES (34,1,34291,34359,83.0000,1,3,'tblastn',628,696,'HSJ001348',NULL,NULL);
INSERT INTO feature VALUES (35,1,34423,34470,49.0000,1,3,'tblastn',757,804,'HSJ001348',NULL,NULL);
INSERT INTO feature VALUES (36,1,28933,28983,81.0000,1,3,'tblastn',89,139,'MMTHBR',NULL,NULL);
INSERT INTO feature VALUES (37,1,34291,34380,81.0000,1,3,'tblastn',140,229,'MMTHBR',NULL,NULL);
INSERT INTO feature VALUES (38,1,7515,7574,44.0000,1,3,'tblastn',325,384,'BTCYP2DA',NULL,NULL);
INSERT INTO feature VALUES (39,1,8620,8625,44.0000,1,3,'tblastn',385,390,'BTCYP2DA',NULL,NULL);
INSERT INTO feature VALUES (40,1,8638,8676,40.0000,1,3,'tblastn',430,468,'BTCYP2DA',NULL,NULL);
INSERT INTO feature VALUES (41,1,7518,7574,39.0000,1,3,'tblastn',409,465,'AF088982',NULL,NULL);
INSERT INTO feature VALUES (42,1,8620,8640,39.0000,1,3,'tblastn',466,486,'AF088982',NULL,NULL);
INSERT INTO feature VALUES (43,1,8653,8694,36.0000,1,3,'tblastn',370,411,'AF088982',NULL,NULL);
INSERT INTO feature VALUES (44,1,7494,7550,40.0000,1,3,'tblastn',10473,10529,'GGLRPA2MR',NULL,NULL);
INSERT INTO feature VALUES (45,1,7545,7574,41.0000,1,3,'tblastn',10533,10562,'GGLRPA2MR',NULL,NULL);
INSERT INTO feature VALUES (46,1,8620,8658,41.0000,1,3,'tblastn',10563,10601,'GGLRPA2MR',NULL,NULL);
INSERT INTO feature VALUES (47,1,34408,34437,37.0000,1,3,'tblastn',1144,1173,'HSU40343',NULL,NULL);
INSERT INTO feature VALUES (48,1,34426,34455,41.0000,1,3,'tblastn',1176,1205,'HSU40343',NULL,NULL);
INSERT INTO feature VALUES (49,1,28924,28983,51.0000,1,3,'tblastn',99,158,'AF043498',NULL,NULL);
INSERT INTO feature VALUES (50,1,34291,34359,51.0000,1,3,'tblastn',159,227,'AF043498',NULL,NULL);
INSERT INTO feature VALUES (51,1,34432,34485,46.0000,1,3,'tblastn',267,320,'AF043498',NULL,NULL);
INSERT INTO feature VALUES (52,1,7485,7538,43.0000,1,3,'tblastn',34,87,'CHY12580',NULL,NULL);
INSERT INTO feature VALUES (53,1,7533,7574,49.0000,1,3,'tblastn',121,162,'CHY12580',NULL,NULL);
INSERT INTO feature VALUES (54,1,8620,8682,49.0000,1,3,'tblastn',163,225,'CHY12580',NULL,NULL);
INSERT INTO feature VALUES (55,1,34315,34386,36.0000,1,3,'tblastn',902,973,'BT35642',NULL,NULL);
INSERT INTO feature VALUES (56,1,34384,34455,42.0000,1,3,'tblastn',967,1038,'BT35642',NULL,NULL);
INSERT INTO feature VALUES (57,1,34369,34401,47.0000,1,3,'tblastn',309,341,'U80756',NULL,NULL);
INSERT INTO feature VALUES (58,1,34435,34491,44.0000,1,3,'tblastn',410,466,'U80756',NULL,NULL);
INSERT INTO feature VALUES (59,1,28912,28983,83.0000,1,4,'tblastn',297,368,'gb|AI583197.1|AI583197',NULL,NULL);
INSERT INTO feature VALUES (60,1,34291,34359,83.0000,1,4,'tblastn',369,437,'gb|AI583197.1|AI583197',NULL,NULL);
INSERT INTO feature VALUES (61,1,34423,34473,48.0000,1,4,'tblastn',498,548,'gb|AI583197.1|AI583197',NULL,NULL);
INSERT INTO feature VALUES (62,1,28912,28983,83.0000,1,4,'tblastn',324,395,'gb|AI652550.1|AI652550',NULL,NULL);
INSERT INTO feature VALUES (63,1,34291,34359,83.0000,1,4,'tblastn',396,464,'gb|AI652550.1|AI652550',NULL,NULL);
INSERT INTO feature VALUES (64,1,34423,34473,48.0000,1,4,'tblastn',213,263,'gb|AI652550.1|AI652550',NULL,NULL);
INSERT INTO feature VALUES (65,1,28912,28983,66.0000,1,4,'tblastn',337,408,'gb|AA723810|AA723810',NULL,NULL);
INSERT INTO feature VALUES (66,1,34291,34341,66.0000,1,4,'tblastn',409,459,'gb|AA723810|AA723810',NULL,NULL);
INSERT INTO feature VALUES (67,1,34423,34473,48.0000,1,4,'tblastn',209,259,'gb|AA723810|AA723810',NULL,NULL);
INSERT INTO feature VALUES (68,1,28933,28983,83.0000,1,4,'tblastn',71,121,'gb|W36561|W36561',NULL,NULL);
INSERT INTO feature VALUES (69,1,34291,34365,83.0000,1,4,'tblastn',122,196,'gb|W36561|W36561',NULL,NULL);
INSERT INTO feature VALUES (70,1,28933,28983,82.0000,1,4,'tblastn',56,106,'gb|AA060913|AA060913',NULL,NULL);
INSERT INTO feature VALUES (71,1,34291,34380,82.0000,1,4,'tblastn',107,196,'gb|AA060913|AA060913',NULL,NULL);
INSERT INTO feature VALUES (72,1,28933,28983,81.0000,1,4,'tblastn',95,145,'gb|AI157664|AI157664',NULL,NULL);
INSERT INTO feature VALUES (73,1,34291,34380,81.0000,1,4,'tblastn',146,235,'gb|AI157664|AI157664',NULL,NULL);
INSERT INTO feature VALUES (74,1,28933,28983,81.0000,1,4,'tblastn',47,97,'gb|W09119|W09119',NULL,NULL);
INSERT INTO feature VALUES (75,1,34291,34380,81.0000,1,4,'tblastn',98,187,'gb|W09119|W09119',NULL,NULL);
INSERT INTO feature VALUES (76,1,28933,28983,81.0000,1,4,'tblastn',71,121,'gb|W10434|W10434',NULL,NULL);
INSERT INTO feature VALUES (77,1,34291,34380,81.0000,1,4,'tblastn',122,211,'gb|W10434|W10434',NULL,NULL);
INSERT INTO feature VALUES (78,1,28933,28983,81.0000,1,4,'tblastn',47,97,'gb|AA426949|AA426949',NULL,NULL);
INSERT INTO feature VALUES (79,1,34291,34380,81.0000,1,4,'tblastn',98,187,'gb|AA426949|AA426949',NULL,NULL);
INSERT INTO feature VALUES (80,1,28933,28983,81.0000,1,4,'tblastn',304,354,'gb|AA563161|AA563161',NULL,NULL);
INSERT INTO feature VALUES (81,1,34291,34380,81.0000,1,4,'tblastn',355,444,'gb|AA563161|AA563161',NULL,NULL);
INSERT INTO feature VALUES (82,1,28933,28983,81.0000,1,4,'tblastn',71,121,'gb|W41031|W41031',NULL,NULL);
INSERT INTO feature VALUES (83,1,34291,34380,81.0000,1,4,'tblastn',122,211,'gb|W41031|W41031',NULL,NULL);
INSERT INTO feature VALUES (84,1,28933,28983,81.0000,1,4,'tblastn',72,122,'gb|W08772|W08772',NULL,NULL);
INSERT INTO feature VALUES (85,1,34291,34380,81.0000,1,4,'tblastn',123,212,'gb|W08772|W08772',NULL,NULL);
INSERT INTO feature VALUES (86,1,28933,28983,81.0000,1,4,'tblastn',71,121,'gb|W41010|W41010',NULL,NULL);
INSERT INTO feature VALUES (87,1,34291,34380,81.0000,1,4,'tblastn',122,211,'gb|W41010|W41010',NULL,NULL);
INSERT INTO feature VALUES (88,1,28933,28983,81.0000,1,4,'tblastn',53,103,'gb|AA537269|AA537269',NULL,NULL);
INSERT INTO feature VALUES (89,1,34291,34380,81.0000,1,4,'tblastn',104,193,'gb|AA537269|AA537269',NULL,NULL);
INSERT INTO feature VALUES (90,1,7479,7574,80.0000,1,4,'tblastn',75,170,'dbj|C28820|C28820',NULL,NULL);
INSERT INTO feature VALUES (91,1,8620,8694,80.0000,1,4,'tblastn',171,245,'dbj|C28820|C28820',NULL,NULL);
INSERT INTO feature VALUES (92,1,28924,28983,61.0000,1,4,'tblastn',67,126,'gb|AA060412|AA060412',NULL,NULL);
INSERT INTO feature VALUES (93,1,34291,34359,61.0000,1,4,'tblastn',127,195,'gb|AA060412|AA060412',NULL,NULL);
INSERT INTO feature VALUES (94,1,34432,34485,43.0000,1,4,'tblastn',235,288,'gb|AA060412|AA060412',NULL,NULL);
INSERT INTO feature VALUES (95,1,28924,28983,61.0000,1,4,'tblastn',61,120,'gb|W11983|W11983',NULL,NULL);
INSERT INTO feature VALUES (96,1,34291,34359,61.0000,1,4,'tblastn',121,189,'gb|W11983|W11983',NULL,NULL);
INSERT INTO feature VALUES (97,1,34432,34485,43.0000,1,4,'tblastn',229,282,'gb|W11983|W11983',NULL,NULL);
INSERT INTO feature VALUES (98,1,28924,28983,61.0000,1,4,'tblastn',80,139,'gb|AA389615|AA389615',NULL,NULL);
INSERT INTO feature VALUES (99,1,34291,34359,61.0000,1,4,'tblastn',140,208,'gb|AA389615|AA389615',NULL,NULL);
INSERT INTO feature VALUES (100,1,34432,34485,43.0000,1,4,'tblastn',248,301,'gb|AA389615|AA389615',NULL,NULL);
INSERT INTO feature VALUES (101,1,7485,7574,75.0000,1,4,'tblastn',93,182,'dbj|C20214|C20214',NULL,NULL);
INSERT INTO feature VALUES (102,1,8620,8688,75.0000,1,4,'tblastn',183,251,'dbj|C20214|C20214',NULL,NULL);
INSERT INTO feature VALUES (103,1,28924,28983,61.0000,1,4,'tblastn',70,129,'gb|AA107101|AA107101',NULL,NULL);
INSERT INTO feature VALUES (104,1,34291,34359,61.0000,1,4,'tblastn',130,198,'gb|AA107101|AA107101',NULL,NULL);
INSERT INTO feature VALUES (105,1,34432,34485,43.0000,1,4,'tblastn',238,291,'gb|AA107101|AA107101',NULL,NULL);
INSERT INTO feature VALUES (106,1,28924,28983,61.0000,1,4,'tblastn',88,147,'gb|W42223|W42223',NULL,NULL);
INSERT INTO feature VALUES (107,1,34291,34359,61.0000,1,4,'tblastn',148,216,'gb|W42223|W42223',NULL,NULL);
INSERT INTO feature VALUES (108,1,34432,34485,43.0000,1,4,'tblastn',256,309,'gb|W42223|W42223',NULL,NULL);
INSERT INTO feature VALUES (109,1,7530,7574,51.0000,1,4,'tblastn',148,192,'gb|AA476305|AA476305',NULL,NULL);
INSERT INTO feature VALUES (110,1,8620,8658,51.0000,1,4,'tblastn',193,231,'gb|AA476305|AA476305',NULL,NULL);
INSERT INTO feature VALUES (111,1,8700,8701,40.0000,1,4,'tblastn',60,61,'gb|AA476305|AA476305',NULL,NULL);
INSERT INTO feature VALUES (112,1,28177,28246,40.0000,1,4,'tblastn',62,131,'gb|AA476305|AA476305',NULL,NULL);
INSERT INTO feature VALUES (113,1,28912,28983,51.0000,1,4,'tblastn',352,423,'gb|W44613|W44613',NULL,NULL);
INSERT INTO feature VALUES (114,1,34291,34296,51.0000,1,4,'tblastn',424,429,'gb|W44613|W44613',NULL,NULL);
INSERT INTO feature VALUES (115,1,34423,34473,48.0000,1,4,'tblastn',209,259,'gb|W44613|W44613',NULL,NULL);
INSERT INTO feature VALUES (116,1,980,994,-1000.0000,1,6,'genscan',-1,-1,'__NONE__',NULL,NULL);
INSERT INTO feature VALUES (117,1,7474,7579,-1000.0000,1,6,'genscan',-1,-1,'__NONE__',NULL,NULL);
INSERT INTO feature VALUES (118,1,8620,8701,-1000.0000,1,6,'genscan',-1,-1,'__NONE__',NULL,NULL);
INSERT INTO feature VALUES (119,1,28177,28271,-1000.0000,1,6,'genscan',-1,-1,'__NONE__',NULL,NULL);
INSERT INTO feature VALUES (120,1,28881,28988,-1000.0000,1,6,'genscan',-1,-1,'__NONE__',NULL,NULL);
INSERT INTO feature VALUES (121,1,34291,34517,-1000.0000,1,6,'genscan',-1,-1,'__NONE__',NULL,NULL);

#
# Dumping data for table 'fset'
#

INSERT INTO fset VALUES (1,-1000.0000);

#
# Dumping data for table 'fset_feature'
#

INSERT INTO fset_feature VALUES (116,1,1);
INSERT INTO fset_feature VALUES (117,1,2);
INSERT INTO fset_feature VALUES (118,1,3);
INSERT INTO fset_feature VALUES (119,1,4);
INSERT INTO fset_feature VALUES (120,1,5);
INSERT INTO fset_feature VALUES (121,1,6);

#
# Dumping data for table 'gene'
#

INSERT INTO gene VALUES ('ENSG00000003941',1,'1970-01-01 01:00:00','1970-01-01 01:00:00','2000-09-01 16:48:18');

#
# Dumping data for table 'genedblink'
#


#
# Dumping data for table 'genetype'
#

INSERT INTO genetype VALUES ('ENSG00000003941','ensembl');

#
# Dumping data for table 'ghost'
#


#
# Dumping data for table 'meta'
#


#
# Dumping data for table 'repeat_feature'
#

INSERT INTO repeat_feature VALUES (1,1,37,201,627.0000,-1,5,5736,5915,'Motif:L1MB8');
INSERT INTO repeat_feature VALUES (2,1,201,475,1958.0000,1,5,6796,7075,'Motif:L1MC3');
INSERT INTO repeat_feature VALUES (3,1,476,552,319.0000,1,5,17,93,'Motif:MLT1F1');
INSERT INTO repeat_feature VALUES (4,1,553,579,1958.0000,1,5,7075,7101,'Motif:L1MC3');
INSERT INTO repeat_feature VALUES (5,1,580,934,1915.0000,-1,5,2,364,'Motif:THE1B');
INSERT INTO repeat_feature VALUES (6,1,935,1408,1958.0000,1,5,7101,7630,'Motif:L1MC3');
INSERT INTO repeat_feature VALUES (7,1,1409,1707,1929.0000,1,5,1,298,'Motif:AluJb');
INSERT INTO repeat_feature VALUES (8,1,1708,1810,1958.0000,1,5,7630,7734,'Motif:L1MC3');
INSERT INTO repeat_feature VALUES (9,1,2489,3046,762.0000,1,5,1,490,'Motif:LTR24');
INSERT INTO repeat_feature VALUES (10,1,4058,4109,264.0000,-1,5,65,116,'Motif:LTR50');
INSERT INTO repeat_feature VALUES (11,1,4354,4484,341.0000,1,5,302,438,'Motif:LTR16B');
INSERT INTO repeat_feature VALUES (12,1,9553,9623,201.0000,-1,5,3197,3272,'Motif:L2');
INSERT INTO repeat_feature VALUES (13,1,10089,10179,358.0000,-1,5,185,276,'Motif:LTR43');
INSERT INTO repeat_feature VALUES (14,1,10348,10426,255.0000,-1,5,6587,6675,'Motif:MER66-internal');
INSERT INTO repeat_feature VALUES (15,1,10552,10903,501.0000,-1,5,6085,6439,'Motif:MER66-internal');
INSERT INTO repeat_feature VALUES (16,1,12292,12349,258.0000,1,5,1777,1834,'Motif:MER83-internal');
INSERT INTO repeat_feature VALUES (17,1,12405,12603,640.0000,1,5,1410,1610,'Motif:MER65-internal');
INSERT INTO repeat_feature VALUES (18,1,12600,12725,356.0000,1,5,1885,2018,'Motif:MER51-internal');
INSERT INTO repeat_feature VALUES (19,1,13271,13431,464.0000,1,5,2100,2255,'Motif:MER51-internal');
INSERT INTO repeat_feature VALUES (20,1,13359,13766,1351.0000,1,5,3743,4133,'Motif:MER66-internal');
INSERT INTO repeat_feature VALUES (21,1,13405,13769,1766.0000,1,5,2438,2815,'Motif:MER83-internal');
INSERT INTO repeat_feature VALUES (22,1,13770,14076,2468.0000,-1,5,1,307,'Motif:AluY');
INSERT INTO repeat_feature VALUES (23,1,14077,14116,1766.0000,1,5,2812,2832,'Motif:MER83-internal');
INSERT INTO repeat_feature VALUES (24,1,14117,15633,9659.0000,1,5,2,1386,'Motif:SVA');
INSERT INTO repeat_feature VALUES (25,1,15656,16429,1935.0000,1,5,2819,3290,'Motif:MER83-internal');
INSERT INTO repeat_feature VALUES (26,1,15681,16119,1673.0000,1,5,3470,3850,'Motif:MER4-internal');
INSERT INTO repeat_feature VALUES (27,1,16120,16427,2091.0000,-1,5,1,306,'Motif:AluSq');
INSERT INTO repeat_feature VALUES (28,1,16428,16586,1673.0000,1,5,3850,4020,'Motif:MER4-internal');
INSERT INTO repeat_feature VALUES (29,1,16592,16611,413.0000,1,5,4601,4620,'Motif:MER4-internal');
INSERT INTO repeat_feature VALUES (30,1,16612,17573,6153.0000,1,5,1,969,'Motif:LTR5');
INSERT INTO repeat_feature VALUES (31,1,17574,17680,413.0000,1,5,4620,4723,'Motif:MER4-internal');
INSERT INTO repeat_feature VALUES (32,1,18448,18605,816.0000,1,5,4316,4474,'Motif:MER66-internal');
INSERT INTO repeat_feature VALUES (33,1,18736,18966,663.0000,1,5,2,213,'Motif:MER4D');
INSERT INTO repeat_feature VALUES (34,1,18995,19090,488.0000,1,5,618,715,'Motif:MER49');
INSERT INTO repeat_feature VALUES (35,1,19099,19325,1261.0000,1,5,4604,4828,'Motif:MER66-internal');
INSERT INTO repeat_feature VALUES (36,1,19618,20256,2248.0000,1,5,5945,6594,'Motif:MER66-internal');
INSERT INTO repeat_feature VALUES (37,1,21164,21504,1497.0000,1,5,1,324,'Motif:MER65C');
INSERT INTO repeat_feature VALUES (38,1,21505,21795,1799.0000,-1,5,8,291,'Motif:AluSx');
INSERT INTO repeat_feature VALUES (39,1,21796,21929,1497.0000,1,5,324,461,'Motif:MER65C');
INSERT INTO repeat_feature VALUES (40,1,23777,24128,997.0000,1,5,420,805,'Motif:MER21B');
INSERT INTO repeat_feature VALUES (41,1,24642,24781,1446.0000,-1,5,318,461,'Motif:MER65C');
INSERT INTO repeat_feature VALUES (42,1,24782,25075,2031.0000,1,5,9,292,'Motif:AluSx');
INSERT INTO repeat_feature VALUES (43,1,25076,25412,1446.0000,-1,5,1,318,'Motif:MER65C');
INSERT INTO repeat_feature VALUES (44,1,29746,29895,929.0000,1,5,2,151,'Motif:THE1C');
INSERT INTO repeat_feature VALUES (45,1,30027,30235,1052.0000,1,5,150,371,'Motif:THE1C');
INSERT INTO repeat_feature VALUES (46,1,30371,30509,286.0000,1,5,30,180,'Motif:MLT2H');
INSERT INTO repeat_feature VALUES (47,1,31066,31142,404.0000,1,5,7662,7739,'Motif:L1MC3');
INSERT INTO repeat_feature VALUES (48,1,31349,31460,235.0000,1,5,4089,4200,'Motif:L1ME3A');
INSERT INTO repeat_feature VALUES (49,1,31493,33330,944.0000,1,5,4271,6157,'Motif:L1ME3A');
INSERT INTO repeat_feature VALUES (50,1,34870,35863,2967.0000,-1,5,786,1771,'Motif:L1M1');

#
# Dumping data for table 'species'
#


#
# Dumping data for table 'supporting_feature'
#

INSERT INTO supporting_feature VALUES (1,'ENSE00000012500',28914,28983,83,1,1,'blastp',101,124,'TR:O15227');
INSERT INTO supporting_feature VALUES (2,'ENSE00000012500',28902,28923,35,1,1,'blastp',19,26,'SW:THYB_MOUSE');
INSERT INTO supporting_feature VALUES (3,'ENSE00000012500',28935,28983,81,1,1,'blastp',28,44,'SW:THYB_MOUSE');
INSERT INTO supporting_feature VALUES (4,'ENSE00000012500',28881,28932,37,1,1,'blastp',18,35,'TR:Q63317');
INSERT INTO supporting_feature VALUES (5,'ENSE00000012500',28962,28983,32,1,1,'blastp',53,60,'TR:Q63317');
INSERT INTO supporting_feature VALUES (6,'ENSE00000012500',28881,28923,34,1,1,'blastp',12,26,'SW:E48A_HUMAN');
INSERT INTO supporting_feature VALUES (7,'ENSE00000012500',28944,28983,67,1,1,'blastp',31,44,'SW:E48A_HUMAN');
INSERT INTO supporting_feature VALUES (8,'ENSE00000012500',28926,28983,51,1,1,'blastp',28,47,'TR:O43653');
INSERT INTO supporting_feature VALUES (9,'ENSE00000012500',28902,28920,32,1,1,'blastp',20,26,'SW:CX7A_NAJAT');
INSERT INTO supporting_feature VALUES (10,'ENSE00000012500',28959,28983,39,1,1,'blastp',34,42,'SW:CX7A_NAJAT');
INSERT INTO supporting_feature VALUES (11,'ENSE00000012500',28908,28983,47,1,1,'blastp',4,29,'SW:LY6G_MOUSE');
INSERT INTO supporting_feature VALUES (12,'ENSE00000012500',28905,28983,6,1,2,'hmmpfam',26,52,'UPAR_LY6');
INSERT INTO supporting_feature VALUES (13,'ENSE00000012500',28881,28983,785,1,3,'tblastn',149,251,'HSD2901');
INSERT INTO supporting_feature VALUES (14,'ENSE00000012500',28912,28983,83,1,3,'tblastn',556,627,'HSJ001348');
INSERT INTO supporting_feature VALUES (15,'ENSE00000012500',28933,28983,81,1,3,'tblastn',89,139,'MMTHBR');
INSERT INTO supporting_feature VALUES (16,'ENSE00000012500',28924,28983,51,1,3,'tblastn',99,158,'AF043498');
INSERT INTO supporting_feature VALUES (17,'ENSE00000012500',28912,28983,83,1,4,'tblastn',297,368,'gb|AI583197.1|AI583197');
INSERT INTO supporting_feature VALUES (18,'ENSE00000012500',28912,28983,83,1,4,'tblastn',324,395,'gb|AI652550.1|AI652550');
INSERT INTO supporting_feature VALUES (19,'ENSE00000012500',28912,28983,66,1,4,'tblastn',337,408,'gb|AA723810|AA723810');
INSERT INTO supporting_feature VALUES (20,'ENSE00000012500',28933,28983,83,1,4,'tblastn',71,121,'gb|W36561|W36561');
INSERT INTO supporting_feature VALUES (21,'ENSE00000012500',28933,28983,82,1,4,'tblastn',56,106,'gb|AA060913|AA060913');
INSERT INTO supporting_feature VALUES (22,'ENSE00000012500',28933,28983,81,1,4,'tblastn',95,145,'gb|AI157664|AI157664');
INSERT INTO supporting_feature VALUES (23,'ENSE00000012500',28933,28983,81,1,4,'tblastn',47,97,'gb|W09119|W09119');
INSERT INTO supporting_feature VALUES (24,'ENSE00000012500',28933,28983,81,1,4,'tblastn',71,121,'gb|W10434|W10434');
INSERT INTO supporting_feature VALUES (25,'ENSE00000012500',28933,28983,81,1,4,'tblastn',47,97,'gb|AA426949|AA426949');
INSERT INTO supporting_feature VALUES (26,'ENSE00000012500',28933,28983,81,1,4,'tblastn',304,354,'gb|AA563161|AA563161');
INSERT INTO supporting_feature VALUES (27,'ENSE00000012500',28933,28983,81,1,4,'tblastn',71,121,'gb|W41031|W41031');
INSERT INTO supporting_feature VALUES (28,'ENSE00000012500',28933,28983,81,1,4,'tblastn',72,122,'gb|W08772|W08772');
INSERT INTO supporting_feature VALUES (29,'ENSE00000012500',28933,28983,81,1,4,'tblastn',71,121,'gb|W41010|W41010');
INSERT INTO supporting_feature VALUES (30,'ENSE00000012500',28933,28983,81,1,4,'tblastn',53,103,'gb|AA537269|AA537269');
INSERT INTO supporting_feature VALUES (31,'ENSE00000012500',28924,28983,61,1,4,'tblastn',67,126,'gb|AA060412|AA060412');
INSERT INTO supporting_feature VALUES (32,'ENSE00000012500',28924,28983,61,1,4,'tblastn',61,120,'gb|W11983|W11983');
INSERT INTO supporting_feature VALUES (33,'ENSE00000012500',28924,28983,61,1,4,'tblastn',80,139,'gb|AA389615|AA389615');
INSERT INTO supporting_feature VALUES (34,'ENSE00000012500',28924,28983,61,1,4,'tblastn',70,129,'gb|AA107101|AA107101');
INSERT INTO supporting_feature VALUES (35,'ENSE00000012500',28924,28983,61,1,4,'tblastn',88,147,'gb|W42223|W42223');
INSERT INTO supporting_feature VALUES (36,'ENSE00000012500',28912,28983,51,1,4,'tblastn',352,423,'gb|W44613|W44613');
INSERT INTO supporting_feature VALUES (37,'ENSE00000012501',34291,34515,749,1,1,'blastp',55,129,'SW:GML_HUMAN');
INSERT INTO supporting_feature VALUES (38,'ENSE00000012501',34291,34359,83,1,1,'blastp',125,147,'TR:O15227');
INSERT INTO supporting_feature VALUES (39,'ENSE00000012501',34423,34470,49,1,1,'blastp',168,183,'TR:O15227');
INSERT INTO supporting_feature VALUES (40,'ENSE00000012501',34291,34380,81,1,1,'blastp',45,74,'SW:THYB_MOUSE');
INSERT INTO supporting_feature VALUES (41,'ENSE00000012501',34291,34347,32,1,1,'blastp',61,79,'TR:Q63317');
INSERT INTO supporting_feature VALUES (42,'ENSE00000012501',34291,34380,67,1,1,'blastp',45,74,'SW:E48A_HUMAN');
INSERT INTO supporting_feature VALUES (43,'ENSE00000012501',34291,34359,51,1,1,'blastp',48,70,'TR:O43653');
INSERT INTO supporting_feature VALUES (44,'ENSE00000012501',34432,34485,46,1,1,'blastp',84,101,'TR:O43653');
INSERT INTO supporting_feature VALUES (45,'ENSE00000012501',34291,34359,39,1,1,'blastp',43,65,'SW:CX7A_NAJAT');
INSERT INTO supporting_feature VALUES (46,'ENSE00000012501',34291,34314,47,1,1,'blastp',30,37,'SW:LY6G_MOUSE');
INSERT INTO supporting_feature VALUES (47,'ENSE00000012501',34438,34476,44,1,1,'blastp',75,87,'SW:LY6G_MOUSE');
INSERT INTO supporting_feature VALUES (48,'ENSE00000012501',34291,34362,6,1,2,'hmmpfam',53,76,'UPAR_LY6');
INSERT INTO supporting_feature VALUES (49,'ENSE00000012501',34348,34383,0,1,2,'hmmpfam',242,253,'adeno_fiber');
INSERT INTO supporting_feature VALUES (50,'ENSE00000012501',34291,34515,785,1,3,'tblastn',252,476,'HSD2901');
INSERT INTO supporting_feature VALUES (51,'ENSE00000012501',34291,34359,83,1,3,'tblastn',628,696,'HSJ001348');
INSERT INTO supporting_feature VALUES (52,'ENSE00000012501',34423,34470,49,1,3,'tblastn',757,804,'HSJ001348');
INSERT INTO supporting_feature VALUES (53,'ENSE00000012501',34291,34380,81,1,3,'tblastn',140,229,'MMTHBR');
INSERT INTO supporting_feature VALUES (54,'ENSE00000012501',34408,34437,37,1,3,'tblastn',1144,1173,'HSU40343');
INSERT INTO supporting_feature VALUES (55,'ENSE00000012501',34426,34455,41,1,3,'tblastn',1176,1205,'HSU40343');
INSERT INTO supporting_feature VALUES (56,'ENSE00000012501',34291,34359,51,1,3,'tblastn',159,227,'AF043498');
INSERT INTO supporting_feature VALUES (57,'ENSE00000012501',34432,34485,46,1,3,'tblastn',267,320,'AF043498');
INSERT INTO supporting_feature VALUES (58,'ENSE00000012501',34315,34386,36,1,3,'tblastn',902,973,'BT35642');
INSERT INTO supporting_feature VALUES (59,'ENSE00000012501',34384,34455,42,1,3,'tblastn',967,1038,'BT35642');
INSERT INTO supporting_feature VALUES (60,'ENSE00000012501',34369,34401,47,1,3,'tblastn',309,341,'U80756');
INSERT INTO supporting_feature VALUES (61,'ENSE00000012501',34435,34491,44,1,3,'tblastn',410,466,'U80756');
INSERT INTO supporting_feature VALUES (62,'ENSE00000012501',34291,34359,83,1,4,'tblastn',369,437,'gb|AI583197.1|AI583197');
INSERT INTO supporting_feature VALUES (63,'ENSE00000012501',34423,34473,48,1,4,'tblastn',498,548,'gb|AI583197.1|AI583197');
INSERT INTO supporting_feature VALUES (64,'ENSE00000012501',34291,34359,83,1,4,'tblastn',396,464,'gb|AI652550.1|AI652550');
INSERT INTO supporting_feature VALUES (65,'ENSE00000012501',34423,34473,48,1,4,'tblastn',213,263,'gb|AI652550.1|AI652550');
INSERT INTO supporting_feature VALUES (66,'ENSE00000012501',34291,34341,66,1,4,'tblastn',409,459,'gb|AA723810|AA723810');
INSERT INTO supporting_feature VALUES (67,'ENSE00000012501',34423,34473,48,1,4,'tblastn',209,259,'gb|AA723810|AA723810');
INSERT INTO supporting_feature VALUES (68,'ENSE00000012501',34291,34365,83,1,4,'tblastn',122,196,'gb|W36561|W36561');
INSERT INTO supporting_feature VALUES (69,'ENSE00000012501',34291,34380,82,1,4,'tblastn',107,196,'gb|AA060913|AA060913');
INSERT INTO supporting_feature VALUES (70,'ENSE00000012501',34291,34380,81,1,4,'tblastn',146,235,'gb|AI157664|AI157664');
INSERT INTO supporting_feature VALUES (71,'ENSE00000012501',34291,34380,81,1,4,'tblastn',98,187,'gb|W09119|W09119');
INSERT INTO supporting_feature VALUES (72,'ENSE00000012501',34291,34380,81,1,4,'tblastn',122,211,'gb|W10434|W10434');
INSERT INTO supporting_feature VALUES (73,'ENSE00000012501',34291,34380,81,1,4,'tblastn',98,187,'gb|AA426949|AA426949');
INSERT INTO supporting_feature VALUES (74,'ENSE00000012501',34291,34380,81,1,4,'tblastn',355,444,'gb|AA563161|AA563161');
INSERT INTO supporting_feature VALUES (75,'ENSE00000012501',34291,34380,81,1,4,'tblastn',122,211,'gb|W41031|W41031');
INSERT INTO supporting_feature VALUES (76,'ENSE00000012501',34291,34380,81,1,4,'tblastn',123,212,'gb|W08772|W08772');
INSERT INTO supporting_feature VALUES (77,'ENSE00000012501',34291,34380,81,1,4,'tblastn',122,211,'gb|W41010|W41010');
INSERT INTO supporting_feature VALUES (78,'ENSE00000012501',34291,34380,81,1,4,'tblastn',104,193,'gb|AA537269|AA537269');
INSERT INTO supporting_feature VALUES (79,'ENSE00000012501',34291,34359,61,1,4,'tblastn',127,195,'gb|AA060412|AA060412');
INSERT INTO supporting_feature VALUES (80,'ENSE00000012501',34432,34485,43,1,4,'tblastn',235,288,'gb|AA060412|AA060412');
INSERT INTO supporting_feature VALUES (81,'ENSE00000012501',34291,34359,61,1,4,'tblastn',121,189,'gb|W11983|W11983');
INSERT INTO supporting_feature VALUES (82,'ENSE00000012501',34432,34485,43,1,4,'tblastn',229,282,'gb|W11983|W11983');
INSERT INTO supporting_feature VALUES (83,'ENSE00000012501',34291,34359,61,1,4,'tblastn',140,208,'gb|AA389615|AA389615');
INSERT INTO supporting_feature VALUES (84,'ENSE00000012501',34432,34485,43,1,4,'tblastn',248,301,'gb|AA389615|AA389615');
INSERT INTO supporting_feature VALUES (85,'ENSE00000012501',34291,34359,61,1,4,'tblastn',130,198,'gb|AA107101|AA107101');
INSERT INTO supporting_feature VALUES (86,'ENSE00000012501',34432,34485,43,1,4,'tblastn',238,291,'gb|AA107101|AA107101');
INSERT INTO supporting_feature VALUES (87,'ENSE00000012501',34291,34359,61,1,4,'tblastn',148,216,'gb|W42223|W42223');
INSERT INTO supporting_feature VALUES (88,'ENSE00000012501',34432,34485,43,1,4,'tblastn',256,309,'gb|W42223|W42223');
INSERT INTO supporting_feature VALUES (89,'ENSE00000012501',34291,34296,51,1,4,'tblastn',424,429,'gb|W44613|W44613');
INSERT INTO supporting_feature VALUES (90,'ENSE00000012501',34423,34473,48,1,4,'tblastn',209,259,'gb|W44613|W44613');
INSERT INTO supporting_feature VALUES (91,'ENSE00000012499',28210,28271,749,1,1,'blastp',1,20,'SW:GML_HUMAN');
INSERT INTO supporting_feature VALUES (92,'ENSE00000012499',28249,28271,37,1,1,'blastp',12,18,'TR:Q63317');
INSERT INTO supporting_feature VALUES (93,'ENSE00000012499',28249,28271,34,1,1,'blastp',6,12,'SW:E48A_HUMAN');
INSERT INTO supporting_feature VALUES (94,'ENSE00000012499',28184,28271,785,1,3,'tblastn',66,148,'HSD2901');
INSERT INTO supporting_feature VALUES (95,'ENSE00000012499',28177,28246,40,1,4,'tblastn',62,131,'gb|AA476305|AA476305');

#
# Dumping data for table 'transcript'
#

INSERT INTO transcript VALUES ('ENST00000003984',1,'ENSG00000003941','ENSP00000003984');

#
# Dumping data for table 'transcriptdblink'
#


#
# Dumping data for table 'translation'
#

INSERT INTO translation VALUES ('ENSP00000003984',1,28178,'ENSE00000012499',34517,'ENSE00000012501');

