# Clone 1

INSERT INTO clone (internal_id, id, embl_id, version, embl_version, htg_phase, created, modified, stored) 
VALUES (1, 'standard1', 'pog', 1, 3, 3, '0000-00-00 00:00:00', '0000-00-00 00:00:00', '0000-00-00 00:00:00');

INSERT INTO contig (internal_id, id, clone, length, dna, offset, corder, chromosomeId, international_id) 
VALUES (1, 'standard1', 1, 400, 1, 500, 1, 'chromosome1', 'international-a');

# Gene 1
INSERT INTO gene (id) VALUES ('clone1-gene1');
INSERT INTO transcript (id,gene,translation) VALUES ('transcript-1','clone1-gene1','trl-1');
INSERT INTO translation (id,start_exon,seq_start,end_exon,seq_end) VALUES ('trl-1', 'ex1-s1', 1, 'ex3-s1', 200);
INSERT INTO exon_transcript (exon,transcript,rank) VALUES ('ex1-s1', 'transcript-1', 1);
INSERT INTO exon_transcript (exon,transcript,rank) VALUES ('ex2-s1', 'transcript-1', 2);
INSERT INTO exon_transcript (exon,transcript,rank) VALUES ('ex3-s1', 'transcript-1', 3);
INSERT INTO exon (id,contig,seq_start,seq_end,sticky_rank,phase,strand) 
VALUES ('ex1-s1', 1, 13, 45, 1, 0, 1);
INSERT INTO exon (id,contig,seq_start,seq_end,sticky_rank,phase,strand) 
VALUES ('ex2-s1', 1, 108, 145, 2, 0, 1);
INSERT INTO exon (id,contig,seq_start,seq_end,sticky_rank,phase,strand) 
VALUES ('ex3-s1', 1, 159, 200, 1, 0, 1);
INSERT INTO genetype VALUES ('clone1-gene1','ensembl');



# Gene 2
INSERT INTO gene (id) VALUES ('clone1-gene2');
INSERT INTO transcript (id,gene,translation) VALUES ('transcript-2','clone1-gene2','trl-2');
INSERT INTO translation (id,start_exon,seq_start,end_exon,seq_end) VALUES ('trl-2', 'ex4-s1', 1, 'ex5-s1', 200);
INSERT INTO exon_transcript (exon,transcript,rank) VALUES ('ex4-s1', 'transcript-2', 1);
INSERT INTO exon_transcript (exon,transcript,rank) VALUES ('ex5-s1', 'transcript-2', 2);
INSERT INTO exon (id,contig,seq_start,seq_end,sticky_rank,phase,strand) 
VALUES ('ex4-s1', 1, 330, 400, 2, 0, 1);
INSERT INTO exon (id,contig,seq_start,seq_end,sticky_rank,phase,strand) 
VALUES ('ex5-s1', 1, 408, 445, 1, 0, 1);
INSERT INTO genetype VALUES ('clone1-gene2','ensembl');


# Clone 2

INSERT INTO clone (internal_id, id, embl_id, version, embl_version, htg_phase, created, modified, stored) 
VALUES (2, 'standard2', 'pig', 1, 3, 3, '0000-00-00 00:00:00', '0000-00-00 00:00:00', '0000-00-00 00:00:00');

INSERT INTO contig (internal_id, id, clone, length, dna, offset, corder, chromosomeId, international_id) 
VALUES (2, 'standard2', 2, 400, 1, 0, NULL, 'chromosome1', 'international-b');

# Gene 1
INSERT INTO gene (id) VALUES ('clone2-gene1');
INSERT INTO transcript (id,gene,translation) VALUES ('transcript-1p','clone2-gene1','trl-1p');
INSERT INTO translation (id,start_exon,seq_start,end_exon,seq_end) VALUES ('trl-1p', 'clone2-ex1', 1, 'clone2-ex3', 200);
INSERT INTO exon_transcript (exon,transcript,rank) VALUES ('clone2-ex1','transcript-1p',1);
INSERT INTO exon_transcript (exon,transcript,rank) VALUES ('clone2-ex2','transcript-1p',2);
INSERT INTO exon_transcript (exon,transcript,rank) VALUES ('clone2-ex3','transcript-1p',3);
INSERT INTO exon (id,contig,seq_start,seq_end,sticky_rank,phase,strand) 
VALUES ('clone2-ex1', 2, 13, 45, 1, 0, 1);
INSERT INTO exon (id,contig,seq_start,seq_end,sticky_rank,phase,strand) 
VALUES ('clone2-ex2', 2, 108, 145, 2, 0, 1);
INSERT INTO exon (id,contig,seq_start,seq_end,sticky_rank,phase,strand) 
VALUES ('clone2-ex3', 2, 159, 200, 1, 0, 1);
INSERT INTO genetype VALUES ('clone2-gene1','ensembl');

# Gene 2
INSERT INTO gene (id) VALUES ('clone2-gene2');
INSERT INTO transcript (id,gene,translation) VALUES ('transcript-2p','clone2-gene2','trl-2p');
INSERT INTO translation (id,start_exon,seq_start,end_exon,seq_end) VALUES ('trl-2p', 'clone2-ex4', 1, 'clone2-ex5', 200);
INSERT INTO exon_transcript (exon,transcript,rank) VALUES ('clone2-ex4','transcript-2p',1);
INSERT INTO exon_transcript (exon,transcript,rank) VALUES ('clone2-ex5','transcript-2p',2);
INSERT INTO exon (id,contig,seq_start,seq_end,sticky_rank,phase,strand) 
VALUES ('clone2-ex4', 2, 330, 400, 2, 0, 1);
INSERT INTO exon (id,contig,seq_start,seq_end,sticky_rank,phase,strand) 
VALUES ('clone2-ex5', 2, 408, 445, 1, 0, 1);
INSERT INTO genetype VALUES ('clone2-gene2','ensembl');

# Gene 3
INSERT INTO gene (id) VALUES ('clone2-gene3');
INSERT INTO transcript (id,gene,translation) VALUES ('transcript-3','clone2-gene3','trl-3');
INSERT INTO translation (id,start_exon,seq_start,end_exon,seq_end) VALUES ('trl-3', 'clone2-ex6', 1, 'clone2-ex9', 200);
INSERT INTO exon_transcript (exon,transcript,rank) VALUES ('clone2-ex6','transcript-3',1);
INSERT INTO exon_transcript (exon,transcript,rank) VALUES ('clone2-ex7','transcript-3',2);
INSERT INTO exon_transcript (exon,transcript,rank) VALUES ('clone2-ex8','transcript-3',3);
INSERT INTO exon_transcript (exon,transcript,rank) VALUES ('clone2-ex9','transcript-3',4);
INSERT INTO exon (id,contig,seq_start,seq_end,sticky_rank,phase,strand) 
VALUES ('clone2-ex6', 2, 1013, 1045, 1, 0, 1);
INSERT INTO exon (id,contig,seq_start,seq_end,sticky_rank,phase,strand) 
VALUES ('clone2-ex7', 2, 1108, 1145, 2, 0, 1);
INSERT INTO exon (id,contig,seq_start,seq_end,sticky_rank,phase,strand) 
VALUES ('clone2-ex8', 2, 1159, 1200, 1, 0, 1);
INSERT INTO exon (id,contig,seq_start,seq_end,sticky_rank,phase,strand) 
VALUES ('clone2-ex9', 2, 1203, 1250, 2, 0, 1);
INSERT INTO genetype VALUES ('clone2-gene3','ensembl');

# Gene 4
INSERT INTO gene (id) VALUES ('clone2-gene4');
INSERT INTO transcript (id,gene,translation) VALUES ('transcript-4','clone2-gene4','trl-4');
INSERT INTO translation (id,start_exon,seq_start,end_exon,seq_end) VALUES ('trl-4', 'ex10', 1, 'ex11', 200);
INSERT INTO exon_transcript (exon,transcript,rank) VALUES ('ex10','transcript-4',1);
INSERT INTO exon_transcript (exon,transcript,rank) VALUES ('ex11','transcript-4',2);
INSERT INTO exon (id,contig,seq_start,seq_end,sticky_rank,phase,strand) 
VALUES ('ex10', 2, 1330, 1400, 1, 0, 1);
INSERT INTO exon (id,contig,seq_start,seq_end,sticky_rank,phase,strand) 
VALUES ('ex11', 2, 1408, 1445, 2, 0, 1);
INSERT INTO genetype VALUES ('clone2-gene4','ensembl');



# Clone 3

INSERT INTO clone (internal_id, id, embl_id, version, embl_version, htg_phase, created, modified, stored) 
VALUES (3, 'predictor1', 'peg', 1, 3, 3, '0000-00-00 00:00:00', '0000-00-00 00:00:00', '0000-00-00 00:00:00');

INSERT INTO contig (internal_id, id, clone, length, dna, offset, corder, chromosomeId, international_id) 
VALUES (3, 'predictor1', 3, 400, 1, 0, NULL, 'chromosome1', 'international-b');

# Gene 1
INSERT INTO gene (id) VALUES ('clone3-gene1');
INSERT INTO transcript (id,gene,translation) VALUES ('transcript-3p','clone3-gene1','trl-3p');
INSERT INTO translation (id,start_exon,seq_start,end_exon,seq_end) VALUES ('trl-3p', 'clone3-ex1', 1, 'clone3-ex4', 200);
INSERT INTO exon_transcript (exon,transcript,rank) VALUES ('clone3-ex1','transcript-3p',1);
INSERT INTO exon_transcript (exon,transcript,rank) VALUES ('clone3-ex2','transcript-3p',2);
INSERT INTO exon_transcript (exon,transcript,rank) VALUES ('clone3-ex3','transcript-3p',3);
INSERT INTO exon_transcript (exon,transcript,rank) VALUES ('clone3-ex4','transcript-3p',4);
INSERT INTO exon (id,contig,seq_start,seq_end,sticky_rank,phase,strand) 
VALUES ('clone3-ex1', 3, 1013, 1045, 1, 0, 1);
INSERT INTO exon (id,contig,seq_start,seq_end,sticky_rank,phase,strand) 
VALUES ('clone3-ex2', 3, 1108, 1145, 2, 0, 1);
INSERT INTO exon (id,contig,seq_start,seq_end,sticky_rank,phase,strand) 
VALUES ('clone3-ex3', 3, 1159, 1200, 1, 0, 1);
INSERT INTO exon (id,contig,seq_start,seq_end,sticky_rank,phase,strand) 
VALUES ('clone3-ex4', 3, 1203, 1250, 2, 0, 1);
INSERT INTO genetype VALUES ('clone3-gene1','ensembl');



# Gene 2
INSERT INTO gene (id) VALUES ('clone3-gene2');
INSERT INTO transcript (id,gene,translation) VALUES ('transcript-4p','clone3-gene2','trl-4p');
INSERT INTO translation (id,start_exon,seq_start,end_exon,seq_end) VALUES ('trl-4p', 'clone3-ex5', 1, 'clone3-ex6', 200);
INSERT INTO exon_transcript (exon,transcript,rank) VALUES ('clone3-ex5','transcript-3p',1);
INSERT INTO exon_transcript (exon,transcript,rank) VALUES ('clone3-ex6','transcript-3p',2);
INSERT INTO exon (id,contig,seq_start,seq_end,sticky_rank,phase,strand) 
VALUES ('clone3-ex5', 3, 1330, 1400, 1, 0, 1);
INSERT INTO exon (id,contig,seq_start,seq_end,sticky_rank,phase,strand) 
VALUES ('clone3-ex6', 3, 1408, 1445, 2, 0, 1);
INSERT INTO genetype VALUES ('clone3-gene2','ensembl');



# Clone 4

INSERT INTO clone (internal_id, id, embl_id, version, embl_version, htg_phase, created, modified, stored) 
VALUES (4, 'predictor2', 'pag', 1, 3, 3, '0000-00-00 00:00:00', '0000-00-00 00:00:00', '0000-00-00 00:00:00');

INSERT INTO contig (internal_id, id, clone, length, dna, offset, corder, chromosomeId, international_id) 
VALUES (4, 'predictor2', 4, 1500, 1, 0, NULL, 'chromosome1', 'international-b');

# Gene 1
INSERT INTO gene (id) VALUES ('clone4-gene1');
INSERT INTO transcript (id,gene,translation) VALUES ('clone4-trans1', 'clone4-gene1', 'clone4-trl1');
INSERT INTO translation (id,start_exon,seq_start,end_exon,seq_end) VALUES ('clone4-trl1', 'clone4-ex1', 1, 'clone4-ex2', 200);
INSERT INTO exon_transcript (exon,transcript,rank) VALUES ('clone4-ex1','clone4-trans1',1);
INSERT INTO exon_transcript (exon,transcript,rank) VALUES ('clone4-ex2','clone4-trans1',2);
INSERT INTO exon (id,contig,seq_start,seq_end,sticky_rank,phase,strand) 
VALUES ('clone4-ex1', 4, 330, 400, 2, 0, 1);
INSERT INTO exon (id,contig,seq_start,seq_end,sticky_rank,phase,strand) 
VALUES ('clone4-ex2', 4, 408, 445, 1, 0, 1);
INSERT INTO genetype VALUES ('clone4-gene1','ensembl');


# Gene 2
INSERT INTO gene (id) VALUES ('clone4-gene2');
INSERT INTO transcript (id,gene,translation) VALUES ('clone4-trans2','clone4-gene2','clone4-trl2');
INSERT INTO translation (id,start_exon,seq_start,end_exon,seq_end) VALUES ('clone4-trl2', 'clone4-ex6', 1, 'clone4-ex9', 200);
INSERT INTO exon_transcript (exon,transcript,rank) VALUES ('clone4-ex6','clone4-trans2',1);
INSERT INTO exon_transcript (exon,transcript,rank) VALUES ('clone4-ex7','clone4-trans2',2);
INSERT INTO exon_transcript (exon,transcript,rank) VALUES ('clone4-ex8','clone4-trans2',3);
INSERT INTO exon_transcript (exon,transcript,rank) VALUES ('clone4-ex9','clone4-trans2',4);
INSERT INTO exon (id,contig,seq_start,seq_end,sticky_rank,phase,strand) 
VALUES ('clone4-ex6', 4, 1013, 1045, 1, 0, 1);
INSERT INTO exon (id,contig,seq_start,seq_end,sticky_rank,phase,strand) 
VALUES ('clone4-ex7', 4, 1108, 1145, 2, 0, 1);
INSERT INTO exon (id,contig,seq_start,seq_end,sticky_rank,phase,strand) 
VALUES ('clone4-ex8', 4, 1159, 1200, 1, 0, 1);
INSERT INTO exon (id,contig,seq_start,seq_end,sticky_rank,phase,strand) 
VALUES ('clone4-ex9', 4, 1203, 1250, 2, 0, 1);
INSERT INTO genetype VALUES ('clone4-gene2','ensembl');




# Clone 5

INSERT INTO clone (internal_id, id, embl_id, version, embl_version, htg_phase, created, modified, stored) 
VALUES (5, 'predictor3', 'pug', 1, 3, 3, '0000-00-00 00:00:00', '0000-00-00 00:00:00', '0000-00-00 00:00:00');

INSERT INTO contig (internal_id, id, clone, length, dna, offset, corder, chromosomeId, international_id) 
VALUES (5, 'predictor3', 5, 1000, 1, 0, NULL, 'chromosome1', 'international-b');

# Gene 1
INSERT INTO gene (id) VALUES ('clone5-gene1');
INSERT INTO transcript (id,gene,translation) VALUES ('clone5-trans1', 'clone5-gene1', 'clone5-trl1');
INSERT INTO translation (id,start_exon,seq_start,end_exon,seq_end) VALUES ('clone5-trl1', 'clone5-ex1', 1, 'clone5-ex5', 500);
INSERT INTO exon_transcript (exon,transcript,rank) VALUES ('clone5-ex1','clone5-trans1',1);
INSERT INTO exon_transcript (exon,transcript,rank) VALUES ('clone5-ex2','clone5-trans1',2);
INSERT INTO exon_transcript (exon,transcript,rank) VALUES ('clone5-ex3','clone5-trans1',3);
INSERT INTO exon_transcript (exon,transcript,rank) VALUES ('clone5-ex4','clone5-trans1',4);
INSERT INTO exon_transcript (exon,transcript,rank) VALUES ('clone5-ex5','clone5-trans1',5);
INSERT INTO exon (id,contig,seq_start,seq_end,sticky_rank,phase,strand) 
VALUES ('clone5-ex1', 5, 13, 45, 1, 0, 1);
INSERT INTO exon (id,contig,seq_start,seq_end,sticky_rank,phase,strand) 
VALUES ('clone5-ex2', 5, 108, 145, 2, 0, 1);
INSERT INTO exon (id,contig,seq_start,seq_end,sticky_rank,phase,strand) 
VALUES ('clone5-ex3', 5, 159, 200, 1, 0, 1);
INSERT INTO exon (id,contig,seq_start,seq_end,sticky_rank,phase,strand) 
VALUES ('clone5-ex4', 5, 330, 400, 2, 0, 1);
INSERT INTO exon (id,contig,seq_start,seq_end,sticky_rank,phase,strand) 
VALUES ('clone5-ex5', 5, 408, 445, 1, 0, 1);
INSERT INTO genetype VALUES ('clone5-gene1','ensembl');


# Gene 2
INSERT INTO gene (id) VALUES ('clone5-gene2');
INSERT INTO transcript (id,gene,translation) VALUES ('clone5-trans2','clone5-gene2','clone5-trl2');
INSERT INTO translation (id,start_exon,seq_start,end_exon,seq_end) VALUES ('clone5-trl2', 'clone5-ex6', 1, 'clone5-ex7', 200);
INSERT INTO exon_transcript (exon,transcript,rank) VALUES ('clone5-ex6','clone5-trans2',1);
INSERT INTO exon_transcript (exon,transcript,rank) VALUES ('clone5-ex7','clone5-trans2',2);
INSERT INTO exon (id,contig,seq_start,seq_end,sticky_rank,phase,strand) 
VALUES ('clone5-ex6', 5, 1013, 1045, 1, 0, 1);
INSERT INTO exon (id,contig,seq_start,seq_end,sticky_rank,phase,strand) 
VALUES ('clone5-ex7', 5, 1108, 1145, 2, 0, 1);
INSERT INTO genetype VALUES ('clone5-gene2','ensembl');


# Gene 3
INSERT INTO gene (id) VALUES ('clone5-gene3');
INSERT INTO transcript (id,gene,translation) VALUES ('clone5-trans3','clone5-gene3','clone5-trl3');
INSERT INTO translation (id,start_exon,seq_start,end_exon,seq_end) VALUES ('clone5-trl3', 'clone5-ex8', 1, 'clone5-ex9', 200);
INSERT INTO exon_transcript (exon,transcript,rank) VALUES ('clone5-ex8','clone5-trans3',1);
INSERT INTO exon_transcript (exon,transcript,rank) VALUES ('clone5-ex9','clone5-trans3',2);
INSERT INTO exon (id,contig,seq_start,seq_end,sticky_rank,phase,strand) 
VALUES ('clone5-ex8', 5, 1159, 1200, 1, 0, 1);
INSERT INTO exon (id,contig,seq_start,seq_end,sticky_rank,phase,strand) 
VALUES ('clone5-ex9', 5, 1203, 1250, 2, 0, 1);
INSERT INTO genetype VALUES ('clone5-gene3','ensembl');



# Gene 4
INSERT INTO gene (id) VALUES ('clone5-gene4');
INSERT INTO transcript (id,gene,translation) VALUES ('clone5-trans4','clone5-gene4','clone5-trl4');
INSERT INTO translation (id,start_exon,seq_start,end_exon,seq_end) VALUES ('clone5-trl4', 'clone5-ex10', 1, 'clone5-ex11', 200);
INSERT INTO exon_transcript (exon,transcript,rank) VALUES ('clone5-ex10','clone5-trans4',1);
INSERT INTO exon_transcript (exon,transcript,rank) VALUES ('clone5-ex11','clone5-trans4',2);
INSERT INTO exon (id,contig,seq_start,seq_end,sticky_rank,phase,strand) 
VALUES ('clone5-ex10', 5, 1330, 1400, 1, 0, 1);
INSERT INTO exon (id,contig,seq_start,seq_end,sticky_rank,phase,strand) 
VALUES ('clone5-ex11', 5, 1408, 1445, 2, 0, 1);
INSERT INTO genetype VALUES ('clone5-gene4','ensembl');


INSERT INTO dna (id, sequence, created) 
VALUES (1, 'AAAAAAAAAATTTTTTTTTTAAAAAAAAAATTTTTTTTTTGGGGGGGGGAAAAAAAAAATTTTTTTTTTAAAAAAAAAATTTTTTTTTTGGGGGGGGGAAAAAAAAAATTTTTTTTTTAAAAAAAAAATTTTTTTTTTGGGGGGGGGAAAAAAAAAATTTTTTTTTTAAAAAAAAAATTTTTTTTTTGGGGGGGGGAAAAAAAAAATTTTTTTTTTAAAAAAAAAATTTTTTTTTTGGGGGGGGGAAAAAAAAAATTTTTTTTTTAAAAAAAAAATTTTTTTTTTGGGGGGGGGAAAAAAAAAATTTTTTTTTTAAAAAAAAAATTTTTTTTTTGGGGGGGGGAAAAAAAAAATTTTTTTTTTAAAAAAAAAATTTTTTTTTTGGGGGGGGGAAAAAAAAAATTTTTTTTTTAAAAAAAAAATTTTTTTTTTGGGGGGGGGAAAAAAAAAATTTTTTTTTTAAAAAAAAAATTTTTTTTTTGGGGGGGGGAAAAAAAAAATTTTTTTTTTAAAAAAAAAATTTTTTTTTTGGGGGGGGGAAAAAAAAAATTTTTTTTTTAAAAAAAAAATTTTTTTTTTGGGGGGGGGAAAAAAAAAATTTTTTTTTTAAAAAAAAAATTTTTTTTTTGGGGGGGGGAAAAAAAAAATTTTTTTTTTAAAAAAAAAATTTTTTTTTTGGGGGGGGGAAAAAAAAAATTTTTTTTTTAAAAAAAAAATTTTTTTTTTGGGGGGGGGAAAAAAAAAATTTTTTTTTTAAAAAAAAAATTTTTTTTTTGGGGGGGGGAAAAAAAAAATTTTTTTTTTAAAAAAAAAATTTTTTTTTTGGGGGGGGGAAAAAAAAAATTTTTTTTTTAAAAAAAAAATTTTTTTTTTGGGGGGGGGAAAAAAAAAATTTTTTTTTTAAAAAAAAAATTTTTTTTTTGGGGGGGGGAAAAAAAAAATTTTTTTTTTAAAAAAAAAATTTTTTTTTTGGGGGGGGGAAAAAAAAAATTTTTTTTTTAAAAAAAAAATTTTTTTTTTGGGGGGGGGAAAAAAAAAATTTTTTTTTTAAAAAAAAAATTTTTTTTTTGGGGGGGGGAAAAAAAAAATTTTTTTTTTAAAAAAAAAATTTTTTTTTTGGGGGGGGGAAAAAAAAAATTTTTTTTTTAAAAAAAAAATTTTTTTTTTGGGGGGGGGAAAAAAAAAATTTTTTTTTTAAAAAAAAAATTTTTTTTTTGGGGGGGGGAAAAAAAAAATTTTTTTTTTAAAAAAAAAATTTTTTTTTTGGGGGGGGGAAAAAAAAAATTTTTTTTTTAAAAAAAAAATTTTTTTTTTGGGGGGGGGAAAAAAAAAATTTTTTTTTTAAAAAAAAAATTTTTTTTTTGGGGGGGGGAAAAAAAAAATTTTTTTTTTAAAAAAAAAATTTTTTTTTTGGGGGGGGGAAAAAAAAAATTTTTTTTTTAAAAAAAAAATTTTTTTTTTGGGGGGGGGAAAAAAAAAATTTTTTTTTTAAAAAAAAAATTTTTTTTTTGGGGGGGGGAAAAAAAAAATTTTTTTTTTAAAAAAAAAATTTTTTTTTTGGGGGGGGG', '2000-04-27 08:31:59');













