INSERT INTO clone (id, internal_id,embl_id, version, embl_version, htg_phase, created, modified, stored) 
VALUES ('pog', 1,'pog', 1, 1, 3, '0000-00-00 00:00:00', '0000-00-00 00:00:00', '0000-00-00 00:00:00');

INSERT INTO contig (internal_id, id, clone, length, dna, offset, corder, chromosomeId, international_id) 
VALUES (1, 'contig1', 1, 5, 1, 0, NULL, 'chromosome1', 'international-a');
INSERT INTO contig (internal_id, id, clone, length, dna, offset, corder, chromosomeId, international_id) 
VALUES (2, 'contig2', 1, 6, 2, 0, NULL, 'chromosome1', 'international-b');
INSERT INTO contig (internal_id, id, clone, length, dna, offset, corder, chromosomeId, international_id) 
VALUES (3, 'contig3', 1, 5, 3, 0, NULL, 'chromosome1', 'international-c');
INSERT INTO contig (internal_id, id, clone, length, dna, offset, corder, chromosomeId, international_id) 
VALUES (4, 'contig4', 1, 6, 4, 0, NULL, 'chromosome1', 'international-d');
INSERT INTO contig (internal_id, id, clone, length, dna, offset, corder, chromosomeId, international_id) 
VALUES (5, 'contig5', 1, 5, 5, 0, NULL, 'chromosome1', 'international-e');

 
INSERT INTO exon (exon_id,contig_id,seq_start,seq_end,sticky_rank,phase,strand) VALUES (1,1,2,4,1,0,1);
INSERT INTO exon (exon_id,contig_id,seq_start,seq_end,sticky_rank,phase,strand) VALUES (1,2,2,4,2,0,1);
INSERT INTO exon (exon_id,contig_id,seq_start,seq_end,sticky_rank,phase,strand) VALUES (2,2,5,6,1,0,1);

INSERT INTO exon_stable_id (exon_id,stable_id) VALUES (1,'exon-1');
INSERT INTO exon_stable_id (exon_id,stable_id) VALUES (2,'exon-2');


INSERT INTO exon_transcript (exon_id,transcript_id,rank) VALUES (1,1,1);
INSERT INTO exon_transcript (exon_id,transcript_id,rank) VALUES (2,1,2);

INSERT INTO transcript (transcript_id,gene_id,translation_id) VALUES (1,1,1);
INSERT INTO transcript_stable_id (transcript_id,stable_id) VALUES (1,'ENST1');

INSERT INTO gene (gene_id,type,analysisId) VALUES (1,'ensembl',1);
INSERT INTO gene_stable_id (gene_id,stable_id) VALUES (1,'ENSG1');

INSERT INTO gene_description (gene_id,description) VALUES (1,"some description");

INSERT INTO translation (translation_id,start_exon_id,seq_start,end_exon_id,seq_end) VALUES (1,1,2,2,6);
INSERT INTO translation_stable_id (translation_id,stable_id) VALUES (1,'trl-1');




INSERT INTO dna (id, sequence, created) 
VALUES (1, 'AAAAA', '2000-04-27 08:31:59');
INSERT INTO dna (id, sequence, created) 
VALUES (2, 'CCCCCC', '2000-04-27 08:31:59');
INSERT INTO dna (id, sequence, created) 
VALUES (3, 'TTTTT', '2000-04-27 08:31:59');
INSERT INTO dna (id, sequence, created) 
VALUES (4, 'GGGGGG', '2000-04-27 08:31:59');
INSERT INTO dna (id, sequence, created) 
VALUES (5, 'AAAAA', '2000-04-27 08:31:59');

INSERT INTO feature (id, contig, seq_start, seq_end, score, strand, analysis, name, hstart, hend, hid, evalue, perc_id)
VALUES (1, 1, 2, 3, 10, 1, 1, 'silly', 100, 120, 'P30002', 0.0, 0);
INSERT INTO feature (id, contig, seq_start, seq_end, score, strand, analysis, name, hstart, hend, hid, evalue, perc_id)
VALUES (2, 1, 2, 3, 10, 1, 2, 'genscan', 0, 0, 'genscan', 0.0, 0);

INSERT INTO fset (id, score)
VALUES (1, 100);

INSERT INTO fset_feature (feature, fset, rank) 
VALUES (2, 1, 1);

INSERT INTO analysis (id, db, db_version, program, program_version, gff_source, gff_feature)
VALUES (1, 'swissprot', 12, 'blast', 12,  'blast', 'similarity');
INSERT INTO analysis (id, db, db_version, program, program_version, gff_source, gff_feature)
VALUES (2, 'genscan', 12, 'blast', 12, 'blast', 'similarity');

#
# Dumping data for table 'objectXref'
#

INSERT INTO objectXref (objectxrefId, ensembl_id, ensembl_object_type, xrefId ) VALUES (1, 1,'Gene', 1);
INSERT INTO objectXref (objectxrefId, ensembl_id, ensembl_object_type, xrefId ) VALUES (2, 1,'Gene', 2);
INSERT INTO objectXref (objectxrefId, ensembl_id, ensembl_object_type, xrefId ) VALUES (1, 1,'Transcript', 1);
INSERT INTO objectXref (objectxrefId, ensembl_id, ensembl_object_type, xrefId ) VALUES (2, 1,'Transcript', 2);
INSERT INTO objectXref (objectxrefId, ensembl_id, ensembl_object_type, xrefId ) VALUES (2, 1,'Translation', 2);

#
# Dumping data for table 'Xref'
#

INSERT INTO Xref (xrefID, externalDBId, dbprimary_id, display_id,version, description) VALUES (1, 1, 'P000123', 'DISPLAY1',01, 'blablaou');
INSERT INTO Xref (xrefID, externalDBId, dbprimary_id, display_id, version, description) VALUES (2, 2, 'AC000012', 'DISPLAY2', 02, 'tremblannot');

#
# Dumping data for table 'externalSynonym'
#

INSERT INTO externalSynonym (xrefId, synonym) VALUES (1, 'EMBL_SYNONYME1');
INSERT INTO externalSynonym (xrefId, synonym) VALUES (2, 'SPTREMBL_SYNONYME2');

#
# Dumping data for table 'externalDB'
#

INSERT INTO externalDB (externalDBId, db_name, release) VALUES (1, 'swissprot', 23);
INSERT INTO externalDB (externalDBId, db_name, release) VALUES (2, 'embl', 2);


