



INSERT into genomic_align_block (align_id,align_start,align_end,align_row,raw_id,raw_start,raw_end,raw_strand) VALUES (1,1,10,1,'AC021078.00006',1,10,1);
INSERT into genomic_align_block (align_id,align_start,align_end,align_row,raw_id,raw_start,raw_end,raw_strand) VALUES (1,15,20,1,'AC021078.00006',25,30,1);
INSERT into genomic_align_block (align_id,align_start,align_end,align_row,raw_id,raw_start,raw_end,raw_strand) VALUES (1,1,20,2,'AC021078.00007',1,20,1);




#
# Dumping data for table 'clone'
#

INSERT INTO clone (id, internal_id,embl_id, version, embl_version, htg_phase, created, modified, stored) VALUES ('AC021078',1,'AC021078',3,1,1,'2000-01-19 13:19:00','2000-03-07 16:13:03','2000-04-19 13:43:38');
INSERT INTO clone (id, internal_id,embl_id, version, embl_version, htg_phase, created, modified, stored) VALUES ('AP000609',2,'AP000609',3,1,1,'1999-10-23 22:05:52','2000-03-07 16:13:03','2000-04-19 13:44:00');

#
# Dumping data for table 'contig'
#

INSERT INTO contig (id, internal_id, clone, length, corder, offset, dna, chromosomeId, international_id) VALUES ('AC021078.00006',1,1,1222,5301,6,1,5,'international-dummy-id');
INSERT INTO contig (id, internal_id, clone, length, corder, offset, dna, chromosomeId, international_id) VALUES ('AC021078.00007',2,1,1059,6523,7,2,5,'international-dummy-id');
INSERT INTO contig (id, internal_id, clone, length, corder, offset, dna, chromosomeId, international_id) VALUES ('AC021078.00008',3,1,1141,7582,8,3,5,'international-dummy-id');
INSERT INTO contig (id, internal_id, clone, length, corder, offset, dna, chromosomeId, international_id) VALUES ('AC021078.00017',4,1,1055,18389,17,4,5,'international-dummy-id');
INSERT INTO contig (id, internal_id, clone, length, corder, offset, dna, chromosomeId, international_id) VALUES ('AC021078.00015',5,1,1093,16247,15,5,5,'international-dummy-id');
INSERT INTO contig (id, internal_id, clone, length, corder, offset, dna, chromosomeId, international_id) VALUES ('AC021078.00016',6,1,1049,17340,16,6,5,'international-dummy-id');
INSERT INTO contig (id, internal_id, clone, length, corder, offset, dna, chromosomeId, international_id) VALUES ('AC021078.00048',7,1,1685,58690,48,7,5,'international-dummy-id');
INSERT INTO contig (id, internal_id, clone, length, corder, offset, dna, chromosomeId, international_id) VALUES ('AC021078.00045',8,1,1862,54669,45,8,5,'international-dummy-id');
INSERT INTO contig (id, internal_id, clone, length, corder, offset, dna, chromosomeId, international_id) VALUES ('AC021078.00078',9,1,1830,130938,78,9,5,'international-dummy-id');
INSERT INTO contig (id, internal_id, clone, length, corder, offset, dna, chromosomeId, international_id) VALUES ('AC021078.00069',10,1,2013,98405,69,10,5,'international-dummy-id');



#
# Dumping data for table 'dna'
#

INSERT INTO dna (sequence, created, id) VALUES ('TCCGATCCGCCTTACTAATTGCCGGATGCGGAGTGAACGCCTTATTCAGGTCTACCGATCCGGCACCAATGTAGGCCTGATAAGACGCGCCAGCGTCGCATCAGGCATACATGCACCAATTGCCGGATGCGGCGTAAACGCCTTATCCGGCCTACGGTTCGGACTATTTGTAGGCACGATAAGACGCGACAGCGTCGCATCAGGCATCATGCACCAATTGCCGGATGCGGCGTAAACGCCTTATCCGGCCTACGGTTCGGACTATTTGTAGGCACGATAAGACGCGACAGCGTCGCATCGGGCATGGTTTGCCAGATACGTCATAGATCTAAATGCCACTGAATAACAGTTTAGTTGCCGTTCTTCCCGCCTGTCAGGGGCGGGTTTTTTTATATCTCAGATAAATGCAAACGCATCGCCAAACAGGCGATCTTCCCGCGCATTACGCTCACTGCAAAACAGATCGCGGGCAATTTTCGCCATCTCAAAACGTCCGGCAATATAGATATCATGCTCTGCCAGCGTACCGTGATCCTGCAATACCGCCGTTAACACGGTGCCAGTACGCCCACGCCAGCCCGCTTCCGGTTGTTCAAACACCGGCACCACTTGCAGACCAGGATGCTTCAACGAAAGCGCCTCAAGCTCGCAGAGATCATACAGATGCTGCTCTTCACGCCCGCCCCAGTACATGGTGATATCACGGTTTGGGTTACGCGCCACCGCTGTCGCCAAATCGAGCGGGCATAAGAAACCCGTGGCCGCCCCGCATCACACTATCGGACGCTCTTATCATCGCGCACCCCGCTCTCCGTGGGGATGTTGACACGATTGGAGACTTGAGGATCGGCCAGATGCTTCGCGTAGGTGTTCCCAGCCCATTCGGTCATACCCTTTCACGGGTCACCTTGAAGGCTTGTGGCCCCATCAACCCACTTGCCCGAACACGGGTTGGAACGGACATTGACGAAGACAGGCATACCAGGCTGCTTGAAAAGACCCTGCCTGATCTGGTGTCTTCTTCCCTTTCCTAAATCTNTGNCACACCTACAGCCAGCACACACAGCACACTACAAACACACAAGCTACGACCACAGTAGAGAAAGCAAAACGAGACACCTAGAGAACGAGCAGTAGCATAGTGACGACTACATCAGACNGCAAACACACCACCACCAAGAACAGCAGACGACAAAACAGGAACAGCTAAGTCACGACGCAC','2000-01-17 21:20:18',1);
INSERT INTO dna (sequence, created, id) VALUES ('ATGACTGCACGGATCCGATAAAAAAGATGTGTAGGGGAAAGACTAGAAGCCCTGCCATGAAAAGTTCACCATTGCACTTGCTTACCTCCCTCCACTGCCACCCTTTGGGCAGGGGAATCTGGAGAGTGACTACTAGCCAGGACCACACAACACAACCAATAACCATAGCCTCCTTCTCTGTGTATAAGCCCCCCTTTTGACTTTCTGCAGAAGGACTAAATAGGGTTTGAAGCTTAGCATTTCCCACTGCTGTAGGGCTGGAATAAACAAGCATAGAAATAGCTAAACCATGCTTCTGGGGTCAGCTAGGCAAGAAAACCATAGAGTCTTGCCCAGTTTTCCTGGCTTGGTGCCTGAGGTGTGACTACAGTGAAATCTGCCAGTGGAACAGCCAACCAGGTTGTACATGCCATGTATCCAGTGGGATCTTTCTGCCTGTGTCAGCAACAGATCTCTCACTTCAAACACATTTTATGATCTATCTTAAAGAGTGCTTGTTCTAATGTTGGTTCATCTATCCATACCACAACCCCTCTACAAATTTCAACCAAAGCTTTATGTAGGGGGCAGTGATGAACAGGCCTTATTTCATCGATTCTGAGGATAGAGAGAGAGACTCAACCCTGCACTGCCTGAACTAAGCAGGAGAGCCACACAGCAGCGACTGACAGGTTGGCCACTTGAACCTGTAGGAGAAGACTGTTGTACGTTGGCTGGAATCAAGGCACTCTAATGGGTGTCTGTCTAAAGCTATTTGCCTAATAACTTGTGAAAGACTAATTGATCCTAGTCATTATTTCCTATCGGAAACACCAAGTTAACAACTATTGTCCAGTCATTTAACAGGGTGAACACCAAGGAGTCATCACCCAACAACACTGATAAATTCCCACAAAGCTATTTTACCCTGTGTTAAGAGAAATGGCCACAAACTAATGTACCCAGGGGGCTTACCTATCCGATGGATCAATACCAGTTTTTCAATGGTGCCGGCAGGCACAAATCCTCCGTTGGGACCTCCTGAGACGCGGGTTTTGTCACTTAAACCTGGGGGTGGAA','2000-01-17 21:20:18',2);
INSERT INTO dna (sequence, created, id) VALUES ('CATAGCCTGTACGCATCTATTTCGTGGTCGAGTGTTGTGGCTGTTGCTTGCATAATCTTTTCTTATTTTTTGGCTAACGAATAGCCATATTACGCACAGCAAAAGTGATATTTCAATGTGTAACAAATCGCGGAAATGGTCAAAAATCAGGCAAAAAGGGGATAATGTTTAGGCCAGTGATTTTTCTTCTATGAAATGCTTCACATAATTTTATAAATAGTGGATAAAACTGGTTTCAGGTTAAATAAAAGTTACCAACTGGATTTATATGCTGGGGTTATGAGTTGGAATGAAATTGTTTGCTCCCAAATAGATGGCTGAAGAGGCTCTGGGGACGAGTTTCAAGAGGTTATGTGCGCATTATAGCCGGATGCGATGCTGGCGCATCTTATCCGGCCTACGGGGAGCCAGGCCGAATAAAATCGTATGCCGGATAAGGCGTTTACGCCGCATCCGGCCTATTTTAAGGCTGCGTTTTCCCCGGCATTCGCGGGTCGTCTTTATATTCGGCGGTGGCAATCCACGCCGCGCAAAACAGCGTCAAACGGGCGAAGAAGTAGAAAAATGCCATCAGCCCCAGCACGGAACCAAATGCTGCGCCAGAGGGGGATTTCATCAACGATGGCAGGGTGTAGGTCATCACGATTTTAATCACTTCAAAACCAATAGCAGCCAGAAATGTTCCGCGAATCAGGGCTTTATTGCGCGGACGGTGGCGCTGGAAACGCCAGAAGATTCCGAAGACAAGCCATTGTTGGCGAAGATTTGAATGGCAGGTCATTAATCGCAAGTTGGTTCAACCTCATGCTGTCAGTGTCGGACCATAATATTGCTGGCGACCGGACCGGTGACAAGGTCATTGCATCACACATTGAATATTGGAATTTTCAAATTCAATGGGAGTCAATGCAGGAATTTCGTCCACTTCGAAGCGGGACCAACTATGGAGTAGGCGATCATTCCTTTTACCCATATTAATTTCTTTGCCCACATATAACGCTGCAACTCACCACCACAAACCTGTCATCCATCAGCCACTACCAACACATCCGTAACTAACAGCGATGAAACCCAGCTCTGTAAACGCCAACCACACTCATCCTGCGCCAACTTGTCCTACTTCTACCATCTTCTCACTCTC','2000-01-17 21:20:18',3);
INSERT INTO dna (sequence, created, id) VALUES ('GCACGGATCCTTTAGTTTTGGTTCGTTCAGCAGTATCTGCTTCTGCAAGGTAGGCACACGTGGGCTAGTAGCATAGAGTTTTTTTGCCTTACAAATTTGGACTCTATCAGAGAGTAACCTAAATTATTCTTTGTTTTAAGATGTGTATGTGTTCTGTAAAGAGGCAGCCAGGAATGTGTAGGGGTAGGTCTGCTGGATGGAGAGTGATATTTTGTTATGATTCTGTGTGTTCAAAGAGGAGTCTGAGAATAAGACATCTTCTGTTATAACAGATTAAATTAAGTGGAGGAGTCATCTCTTTACATCTCTAGTATTTTAGGTTATGTTCTTACTTTCTCTTTCTCGATATAATATCCTTAGCCCTAAACCAGGAAAAGTAGAAGAGCATATAAATTTATTGTAGATTCCTAAGGGGTTTCTAGGGAGTTCTGATCTGTGGGCCACCCAAAGCATAAGAAGCTTCCACTCCAAGTAGATATTAATAAACTTTTATTTTTAGATTTTGCTTTTATAATATCTGTAGCACAACGTCAATCTTAGTGGAATAGACCAGTATTTCCCTAATATTGAAGTTTTTAGATATTGATTTTTTAGATAGTTTATATCCAGTCTCCATGAGTTCTACTATGCAATGCCATGTAATCAACTTTCTAGCAATGTTCTCAATGTAATGCCATCTGAAGCCCTTTTACTACATTATCTTTTTACAGAAAATATTCTTTGAGAACTTATACATGTGATTAATTAAGTTATCTGATAAGTTTGAGTTTTTATGTTATGAAGATAGGGATCACTTTGATCGGAAACATCAGTTAGAGATACTAAAAAGCTCCTACAATCTGACTTTTTAACTATTTGACGTTACTACTATTGACGGCGTCAGACATATATGCAATTGAATAACTCATACAAAGCTTATCACACTGGTCTTTGCTGCAATTTTGCCAGGGTGTTGCCTGGCTTTAGGACACTCTCCATACTACCCTGCATCACTGGTTGCAGTGGTGGGTGGTGGGTACCACATGTGACGTCCAGCTGCTAGCTGCAGCCAGCCG','2000-01-17 21:20:18',4);
INSERT INTO dna (sequence, created, id) VALUES ('AATCAGCTCGGTACCTCATACGCCTGAAGTGCAGGCATACGCATCGCCCGGGTGACTGCGCCAGTAAATAACAAAATATCGGCGTGACGCGGTGATGAAACAACCTTAATGCCAAAACGTTCTGCGTCGAATACTGGTGTAATGGCAGCAAAAATTTCGATTTCACAGGCGTTGCAGCCGCCGCAATCGACGCGATAAACGTAAGCCGAGCGACGGATATCCTGTAGCAAATGCCGCTTCATCTTTTGCGTTTGCTCGTCCAGCGTGATGGGCTGGCTGACATGTTGTGTAAGCACTGGACTCATAGCTGCTCCTTAGCCACCAGCAGTACATCTGTATCGTCGTTGATCAGCGTCGCGCGTTGTTTGCATTCCGGGCAGACGCTCGCTTGCGCCCACAACATTTCGCGGTTTTGTGGCGCATTTTGTTGCTGTGCTAACAATTCAGCAGCCAGTGCGATGGTTTTTTGCGGGGCAAACGGGCGTTCGCAACGGCTGCAACGTTGTAGATGGAACGTCGCGCGGGTATAGAGATCGGCTTTATTGGTGACGGTCAGTTCAAAGTTATTGGTAAGCTGGATGGCTCTGGTCGGGCACACTTCTTCACAACGTCCGCAGTAAATACAACGCCCCAGATAGAGCTGCCAGGTGCGCGAATTTTGCTGGTCGTCGGTCTGGATAGTCAGCGCATTTGCCGGACAAGCACAGGCGCCGGCACCGCAGGCAATACATTGGCTGGGCATCCAGGTCCGTTATCCGCGAAAAGCCAGGACTGACTCCAGTGGCGCGAAGGATTTTCACGGCGCGGTCCGCCCCCTAGTAGTTCAGACTTCGCTTTTCGCCTATTAAGGCGACGTCCACCATGCCAGTCGACCTTATCGCCCGTTGACGGGTGACATCTACCGTAGGCGGAAGATACAGACGGACCAAAGGGCTCAAGTCCCCATACACGGCAGGTTGGCCGCGCATGGTACACACGTTGGCACCGTTTTCTCCTGTGGATTCCCCCTCCCTTCTCNTTTTTCACAACAGACGAGTGGAGCAACCTAGCAACAGGAACACAAGAAGAAAAGCAGCGACCAAAAAAACCGACA','2000-01-17 21:20:18',5);
INSERT INTO dna (sequence, created, id) VALUES ('TTTGGGAGGTGGAGGTATAAAAATGTTTCAGCAAAATTCGGAAGCATTGATTTATAAAAAATAANNGCTTTTNNNCAGGGNANAANGNCTNNNCCCGGGAGGGCATNNTNCGGGANTNANGATTNCACCGGGGAATTNNCTGCTAAATTAGAAACATTACACCGAAATGTCTGATTTTCCTTAAAAAAAAAGAAAAAAGAGCCTTTTGTTGAGTTTCATTTATAAAGTGTATGAAAAATTTTACTAAGTCCTACCAGATCCCAGCTTTTAAGAGTTGCTATCTAATCAGTGAAAACATATTAGGCTAGCTAGTAAAAAAAATGCCATAGTCTTTGAGCTTAACCATATCTTTCTGATTATGGTTAAGTGAAAAATTTAGCCTGGCTCAGAGCATGACCCAGGGTTAACTGGGGAGTCTTAACTTTAGGTCCATATAGCTTCTATGGGAGAATCTGTATCTGATCACTAGGGGCTGTAGGTGTCCTGTGTTTTATTACATAGTTAAGCTACAGTTTGGTAGTGATGGGCGGGCGCGGAGCCACTCGCCAGATGATTACCCTGCTCAAAGGGTGGCCGTGGCGGTCGGTACTCCAGTGGACGGGTGAAAGTTTCCTGCCAGTCCTTTCTAGGTTGTTTCCCGAGTACACATCTATTTTAATCTTGTTAATGCAGGGCGAGGAGGCGCTAGTCATTAACCTGCATCACTTGTGGCAGTGGCTTGTGTTACACAAGTTCACTGGTGGAGGTGGAAGCGGAGTGCCTTGTAGGCTCCTAAGCTCACCTGCAGGGCTCTTGTGGGTTTCACCGACACTTTTTTTTTTTTGGAAGTGATTGGAAACGGCTGTGGGTTGTCACCACGACAGGTGGTTAGGATGCTTTCTTCCTTAGTTATAACTGCTTCTGTGTGCTCCTACCAATCTCGTGCCTTAGTGAGGTATTTTGAGACTTGGAACTGAGGGACGTATAGTGTTAGCCACTGACTTTTTAAATTCTTTGAGTTATTAGTTGTTATGGATTTTGAATTCCGCGGTTCAACTTGTTGCTTAGGC','2000-01-17 21:20:18',6);
INSERT INTO dna (sequence, created, id) VALUES ('CTGGTGGATAGCATTTGTCGCCATTTCCCCGGCAGCGAGTTTCTTACTGGCGGTGATTTAGGCTTAACGCCAGGACTGAATCAACCGCGCGTTACCCAGCGTGTGGAACAGGTGCTGGCTGATGCATTTCACGCACAGGCTGCGGCGCTGGTGCAGGGCGCGGGGACTGGCGCGATTCGCGCCGGGCTGGCGGCTTTGCTCAAACCGGGGCAGCGTCTTCTGGTGCATGACGCGCCTGTTTACCCGACGACACGGGTTATTATTGAGCAGATGGGGCTGACGCTTATTACTGTTGATTTCAATGACCTGTCGGCACTGAAGCAGGTCGTCGACGAGCAACAACCGGATGCGGCGCTGGTGCAGCATACGCGCCAGCAGCCGCAGGACAGCTACGTGCTGGCAGATGTGCTGGCAACGTTGCGCGCGGCAGGTGTTCCAGCGTTAACCGATGACAACTATGCGGTGACTGACAGGTGCGCTCGAATCGGCTGTGAATGCGGCGCGAATGTCTCGACATTTTCCTGCTTCAAGCTATTTGGGCCAGAGGGTGTTGGTGCAGTGGGCCGGGCGATGCTGATGTTATCAACCGTATTCGCGCCACGCTTTACTCCGGCGGTAGCCAGATCCCAGGGCGCACAGGCGCTGGAAGTATTGCGTGGTCTGGTGTTTGCGCCAGTGATGCACGCGGTGCAGGCAGGGGTATCTGAACGGTTGCTGGCTTTGCTTAACGGTGGTGCGGTGCCGGAAGTGAAAAGCGCGGTGATTGCTAATGCGCAGTCGAAGGTGTTGATTGTCGAGTTTCATCAGCCGATTGCCGCCAGAGTGCTGGAAGAGGCGCAAAAGCGCGGTGCCTTGCCTTACCCGGTGGGTGCAGAGTCGAAATATGAAATCCCGCCGCTCTTTTATCGCCTTTCCGGAACGTTTCGCCAGGCGAATCCACAATCAGAACATTGTGCGATTCGCATTAACCCGAATCGCAGCGGTGAAGAGACGGTGCTGCGGATTTTGCGTGAGAGTATTGCCAGTATTTAATGCTGGATAGCACCGTCAAGCTAAATTCCGTACTGAACGGTCCCCTCGCCCCTTTGGGGAGAGGGTTAGGGTGAGGGGAACGTACGGGATGTAAAATTCAACGCGCCAGCATCGCCGGATGCGATGCTGGCGCATCTTATCCGGCCTACGGTTAATGTCTTTTATTATCAATAGTTAAGGTGATGCGATTGGCGCGGCAGAAGAGTTCGGAGACGTGCACCGGTTTGTCATTCTGATCAAAGGCGATTTTGCTGATGCGAAACAACGGTTCGCCCAGTTCGCATTTCAGCCATTTTGCCTGCGGGCGGGTGGCGGCAAAGATATCGATGGTCTTTTTGTCGCTGACCACTCGCGTGTCAAAACGCTCCTGAAATAACTGATAGGTGGAGCTTCCTTCGACGTAAATCTCATCAAAGTCAGGATAACGCGACAGCGGGATCCATGAACTATCAATAAACAGCGGCTCTTTATCGAGATACATCACCCGGCAGAGATGGAACACTTCGCTGTTTCCGGGGATGTTCAGCTTTTCGCAAAACGGCGCGGCGCTGACCCGTTCCTGTTCGATCACTTTCCTCTTCGGTCGCCTTGCTTGTGAAACGCCAAATCGGTAAACCCTTGAAGTAACACGGGGTTTCACCTTCTGGGTTGTC','2000-01-17 21:20:18',7);
INSERT INTO dna (sequence, created, id) VALUES ('CGGATGCAGCAGCTGCTGCTGTATGTGACTCTAAGGATCCCGTACGCTGAACTGGATGCGTTATACCGCCGGGTTACGACCAAAATCGCGGGTAAAACGCTGGACTTGTCGATTCCCTTACCCCAGGGGCGCGTTATCAGGCCTGGACGCGTAAAGAGCCGGTTGGCGTAGTGGCGGGAATTGTGCCATGGAACTTTCCGTTGATGATTGGTATGTGGAAGGTGATGCCAGCACTGGCAGCAGGCTGTTCAATCGTGATTAAGCCTTCGGAAACCACGCCACTGACGATGTTGCGCGTGGCGGAACTGGCCAGCGAGGCTGGTATCCCTGATGGCGTTTTTAATGTCGTCACCGGGTCAGGTGCTGTATGCGGCGCGGCCCTGACGTCACATCCTCATGTTGCGAAAATCAGTTTTACCGGTTCAACCGCGACGGGAAAAGGTATTGCCAGAACTGCTGCTGATCACTTAACGCGTGTAACGCTGGAACTGGGCGGTAAAAACCCGGCAATTGTATTAAAAGATGCTGATCCGCAATGGGTTATTGAAGGCTTGATGACCGGAAGCTTCCTGAATCAAGGGCAAGTATGCGCCGCCAGTTCGCGAATTTATATTGAAGCGCCGTTGTTTGACACGCTGGTTAGTGGATTTGAGCAGGCGGTAAAATCGTTGCAAGTGGGACCGGGGATGTCACCTGTTGCACAGATTAANCCTTTGGTTTCTCGTGCGCACTGGGACAAAGTGTGTTCATTCCTCGACGATGCGCAGGCACAGCAAGCAGAGCTGATTCGCGGGTCGAATGGACCAGCCGGAGAGGGGTATTATGTTGCGCCAACGCTGGTGGTAAATCCCGATGCTAAATTGCGCTTAACTCGTGAAGAGGTGTTTGGTCCGGTGGTAAACCTGGTGCGAGTAGCGGATGGAGAAGAGGCGTTACAACTGGCAAACGACACGGAATATGGCTTAACTGCCAGTGTCTGGACGCAAAATCTCTCCCAGGCTCTGGAATATAGCGATCGCTTACAGGCAGGGACGGTGTGGGTAAACAGCCATACCTTAATTGACGCTAACTTACCGTTTGGTGGGATGAAGCAGTCAGGAACGGGCCGTGATTTTGGCCCCGACTGGCTGGACGGTTGGTGTGAAACTAAGTCGGTGTGTGTACGGTATTAATCTGGTTCGCTCATAAGTAAAAAACGGCACCTGGTGCCGTTTTTTTGTCTGAAACAATCACTTATCTTTCTTCAGCGCCCCTAGCGTTGGCGTTTCGTCAAAGAAGTTCCATGGTTTCAGCAGAGTATGTACCCATTCGGTCGGCATAATCGGCCACTCTTCGGCGCGGGCCACATGTGTGGTGCCGGTGGTCATCCAGACAACGGCGTCGGTGTTGTCCAGCGACTCGTTATCCTTACTGTATTGTCCAAGACCGGTGTCATGGAGTAGAAACGGTTCGGATATTTGCCTTCCGGGAAACGCTCGCCAGGATGATAACGCGTTACCCAGAGCTGCTTGTCCATAAAGCTTAAACGATGATAGATCCACTCGTCCGGCGCGAACTGGGCACCTTTTGCTACCGGGTGAGTACCACCTGCATAAGGAATAATTTGATAGGAAACCGGATTGCCCATGCGGTTCTCTTTGTTCGGGTTACTCAACAGACGAATCGTGCCCGGATCAAATTTCTGTGCGGCATCCTGTTCATTGCCGATGTTGTACTGATTAACTTGCATGGTACTGGTGCGTGGGCCACCGGCAGTATTCGGTTTACCACTGGGTCCATCGCCACAGGCTGTTATCTCGGCATCTAATCCACAATCGAGGGGAGATTTAACTCTGTTCGCGTGTAATACCCCCGACAATGTG','2000-01-17 21:20:18',8);
INSERT INTO dna (sequence, created, id) VALUES ('CACTTGTCGTATGAATCCGGTATTGGCGCTCCGGACGGGCAGTTCGGGGGGAACGAGCTCTCTGCCCTGCAAGGTGCGTTCGTCCATCTCCGTTCAGTGTATCCATCTGCGAGTGCATAGTGTTTGCGCCTCGCAACCCGTTGGGTGTTTGGCGGTCTGGATACCGGGTTTGCGGCTGGGACGGTTCTGGTGTGCGCTCGTGGGTGCAACCTGGGGGTTTCGCCAGGATACAAATATGACCAGACGGGAAACGCCTCCACAGTCAAGTGCGACGTAAAAAGAGTAGCACGACTGGGGGGCGGTGCCATAGGTTTTTCGCCTGCTTCGCGGCCAAAAATCGGAACCAGGCCAAAAGCAGGCCAAAAGCACTCTAGAACAAACCAGCGAATACCCCAGTAACAGAGGTATTCCGATAATCCGCCAAAGTGAGTGCAGTATCCGCACGCCGCTGCCGTTCGTCCGTGCGCTGCGTGACTGAGTGCGTGGTTGCGGTTGTGCGCCCTTATCGCTTTCCGCCACACCCCGCGCGAAGGCCGTAACTAATTAGCTGCAGGCTCGTCTGGAAACCCGTCAGGTTTGCGGGCTGAGTGCGCTTCGCTTAATTAGAGTGAATGCACTCACTAATGGCTCCCCTGGCAAATCTCAAATAGCAACCGGCACGATAGAAGAGAGGTTAAGAGTGCGGTATTCTTAAACTCTCTGGTTTCTGCATAGTCCTAGTAATCGTTAACGTGCACGGATCCCCCGAGGACCCTGACAGTAATACTGTCCGTCGTATACGTGAGGGTCCGAGGACCCTGTCATTATTACTGTCCGTCGTATCGTGAGGGTCCGAGGACCCTGTCATTATTACTGTCCGTCGTATCGGGGTACCACATGTGACGTCCAGCTGGCTAGCTTGCAAGGCTCAGGCCGACGAAAATCTTCGACGAGTCAGGGTTTTCCCAGGCGAATCCCTTCAATTACGCCAAGCTGCTCTACCCCCAAACGCCTGCAGGCGATTATGCGTTGTGGCCCGCTCCGTACGCCCAACCCTTCTGAAGCGCTGCCAGTTAGGCGTTAGGCGCCAGTAGCGGATAAAACACCAATCGCTACAGAGCGGATAAACTCTCCGCTATAGGAGCTCACACTGATCTTACAGCACAGTAGCCGCTATGAATTGCCTGCCCCGTCTCCCGCCTTCTCCCGCAGTCGCGCCCAGTCGGGCAAGACAGCACCCGGCTACCGCAATCTGTCTTGCAGAGTCCGACACCGGGTGCAGCTAGAGACTGTGGAAAACTCCGACTACTCCGTTTCGCGCGTGTCGTTTGGGCCACGAGTATCGCCATAAAAATATGGAATTAGACTAGTATTATTAGGAAACAATGTCGACTGGAGGCTCAAAACGGGGTTTAGAGCGCGGTTCCCCATAAAGAAATAGAAACATTTATCTAACTTTATAGATACCGCACTAGTGTCTTATTCCCAGTATTTAGCAACTTATTATAAGTTTTTGGTTGTGATAGTGATAACTTCTAAACCGAGACGCCCAATAACCCAAAAAAGCGGCTAAAAGCCAACCAGAAAAAGCACTCCCTGTTTCGCAGGAGTTTGATTTGTAGCAGTGTACGCAGGGAGCCTTAGGATCTAGTTAGGAAATTCTGGGTGTACCAGTTTATACGCCGTGTTGAACCTAGCATCCGAATTGACAGTGAGGTCGTATACCATGTGCCGGTTTCCGGCGGTATTTACTGGTGGGAGACCGCGTGCAACGGACCTTTACGGGGCTGTTAGCCAATTCGCGTCAACGGAAAACGCATCCCACGAACACNTGTACTCGAGCGGCGTGTG','2000-01-17 21:20:18',9);
INSERT INTO dna (sequence, created, id) VALUES ('GCATAGGGACCCGTCGTGATAACTGAACACAAGTTAATGATGAAAGTTATGAAGACACTCATTCTTGACAGCAAAAATCCCTGGTGAACAGTGACAGATCATGAGAAAACCAAGACTTAATGATATTTTAGGTACAGCTTAAATATACTTTAAAACAAAATGATCTAGCCAGGTGCGGTGGCTCACGCCTGTAATCCCAGCACTTTGGGAGGCCGAGGCAGGTGGATCACTTGAGGTCAGGAGTTCGAGACCAGCCTGACCAATATGGTGAAACCTCATCTCTACTAAAAAAAATTAGCCAGGCATGGTGGTATATGCCTGTAGTCCTAGCTACTCAGGAGGCTGAGGCAGGAGAATCACTTGAACCTGGGAAGTGGAGGTTGCAGTGAGTCAAGATCACGCCATTGCATCCCAGCCTGGGCAACAGAGAAAGACTGCATCTCAAAAAAAAAAAAAAAAAAAAAAAAAGATCTAGGTCCAGAAATGACTAAAGCCAAGGATCCTTGATCCCTGGGCCACTGACCGGTATCCAGTATAGAAGCGAAGTGAAGCTTCATCTGTATTTACAGCCACTCCCCAAAGCTGGCATTACCGCCTGAGCTCAGCCTCCTGTCAGATCAACAGAATTAGATTCTCATAGGAACGCAAACCCTGCTGTGAACTGCACATCAGAGGGATCTAGGTTGTGCATTCCTTATGAGAATCTAATGCCTGACGATCTGTTACTGTCTCCCATGACCCCCAGATGGAAGCAGGTAGTTGCAGGAAAGCAAGCCCAGGGCTCCCATTGATTCTACATCAAGGTGAGTTGTATAATTATTTCATTATATGTTACAATGTAATAATAATAGAAATAAAGTGCACAATAAATGTAATGCACTTGAATCATCTCAAAATCATTCCCACCCCCACCCCACCCCCTACTTGCTCCAGTCTGTGGAAAAACTGTCTTCCACGAAACCTGTCCCTGGTGCCAAAAAGGCTGGGGACCACTGACTAAAGCCAAGGAATAACCCACATACTTTACATGGGTTCAAGCATTTACTCCGAAATGAGATACAAATTTATATATATATATATATATATATATATATATATATATATATATATATGTATATATATATATATATATATATATATATATGTATATATATATATATATATATTTTTTTTTTTTTTTTTTTTTGAGACAGAGGCTCGCTCTGTCACCCAGGCTGGAGTGCAGTGGCATGATCTCAGCTCACTGCAACCTCTGCCTCCCGGGCTCAAGCAATTCTCCTGACTCAGCCTCCCAAGTAGCTGGGACTACAGGCACACACCACCATGCTTGGCTAATTTTTGTATTTCAGTAGAGATGGGGTTTCACCATGTTGGCCAGCCTGGTTTCGAACTCCTGACCTCAGGTGATCCGCCCGTCTTGGCCTCCCAAAGTGCTGGGATTACAGGTGTGAACCACTGCGCCTGGCCACAAATTAATATATTTCCGAGCAGAGCTTTTCTATCACTGTCAATCCACAGATTCGAAGGGAGAATAAGAACACCCGTGAATCGTAAGCAGTCTAATTTAAGATATCAAATTGAGAGTTACCTTATACTTTATGTAAGGAGCTCTTCTAGGCTTGCTCTATTGAGGGCATAGAAGTGCCGAAGCAACGTTGATATGAAGTTAACAGCGAGTGGCCTCGTCCAGGTAGTCAAATGTAGAACTGATAGTGAGAGATGTAGTGAGAAGGGTCATGTATTGTGACCTTATGGACCATTAAGCGCGTGTATCAATAGCATTCTCNAGAAAGGAACTGGTAAGTTAGTGACACGTCCTAGCTAAACTCCCCGTGAAAGATTCAACGAGTGCTAAGTTTGCTATTAGTTAGGGACATAGGTGCTAGTAATAGCATTCCTTCCTTAACCAGTAGTAAGTTCCCAAGGCTTCTAATAGTACTTGGCTTAACCCCTAAGACCAATTCACTTTTAGCATATAGTCCTCAATCAAGGCCAGGTATTCACAGCAGACTC','2000-01-17 21:20:18',10);


